topic_id,global_index,local_index,is_selected_representative,cluster_size,papers_selected_from_cluster,title,authors,year,journal,doi,abstract,keywords,similarity_to_centroid,similarity_to_cluster_papers,diversity_score,representativeness_score,xai_alignment,symbolic_alignment,subsymbolic_alignment,representative_title,representative_authors,similarity_to_representative,is_similar_to_representative
0,69,24,True,1749,200,{CiwGAN and fiwGAN: Encoding information in acoustic data to model lexical learning with Generative Adversarial Networks},"Begu{\v{s}}, G",2021,Neural Networks,10.1016/j.neunet.2021.03.017,"How can deep neural networks encode information that corresponds to words in human speech into raw acoustic data? This paper proposes two neural network architectures for modeling unsupervised lexical learning from raw acoustic inputs: ciwGAN (Categorical InfoWaveGAN) and fiwGAN (Featural InfoWaveGAN). These combine Deep Convolutional GAN architecture for audio data (WaveGAN; Donahue et al., 2019) with the information theoretic extension of GAN – InfoGAN (Chen et al., 2016) – and propose a new latent space structure that can model featural learning simultaneously with a higher level classification and allows for a very low-dimension vector representation of lexical items. In addition to the Generator and Discriminator networks, the architectures introduce a network that learns to retrieve latent codes from generated audio outputs. Lexical learning is thus modeled as emergent from an architecture that forces a deep neural network to output data such that unique information is retrievable from its acoustic outputs. The networks trained on lexical items from the TIMIT corpus learn to encode unique information corresponding to lexical items in the form of categorical variables in their latent space. By manipulating these variables, the network outputs specific lexical items. The network occasionally outputs innovative lexical items that violate training data, but are linguistically interpretable and highly informative for cognitive modeling and neural network interpretability. Innovative outputs suggest that phonetic and phonological representations learned by the network can be productively recombined and directly paralleled to productivity in human speech: a fiwGAN network trained on suit and dark outputs innovative start, even though it never saw start or even a [st] sequence in the training data. We also argue that setting latent featural codes to values well beyond training range results in almost categorical generation of prototypical lexical items and reveals underlying values of each latent code. Probing deep neural networks trained on well understood dependencies in speech bears implications for latent space interpretability and understanding how deep neural networks learn meaningful representations, as well as potential for unsupervised text-to-speech generation in the GAN framework. {\textcopyright}2021 The Author","Acoustic word embedding,Acoustics,Artificial intelligence,Classification (of information),Deep neural networks,Encoding (symbols),Generative adversarial network,Generative adversarial networks,Human speech,Interpretability,Learn+,Lexical items,Lexical learning,Linguistics,Machine Learning,Natural Language Processing,Network architecture,Network coding,Neural network interpretability,Neural-networks,Speech,Speech Recognition Software,acoustics,article,artificial intelligence,automatic speech recognition,bear,deep neural network,embedding,human,human experiment,learning,machine learning,natural language processing,nonhuman,productivity,speech,theoretical study",0.5627781,0.32302722,0.3760994,0.4227691,0.125,0.08333333333333333,0.2222222222222222,,,,
0,97,39,True,1749,200,{Investigating the understandability of XAI methods for enhanced user experience: When Bayesian network users became detectives},"Butz, R and Schulz, R and Hommersom, A and van Eekelen, M",2022,Artificial Intelligence in Medicine,10.1016/j.artmed.2022.102438 LK - https://unimib.on.worldcat.org/atoztitles/link?sid=EMBASE&sid=EMBASE&issn=18732860&id=doi:10.1016%2Fj.artmed.2022.102438&atitle=Investigating+the+understandability+of+XAI+methods+for+enhanced+user+experience%3A+When+Bayesian+network+users+became+detectives&stitle=Artif.+Intell.+Med.&title=Artificial+Intelligence+in+Medicine&volume=134&issue=&spage=&epage=&aulast=Butz&aufirst=Raphaela&auinit=R.&aufull=Butz+R.&coden=AIMEE&isbn=&pages=-&date=2022&auinit1=R&auinitm=,"In the medical domain, the uptake of an AI tool crucially depends on whether clinicians are confident that they understand the tool. Bayesian networks are popular AI models in the medical domain, yet, explaining predictions from Bayesian networks to physicians and patients is non-trivial. Various explanation methods for Bayesian network inference have appeared in literature, focusing on different aspects of the underlying reasoning. While there has been a lot of technical research, there is little known about the actual user experience of such methods. In this paper, we present results of a study in which four different explanation approaches were evaluated through a survey by questioning a group of human participants on their perceived understanding in order to gain insights about their user experience.","Bayesian network,adult,article,human",0.46947515,0.26947254,0.4147476,0.42842948,0.125,0.08333333333333333,0.1111111111111111,,,,
0,114,46,True,1749,200,{Improving and evaluating complex question answering over knowledge bases by constructing strongly supervised data},"Cao, X and Zhao, Y S and Shen, B",2023,NEURAL COMPUTING & APPLICATIONS,10.1007/s00521-022-07965-0,"Complex question answering (CQA) is widely used in real-world tasks such as search engines and intelligent customer service. With the development of large-scale knowledge bases, CQA over knowledge bases has attracted considerable attention in recent years. However, there are many types of complex questions, and few works deeply focus on the performance analysis of models for different types of questions. Another major challenge is the lack of complete supervised labels due to the expense of manual labelling, decreasing model interpretability and increasing the difficulty of model training. In this paper, we constructed a dataset, named CoSuQue, which includes multiple types of complex questions and complete supervised labels that are easily obtained. Our work provides an in-depth analysis of the model's ability to answer different types of questions, contributing a comprehensive evaluation of the performance of CQA models. Based on the ability of the model to handle different types of questions, the model structure can be improved in a more targeted manner. The different types of complex questions and the complete supervised labels allow the inference process of the model to be investigated. Furthermore, we propose a novel training method that leverages the proposed dataset to improve the performance of the model on other publicly available datasets. Experiments on the Complex WebQuestions and WebQuestionsSP datasets demonstrate the effectiveness of our approach on the CQA task.",,0.56946504,0.32686543,0.34183443,0.39874208,0.125,0.08333333333333333,0.0,,,,
0,117,48,True,1749,200,{A modular architecture for transparent computation in recurrent neural networks},"Carmantini, G S and beim Graben, P and Desroches, M and Rodrigues, S",2017,Neural Networks,10.1016/j.neunet.2016.09.001 LK - https://unimib.on.worldcat.org/atoztitles/link?sid=EMBASE&sid=EMBASE&issn=18792782&id=doi:10.1016%2Fj.neunet.2016.09.001&atitle=A+modular+architecture+for+transparent+computation+in+recurrent+neural+networks&stitle=Neural+Netw.&title=Neural+Networks&volume=85&issue=&spage=85&epage=105&aulast=Carmantini&aufirst=Giovanni+S.&auinit=G.S.&aufull=Carmantini+G.S.&coden=NNETE&isbn=&pages=85-105&date=2017&auinit1=G&auinitm=S,"Computation is classically studied in terms of automata, formal languages and algorithms; yet, the relation between neural dynamics and symbolic representations and operations is still unclear in traditional eliminative connectionism. Therefore, we suggest a unique perspective on this central issue, to which we would like to refer as transparent connectionism, by proposing accounts of how symbolic computation can be implemented in neural substrates. In this study we first introduce a new model of dynamics on a symbolic space, the versatile shift, showing that it supports the real-time simulation of a range of automata. We then show that the G{\""{o}}delization of versatile shifts defines nonlinear dynamical automata, dynamical systems evolving on a vectorial space. Finally, we present a mapping between nonlinear dynamical automata and recurrent artificial neural networks. The mapping defines an architecture characterized by its granular modularity, where data, symbolic operations and their control are not only distinguishable in activation space, but also spatially localizable in the network itself, while maintaining a distributed encoding of symbolic representations. The resulting networks simulate automata in real-time and are programmed directly, in the absence of network training. To discuss the unique characteristics of the architecture and their consequences, we present two examples: (i) the design of a Central Pattern Generator from a finite-state locomotive controller, and (ii) the creation of a network simulating a system of interactive automata that supports the parsing of garden-path sentences as investigated in psycholinguistics experiments.","article,artificial neural network,central pattern generator,linguistics,mathematical model,nonlinear system,priority journal,recurrent neural network,simulation,symbolism",0.5277325,0.3029115,0.37412083,0.41252375,0.125,0.16666666666666666,0.2222222222222222,,,,
0,126,52,True,1749,200,{Pima Indians diabetes mellitus classification based on machine learning (ML) algorithms},"Chang, V and Bailey, J and Xu, Q A and Sun, Z",2023,Neural Computing and Applications,10.1007/s00521-022-07049-z,"This paper proposes an e-diagnosis system based on machine learning (ML) algorithms to be implemented on the Internet of Medical Things (IoMT) environment, particularly for diagnosing diabetes mellitus (type 2 diabetes). However, the ML applications tend to be mistrusted because of their inability to show the internal decision-making process, resulting in slow uptake by end-users within certain healthcare sectors. This research delineates the use of three interpretable supervised ML models: Na{\""{i}}ve Bayes classifier, random forest classifier, and J48 decision tree models to be trained and tested using the Pima Indians diabetes dataset in R programming language. The performance of each algorithm is analyzed to determine the one with the best accuracy, precision, sensitivity, and specificity. An assessment of the decision process is also made to improve the model. It can be concluded that a Na{\""{i}}ve Bayes model works well with a more fine-tuned selection of features for binary classification, while random forest works better with more features. {\textcopyright}2022, The Author(s), under exclusive licence to Springer-Verlag London Ltd., part of Springer Nature.","Bayesian networks,Classification (of information),Classifiers,Decision trees,Diabetes mellitus,Diabetes mellitus type 2,Diagnose system,Interpretable artificial intelligence,Machine learning,Machine learning algorithms,Machine-learning,On-machines,Pima Indian Diabetes,Random forests,The Internet of Medical Things (IoMT),The internet of medical thing,Type-2 diabetes",0.4252894,0.24411051,0.33026284,0.35401946,0.125,0.08333333333333333,0.1111111111111111,,,,
0,130,54,True,1749,200,{XCS with opponent modelling for concurrent reinforcement learners},"Chen, H and Wang, C and Huang, J and Kong, J and Deng, H",2020,Neurocomputing,10.1016/j.neucom.2020.02.118 LK - https://unimib.on.worldcat.org/atoztitles/link?sid=EMBASE&sid=EMBASE&issn=18728286&id=doi:10.1016%2Fj.neucom.2020.02.118&atitle=XCS+with+opponent+modelling+for+concurrent+reinforcement+learners&stitle=Neurocomputing&title=Neurocomputing&volume=399&issue=&spage=449&epage=466&aulast=Chen&aufirst=Hao&auinit=H.&aufull=Chen+H.&coden=NRCGE&isbn=&pages=449-466&date=2020&auinit1=H&auinitm=,"Reinforcement learning (RL) of optimal policies against an opponent agent also with learning capability is still challenging in Markov games. A variety of algorithms have been proposed for solving this problem such as the traditional Q-learning-based RL (QbRL) algorithms as well as the state-of-the-art neural-network-based RL (NNbRL) algorithms. However, the QbRL approaches have poor generalization capability for complex problems with non-stationary opponents, while the learned policies by NNbRL algorithms are lack of explainability and transparency. In this paper, we propose an algorithm X-OMQ($\lambda$) that integrates eXtended Classifier System (XCS) with opponent modelling for concurrent reinforcement learners in zero-sum Markov Games. The algorithm can learn general, accurate, and interpretable action selection rules and allow policy optimization using the genetic algorithm (GA). Besides, the X-OMQ($\lambda$) agent optimizes the established opponent's model while simultaneously learning to select actions in a goal-directed manner. In addition, we use the eligibility trace mechanism to further speed up the learning process. In the reinforcement component, not only the classifiers in the action set are updated, but other relevant classifiers are also updated in a certain proportion. We demonstrate the performance of the proposed algorithm in the hunter prey problem and two adversarial soccer scenarios where the opponent is allowed to learn with several benchmark QbRL and NNbRL algorithms. The results show that our method has similar learning performance with the NNbRL algorithms while our method requires no prior knowledge of the opponent or the environment. Moreover, the learned action selection rules are also interpretable while having generalization capability.","Q learning,article,artificial neural network,classifier,genetic algorithm,human,reinforcement learning (machine learning),soccer,velocity",0.42959327,0.24658084,0.39676738,0.40497386,0.375,0.16666666666666666,0.2222222222222222,,,,
0,142,58,True,1749,200,{An Interpretable Channelwise Attention Mechanism based on Asymmetric and Skewed Gaussian Distribution},"Chen, C and Li, B",2023,Pattern Recognition,10.1016/j.patcog.2023.109467,"Channelwise attention mechanisms have recently been demonstrated to boost the performance of deep convolutional neural networks (CNNs). The hypothesis on the negative correlation between channelwise responses and their importance levels has been verified. Therefore, according to the shifted means and unbalanced responses that are observed in attention distribution, two empirical hypotheses are proposed in this paper. Then, as an interpretable attention module, bilateral asymmetric skewed Gaussian attention (bi-SGA) is utilized to combine skewed and asymmetric properties into the Gaussian context transformer (GCT), which is the state-of-the-art. Finally, extensive experiments on the different benchmarks validate the rationality of the hypotheses. The proposed bi-SGA improves the overall performance of GCT attention mechanisms with only two extra parameters to be learned. Moreover, our attention mechanism also provides a perspective on analyzing the channelwise importance levels in deep neural networks in an interpretable and logical manner. {\textcopyright}2023 Elsevier Ltd","Asymmetric distribution,Attention mechanisms,Channelwise attention,Convolutional neural network,Convolutional neural networks,Deep neural networks,Gaussian distribution,Gaussians,Interpretable modeling,Mechanism-based,Negative correlation,Performance,Skewness distribution",0.51520944,0.29572344,0.4156772,0.44056025,0.125,0.08333333333333333,0.2222222222222222,,,,
0,156,65,True,1749,200,{Positional normalization-based mixed-image data augmentation and ensemble self-distillation algorithm},"Chen, W and Hu, Y and Peng, M and Zhu, B",2024,Expert Systems with Applications,10.1016/j.eswa.2024.124140,"The prior approach to data augmentation using positional normalization necessitated manual determination of weight parameters for blending two images. However, theoretically, these parameters cannot cater to all samples. We propose a novel data augmentation approach called pnMix (Positional normalization-based data mixing) based on data blending and positional normalization to address these issues. Moreover, we have improved the teacher model of an existing network structure based on self-distillation technology using an ensembling approach called ESKD. Our method enhances performance across multiple datasets and tasks. We outperform previous methods in complex real-world datasets such as imagenet-a and imagenet-o, which we believe are highly meaningful for practical applications. Specifically, we obtain good results on the CIFAR100 and Imagenet image classification datasets, the Pascal VOC and COCO object detection datasets, and the COCO and Cityscapes image segmentation datasets. Furthermore, we analyze the pnMix method's advantages compared to other data augmentation methods through visualization techniques, demonstrating its effectiveness and interpretability. Our source code and pre-trained models are available at https://github.com/sydney72380/pnMix. {\textcopyright}2024 Elsevier Ltd","Classification (of information),Data augmentation,Data ensemble,Data visualization,Distillation,Distillation algorithm,Image data,Image mixing,Image segmentation,Knowledge self-distillation,Mixing,Normalisation,Object detection,Positional normalization,Teacher models,Weight parameters",0.5673877,0.32567304,0.32295477,0.384063,0.125,0.08333333333333333,0.1111111111111111,,,,
0,194,78,True,1749,200,{Drifting explanations in continual learning},"Cossu, A and Spinnato, F and Guidotti, R and Bacciu, D",2024,Neurocomputing,10.1016/j.neucom.2024.127960 LK - https://unimib.on.worldcat.org/atoztitles/link?sid=EMBASE&sid=EMBASE&issn=18728286&id=doi:10.1016%2Fj.neucom.2024.127960&atitle=Drifting+explanations+in+continual+learning&stitle=Neurocomputing&title=Neurocomputing&volume=597&issue=&spage=&epage=&aulast=Cossu&aufirst=Andrea&auinit=A.&aufull=Cossu+A.&coden=NRCGE&isbn=&pages=-&date=2024&auinit1=A&auinitm=,"Continual Learning (CL) trains models on streams of data, with the aim of learning new information without forgetting previous knowledge. However, many of these models lack interpretability, making it difficult to understand or explain how they make decisions. This lack of interpretability becomes even more challenging given the non-stationary nature of the data streams in CL. Furthermore, CL strategies aimed at mitigating forgetting directly impact the learned representations. We study the behavior of different explanation methods in CL and propose CLEX (ContinuaL EXplanations), an evaluation protocol to robustly assess the change of explanations in Class-Incremental scenarios, where forgetting is pronounced. We observed that models with similar predictive accuracy do not generate similar explanations. Replay-based strategies, well-known to be some of the most effective ones in class-incremental scenarios, are able to generate explanations that are aligned to the ones of a model trained offline. On the contrary, naive fine-tuning often results in degenerate explanations that drift from the ones of an offline model. Finally, we discovered that even replay strategies do not always operate at best when applied to fully-trained recurrent models. Instead, randomized recurrent models (leveraging on an untrained recurrent component) clearly reduce the drift of the explanations. This discrepancy between fully-trained and randomized recurrent models, previously known only in the context of their predictive continual performance, is more general, including also continual explanations.","adult,article,female,human,learning,lifelong learning,recurrent neural network",0.57790846,0.33171186,0.25593066,0.33642513,0.125,0.08333333333333333,0.2222222222222222,,,,
0,212,86,True,1749,200,{Image-to-Image Translation With Disentangled Latent Vectors for Face Editing},"Dalva, Y and Pehlivan, H and Hatipoglu, O I and Moran, C and Dundar, A",2023,IEEE Transactions on Pattern Analysis and Machine Intelligence,10.1109/TPAMI.2023.3308102,"We propose an image-to-image translation framework for facial attribute editing with disentangled interpretable latent directions. Facial attribute editing task faces the challenges of targeted attribute editing with controllable strength and disentanglement in the representations of attributes to preserve the other attributes during edits. For this goal, inspired by the latent space factorization works of fixed pretrained GANs, we design the attribute editing by latent space factorization, and for each attribute, we learn a linear direction that is orthogonal to the others. We train these directions with orthogonality constraints and disentanglement losses. To project images to semantically organized latent spaces, we set an encoder-decoder architecture with attention-based skip connections. We extensively compare with previous image translation algorithms and editing with pretrained GAN works. Our extensive experiments show that our method significantly improves over the state-of-the-arts.","Decoding,Faces,Facial features,Generative adversarial networks,Image color analysis,Image reconstruction,Image translation,Task analysis,face attribute editing,generative adversarial net works,latent space manipulation",0.56923515,0.32673347,0.2691201,0.34414887,0.125,0.08333333333333333,0.1111111111111111,,,,
0,231,94,True,1749,200,{DeepSN-Net: Deep Semi-Smooth Newton Driven Network for Blind Image Restoration},"Deng, X and Zhang, C and Jiang, L and Xia, J and Xu, M",2025,IEEE transactions on pattern analysis and machine intelligence,10.1109/TPAMI.2024.3525089 LK - https://unimib.on.worldcat.org/atoztitles/link?sid=EMBASE&sid=EMBASE&issn=19393539&id=doi:10.1109%2FTPAMI.2024.3525089&atitle=DeepSN-Net%3A+Deep+Semi-Smooth+Newton+Driven+Network+for+Blind+Image+Restoration&stitle=IEEE+Trans+Pattern+Anal+Mach+Intell&title=IEEE+transactions+on+pattern+analysis+and+machine+intelligence&volume=47&issue=4&spage=2632&epage=2646&aulast=Deng&aufirst=Xin&auinit=X.&aufull=Deng+X.&coden=&isbn=&pages=2632-2646&date=2025&auinit1=X&auinitm=,"The deep unfolding network represents a promising research avenue in image restoration. However, most current deep unfolding methodologies are anchored in first-order optimization algorithms, which suffer from sluggish convergence speed and unsatisfactory learning efficiency. In this paper, to address this issue, we first formulate an improved second-order semi-smooth Newton (ISN) algorithm, transforming the original nonlinear equations into an optimization problem amenable to network implementation. After that, we propose an innovative network architecture based on the ISN algorithm for blind image restoration, namely DeepSN-Net. To the best of our knowledge, DeepSN-Net is the first successful endeavor to design a second-order deep unfolding network for image restoration, which fills the blank of this area. Furthermore, it offers several distinct advantages: 1) DeepSN-Net provides a unified framework to a variety of image restoration tasks in both synthetic and real-world contexts, without imposing constraints on the degradation conditions. 2) The network architecture is meticulously aligned with the ISN algorithm, ensuring that each module possesses robust physical interpretability. 3) The network exhibits high learning efficiency, superior restoration accuracy and good generalization ability across 11 datasets on three typical restoration tasks. The success of DeepSN-Net on image restoration may ignite many subsequent works centered around the second-order optimization algorithms, which is good for the community.","algorithm,article,blindness,controlled study,degradation,human,image reconstruction,learning,velocity",0.5198607,0.29839316,0.2826693,0.34196717,0.125,0.16666666666666666,0.1111111111111111,,,,
0,242,99,True,1749,200,{FMDNN: A Fuzzy-Guided Multigranular Deep Neural Network for Histopathological Image Classification},"Ding, W and Zhou, T and Huang, J and Jiang, S and Hou, T and Lin, C -T.",2024,IEEE Transactions on Fuzzy Systems,10.1109/TFUZZ.2024.3410929,"Histopathological image classification constitutes a pivotal task in computer-aided diagnostics. The precise identification and categorization of histopathological images are of paramount significance for early disease detection and treatment. In the diagnostic process of pathologists, a multitiered approach is typically employed to assess abnormalities in cell regions at different magnifications. However, feature extraction is often performed at a single granularity, overlooking the multigranular characteristics of cells. To address this issue, we propose the fuzzy-guided multigranularity deep neural network (FMDNN). Inspired by the multi-granular diagnostic approach of pathologists, we perform feature extraction on cell structures at coarse, medium, and fine granularity, enabling the model to fully harness the information in histopathological images. We incorporate the theory of fuzzy logic to address the challenge of redundant key information arising during multigranular feature extraction. Cell features are described from different perspectives using multiple fuzzy membership functions, which are fused to create universal fuzzy features. A fuzzy-guided cross-attention module guides universal fuzzy features toward multigranular features. We propagate these features through an encoder to all patch tokens, aiming to achieve enhanced classification accuracy and robustness. In experiments on multiple public datasets, our model exhibits a significant improvement in accuracy over commonly used classification methods for histopathological image classification and shows commendable interpretability.","Computational modeling,Computer architecture,Deep neural network,Feature extraction,Fuzzy logic,Image classification,Medical diagnostic imaging,Microprocessors,feature fusion,fuzzy logic,medical image classification,multigranularity",0.48055905,0.2758346,0.32553065,0.36428773,0.125,0.08333333333333333,0.2222222222222222,,,,
0,268,111,True,1749,200,{An efficient edge/cloud medical system for rapid detection of level of consciousness in emergency medicine based on explainable machine learning models},"El-Rashidy, N and Sedik, A and Siam, A I and Ali, Z H",2023,NEURAL COMPUTING & APPLICATIONS,10.1007/s00521-023-08258-w,"Emergency medicine (EM) is one of the attractive research fields in which researchers investigate their efforts to diagnose and treat unforeseen illnesses or injuries. There are many tests and observations are involved in EM. Detection of the level of consciousness is one of these observations, which can be detected using several methods. Among these methods, the automatic estimation of the Glasgow coma scale (GCS) is studied in this paper. The GCS is a medical score used to describe a patient's level of consciousness. This type of scoring system requires medical examination that may not be available with the shortage of the medical expert. Therefore, the automatic medical calculation for a patient's level of consciousness is highly needed. Artificial intelligence has been deployed in several applications and appears to have a high performance regarding providing automatic solutions. The main objective of this work is to introduce the edge/cloud system to improve the efficiency of the consciousness measurement through efficient local data processing. Moreover, an efficient machine learning (ML) model to predict the level of consciousness of a certain patient based on the patient's demographic, vital signs, and laboratory tests is proposed, as well as maintaining the explainability issue using Shapley additive explanations (SHAP) that provides natural language explanation in a form that helps the medical expert to understand the final prediction. The developed ML model is validated using vital signs and laboratory tests extracted from the MIMIC III dataset, and it achieves superior performance (mean absolute error (MAE) = 0.269, mean square error (MSE) = 0.625, R-2 score = 0.964). The resulting model is accurate, medically intuitive, and trustworthy.",,0.43606502,0.25029555,0.46770453,0.45979464,0.125,0.0,0.0,,,,
0,282,119,True,1749,200,{Modelling EMG driven wrist movements using a bio-inspired neural network},"Fang, Y and Yang, J and Zhou, D and Ju, Z",2022,Neurocomputing,10.1016/j.neucom.2021.10.104 LK - https://unimib.on.worldcat.org/atoztitles/link?sid=EMBASE&sid=EMBASE&issn=18728286&id=doi:10.1016%2Fj.neucom.2021.10.104&atitle=Modelling+EMG+driven+wrist+movements+using+a+bio-inspired+neural+network&stitle=Neurocomputing&title=Neurocomputing&volume=470&issue=&spage=89&epage=98&aulast=Fang&aufirst=Yinfeng&auinit=Y.&aufull=Fang+Y.&coden=NRCGE&isbn=&pages=89-98&date=2022&auinit1=Y&auinitm=,"The hidden pattern within the sEMG signal has wide applications in human-robot interaction. Decoding the patterns from sEMG signal tends to use black box models, which limits the further analysis of the mechanism of human musculoskeletal system. Therefore, a bio-inspired neural network (BNN) is proposed to model the information propagation procedures from nerve-related information (i.e. EMG signal) to muscle activation to joint activation to extremity movements. Instead of random parameter initialisation, the priori knowledge, such as muscle-electrode relationship, and muscles' functionality, are fully considered to initialise the parameters. Besides, an interpretability constraint error back propagation algorithm (ICBP) is proposed to fine-tune the model for movement prediction, without scarifying model's interpretability. An open sEMG database ISRMyo-I is utilised to verify the proposed methods for the classification of six wrist movements. With the only input of mean absolute value (MAV) feature, the proposed approach achieves an accuracy of >82%, which outperforms the support vector machine (78%), linear discriminant analysis (80%), k-nearest neighbors (78%), multi-layer perceptron (69%), random forest (74%), and convolutional neural network (74%).","algorithm,article,artificial neural network,back propagation,convolutional neural network,discriminant analysis,electromyogram,human,k nearest neighbor,movement (physiology),multilayer perceptron,random forest,support vector machine",0.4017741,0.23061301,0.3825941,0.38738912,0.125,0.16666666666666666,0.3333333333333333,,,,
0,288,122,True,1749,200,{Personalized conciliation of clinical guidelines for comorbid patients through multi-agent planning},"Fdez-Olivares, J and Onaindia, E and Castillo, L and Jord{\'{a}}n, J and C{\'{o}}zar, J",2019,Artificial Intelligence in Medicine,10.1016/j.artmed.2018.11.003 LK - https://unimib.on.worldcat.org/atoztitles/link?sid=EMBASE&sid=EMBASE&issn=18732860&id=doi:10.1016%2Fj.artmed.2018.11.003&atitle=Personalized+conciliation+of+clinical+guidelines+for+comorbid+patients+through+multi-agent+planning&stitle=Artif.+Intell.+Med.&title=Artificial+Intelligence+in+Medicine&volume=96&issue=&spage=167&epage=186&aulast=Fdez-Olivares&aufirst=Juan&auinit=J.&aufull=Fdez-Olivares+J.&coden=AIMEE&isbn=&pages=167-186&date=2019&auinit1=J&auinitm=,"The conciliation of multiple single-disease guidelines for comorbid patients entails solving potential clinical interactions, discovering synergies in the diagnosis and the recommendations, and managing clinical equipoise situations. Personalized conciliation of multiple guidelines considering additionally patient preferences brings some further difficulties. Recently, several works have explored distinct techniques to come up with an automated process for the conciliation of clinical guidelines for comorbid patients but very little attention has been put in integrating the patient preferences into this process. In this work, a Multi-Agent Planning (MAP) framework that extends previous work on single-disease temporal Hierarchical Task Networks (HTN) is proposed for the automated conciliation of clinical guidelines with patient-centered preferences. Each agent encapsulates a single-disease Computer Interpretable Guideline (CIG) formalized as an HTN domain and conciliates the decision procedures that encode the clinical recommendations of its CIG with the decision procedures of the other agents' CIGs. During conciliation, drug-related interactions, scheduling constraints as well as redundant actions and multiple support interactions are solved by an automated planning process. Moreover, the simultaneous application of the patient preferences in multiple diseases may potentially bring about contradictory clinical decisions and more interactions. As a final step, the most adequate personalized treatment plan according to the patient preferences is selected by a Multi-Criteria Decision Making (MCDM) process. The MAP approach is tested on a case study that builds upon a simplified representation of two real clinical guidelines for Diabetes Mellitus and Arterial Hypertension.","article,artificial intelligence,attitude,automation,clinical decision making,comorbidity,drug interaction,human,human computer interaction,information processing,knowledge,multi agent planning,multiple chronic conditions,patient care,patient preference,patient scheduling,personalized medicine,practice guideline,priority journal,qualitative preference,quantitative preference,shared decision making",0.4341681,0.24920675,0.43226767,0.43274277,0.125,0.25,0.1111111111111111,,,,
0,311,130,True,1749,200,{Change detection based on tensor RPCA for longitudinal retinal fundus images},"Fu, Y and Wang, Y and Zhong, Y and Fu, D and Peng, Q",2020,Neurocomputing,10.1016/j.neucom.2019.12.104 LK - https://unimib.on.worldcat.org/atoztitles/link?sid=EMBASE&sid=EMBASE&issn=18728286&id=doi:10.1016%2Fj.neucom.2019.12.104&atitle=Change+detection+based+on+tensor+RPCA+for+longitudinal+retinal+fundus+images&stitle=Neurocomputing&title=Neurocomputing&volume=387&issue=&spage=1&epage=12&aulast=Fu&aufirst=Yinghua&auinit=Y.&aufull=Fu+Y.&coden=NRCGE&isbn=&pages=1-12&date=2020&auinit1=Y&auinitm=,"Change detection of longitudinal fundus images is an important problem in computer aided diagnosis system (CAD). Detecting regions of change in multiple fundus images from the same eye is seldom developed in the literature due to the complication and interpretability. This paper presents a longitudinal change detection framework based on tensor robust principal component analysis (RPCA) for a long retinal fundus image serial. The proposed method chooses an image of the best condition in serial as the background, then models each image as a slice of tensor, utilizes total variation to constraint the temporal continuity of change regions, finally obtains the change regions by Tucker decomposition and alternating direction method of multipliers (ADMM). Comparing with the method based on matrix RPCA, tensor RPCA preserves the original spatial structure of each image, imposes the temporal continuity on change regions and models the background by patches to avoid the little disturbance of blood vessels. Results on a real fundus image serial are presented and show the effectiveness of the proposed algorithm.","article,blood vessel,decomposition,eye fundus,principal component analysis",0.24196486,0.13888466,0.44851136,0.39687473,0.125,0.08333333333333333,0.1111111111111111,,,,
0,408,173,True,1749,200,{An ISHAP-based interpretation-model-guided classification method for malignant pulmonary nodule},"He, W L and Li, B and Liao, R Q and Mo, H Q and Tian, L F",2022,KNOWLEDGE-BASED SYSTEMS,10.1016/j.knosys.2021.107778,"The classification of benign and malignant pulmonary nodules can provide an important aid to the diagnosis of lung cancer. However, high-performance classification models are still less accepted approaches in clinic applications due to their structural complexity and low interpretability. In this study, an ISHAP (Improved SHapley Additive exPlanations)-based interpretation-model-guided classification method is proposed for the classification of benign and malignant pulmonary nodules. First, semantic and radiomics features are extracted by using medical priori knowledge and image understanding in the lung images dataset. Then, optimal features, classifiers and their parameters are guided to select and set adaptively based on the proposed ISHAP explanation and recursive feature elimination algorithm. The proposed ISHAP-based interpretation-model-guided classification method on the Lung Image Database Consortium (LIDC) dataset achieves a sensitivity of 0.862, a specificity of 0.885, an accuracy of 0.873 and an area under the receiver-operating-characteristic curve of 0.941 on testing dataset. Meanwhile, our analysis with ISHAP-based interpretation model can reveal the essential factors of semantic and radiomics features in the classification of malignant pulmonary nodules. Experimental results demonstrate that the proposed method achieves satisfactory classification performance and makes the predictions more transparent and trustworthy by interpreting the model. (c) 2021 Elsevier B.V. All rights reserved.",,0.48613998,0.27903795,0.34534317,0.3805424,0.25,0.08333333333333333,0.0,,,,
0,430,184,True,1749,200,{GFS-Node: Graph Fuzzy Systems for Node Prediction},"Hu, F and Deng, Z and Xie, Z and Zhang, T and Choi, K -S. and Zhang, F and Wang, S",2024,IEEE Transactions on Fuzzy Systems,10.1109/TFUZZ.2024.3465557,"Graph data modeling is nontrivial due to the challenges to ensure model interpretability and handle data uncertainty. While methods derived from deep learning models, such as graph neural networks (GNNs), are able to handle graph data, the interpretability is limited. Graph fuzzy systems (GFSs) based on the fuzzy rules and fuzzy inference have been proposed to improve interpretability, but the existing methods are developed for whole graph prediction only and cannot deal with node prediction, which is a more common task in graph data modeling. To tackle the challenges, a novel GFS for node prediction (GFS-node) is investigated in this study. For this purpose, the concepts, framework, and algorithms of GFS-node are systematically developed. First, several related concepts are defined, including the node fuzzy rule base, node fuzzy set, and node consequent processing module (NCPM). A general framework for GFS-node is then presented, where the construction of antecedents and the consequents of fuzzy rules are analyzed. Furthermore, a concrete implementation method of GFS-node is designed. In particular, the kernel K virtual central nodes clustering (KVCN) algorithm is proposed to develop the algorithm for antecedent generation, and the linear message passing network (LMPN) is adopted to develop the algorithm for consequent generation and learning. Experiments are carried out on multiple benchmark datasets, and the results show that GFS-node combines the advantages of both traditional fuzzy systems and classical GNNs for node prediction.","Clustering algorithms,Data models,Fuzzy sets,Fuzzy systems,Graph fuzzy systems for node modeling (GFS-node),Prediction algorithms,Predictive models,Uncertainty,graph learning,kernel $K$ virtual central nodes clustering (KVCN),linear message passing network (LMPN),node consequent processing module (NCPM),node fuzzy sets,node prediction",0.46062475,0.2643925,0.28148806,0.32627225,0.125,0.16666666666666666,0.2222222222222222,,,,
0,464,198,True,1749,200,{Hybrid Parallel Fuzzy CNN Paradigm: Unmasking Intricacies for Accurate Brain MRI Insights},"Iqbal, S and Qureshi, A N and Aurangzeb, K and Alhussein, M and Wang, S and Anwar, M S and Khan, F",2024,IEEE Transactions on Fuzzy Systems,10.1109/TFUZZ.2024.3372608,"The hybrid parallel fuzzy convolutional neural network (HP-FCNN) is a ground-breaking method for medical image analysis that combines the interpretive capacity of fuzzy logic with the capabilities of a convolutional neural network (CNN). This novel combination tackles problems related to brain image processing, reducing problems such as noise and hazy borders that are common in magnetic resonance imaging (MRI). Unlike other CNN models, the HP-FCNN combines fine-grained fuzzy representations with crisp CNN features, improving interpretability by displaying hidden layers. This insight into activation patterns facilitates comprehension of the decision-making processes necessary for the diagnosis of brain diseases. The HP-FCNN outperforms other pretrained models (ResNet, DenseNet, visual geometry group (VGG), and EfficientNet) on measures such as the confusion matrix and area under the receiver operating characteristic curve (AUC-ROC), according to comparative assessments. Furthermore, the addition of adaptive class activation mapping (AD-CAM) enhances the HP-FCNN by identifying salient features during backpropagation and bolstering the network's capacity to enhance brain illness diagnosis and treatment planning. Our methodology, incorporating AD-CAM, yielded compelling results with a 96.86 F1-Score, 96.41 AUC, and 96.81 accuracy, showcasing the effectiveness of our approach in achieving high-performance metrics in brain MRI analysis. With a 15% increase in accuracy, a 10% increase in sensitivity, and a 12% decrease in false positives, the HP-FCNN outperforms its predecessors. These impressive advancements represent a quantifiable breakthrough in the capabilities of medical image processing technology; they are more than just anecdotal evidence.","Adaptive class activation mapping (AD-CAM),Brain modeling,Convolutional neural networks,Fuzzy logic,Image segmentation,Magnetic resonance imaging,Medical diagnostic imaging,Tumors,brain magnetic resonance imaging (MRI),convolutional neural network (CNN),fuzzy logic,hybrid parallel fuzzy CNN (HP-FCNN),medical image analysis",0.556992,0.31970605,0.31164014,0.3729781,0.125,0.08333333333333333,0.3333333333333333,,,,
0,478,202,True,1749,200,{Dimension reduction based on a penalized kernel support vector machine model},"Jiang, H and Dong, Y",2017,Knowledge-Based Systems,10.1016/j.knosys.2017.09.041,"Prediction and dimension reduction play increasingly significant roles in high-dimensional data analysis; however, they suffer from model inaccuracy, selection inconsistency and a prohibitively expensive computational cost as the model dimension increases exponentially. Although a support vector machine (SVM) is one of the most powerful forecasting approaches that are widely used by the research community, it does not provide an interpretable model that violates the principle of Occam's razor. In classical regression problems, a penalized linear SVM model for the dimension reduction task has been investigated in the linear feature space under the assumption that the underlying true model is linear. In this paper, the penalized kernel SVM (PKSVM) model is proposed and investigated combining with a SVM information criterion (SVMIC) for the dimension reduction task in the nonlinear kernel space using radial basis function for prediction and model representation. Instead of pursuing sparsity in the original feature space of the SVM, dimension reduction is performed in the kernel feature space. Computationally, a fast and simple-to-implement algorithm is derived. Furthermore, both SVMIC and cross-validation are utilized to select the kernel and regularization parameters to guarantee the model consistency. Real data applications including microarray data analysis and global solar radiation forecasting are provided. The first application selected significant components in genetic study and the important data information is extracted for grid-connected photovoltaic installations in the second application. The proposed dimension reduction technique avoids the model redundancy which is of great importance for knowledge discovery. {\textcopyright}2017 Elsevier B.V.","Clustering algorithms,Data handling,Data mining,Data reduction,Dimension reduction,Dimension reduction techniques,Forecasting,Grid-connected photovoltaic,High-dimensional data analysis,Information analysis,PKSVM,Radial basis function networks,Regularization parameters,SVM,SVMIC,Support vector machine models,Support vector machines",0.3755086,0.21553698,0.39531898,0.39036638,0.125,0.08333333333333333,0.1111111111111111,,,,
0,498,211,True,1749,200,{Hand Palm Tracking in Monocular Images by Fuzzy Rule-Based Fusion of Explainable Fuzzy Features With Robot Imitation Application},"Juang, C -F. and Chang, C -W. and Hung, T -H.",2021,IEEE Transactions on Fuzzy Systems,10.1109/TFUZZ.2021.3086228,"This article proposes a new method for the tracking of three-dimensional (3-D) hand palms from the whole human standing body using fuzzy rule-based fusion of explainable fuzzy features from a monocular video. The characteristics of this method include visually and linguistically explainable fuzzy features and rules and computational efficiency. This article first tracks the 2-D palms using the following four fuzzy features: optical flows; the degree of a pixel in the foreground; skin color information; and the search area around a hand palm candidate from a segmented body. Afterward, a fuzzy system (FS) is proposed to fuse the four fuzzy features to estimate the 2D- palm positions. Localization of the elbows is based on the estimated palm locations, human body skeletons, and body contour. The 2-D palms and elbows are tracked using a modified particle filter. To estimate the depth of each palm, the locations of the palm and elbow are fed as inputs to a neural FS. The 3-D palm tracking result is applied to a robot upper-body imitation system. Experiments with comparisons of different hand palm tracking methods are performed to verify the real-time computational ability and accuracy of the proposed method.","Artificial intelligence,Cameras,Explainable artificial intelligence,Fuzzy systems,Optical flow,Particle filters,Tracking,fuzzy systems (FSs),hand tracking,neural fuzzy systems (NFSs),particle filter,robot imitation",0.20652986,0.11854539,0.43958902,0.38132423,0.125,0.16666666666666666,0.1111111111111111,,,,
0,509,217,True,1749,200,{Learning vector quantization as an interpretable classifier for the detection of SARS-CoV-2 types based on their RNA sequences},"Kaden, M and Bohnsack, K S and Weber, M and Kudla, M and Gutowska, K and Blazewicz, J and Villmann, T",2022,NEURAL COMPUTING & APPLICATIONS,10.1007/s00521-021-06018-2,"We present an approach to discriminate SARS-CoV-2 virus types based on their RNA sequence descriptions avoiding a sequence alignment. For that purpose, sequences are preprocessed by feature extraction and the resulting feature vectors are analyzed by prototype-based classification to remain interpretable. In particular, we propose to use variants of learning vector quantization (LVQ) based on dissimilarity measures for RNA sequence data. The respective matrix LVQ provides additional knowledge about the classification decisions like discriminant feature correlations and, additionally, can be equipped with easy to realize reject options for uncertain data. Those options provide self-controlled evidence, i.e., the model refuses to make a classification decision if the model evidence for the presented data is not sufficient. This model is first trained using a GISAID dataset with given virus types detected according to the molecular differences in coronavirus populations by phylogenetic tree clustering. In a second step, we apply the trained model to another but unlabeled SARS-CoV-2 virus dataset. For these data, we can either assign a virus type to the sequences or reject atypical samples. Those rejected sequences allow to speculate about new virus types with respect to nucleotide base mutations in the viral sequences. Moreover, this rejection analysis improves model robustness. Last but not least, the presented approach has lower computational complexity compared to methods based on (multiple) sequence alignment.",,0.45739353,0.2625378,0.4341222,0.43994004,0.125,0.08333333333333333,0.0,,,,
0,553,237,True,1749,200,"{Network-based dimensionality reduction of high-dimensional, low-sample-size datasets}","Kosztyan, Z T and Kurbucz, M T and Katona, A I",2022,KNOWLEDGE-BASED SYSTEMS,10.1016/j.knosys.2022.109180,"In the field of data science, there are a variety of datasets that suffer from the high-dimensional, low-sample-size (HDLSS) problem; however, only a few dimensionality reduction methods exist that are applicable to address this type of problem, and there is no nonparametric solution to date. The purpose of this work is to develop a novel network-based (nonparametric) dimensionality reduction analysis (NDA) method, that can be effectively applied to HDLSS data. First, with the NDA method, the correlation graph of variables is specified. With a modularity-based community detection method, the set of modules is specified. Then, the linear combination of variables weighted by their eigenvector centralities (EVCs), defined as LVs, is determined. In the optional phase of variable selection, variables with low EVCs and low communality are ignored. Then, the set of LVs and the set of indicators belonging to the LVs are specified using the NDA method. NDA is applied to publicly available databases and compared with principal factoring with community analysis (PFA) methods. The results show that NDA can be effectively applied to HDLSS datasets as it outperforms the existing methods in terms of interpretability. In addition, the application of NDA is easier, since there is no need to specify the number of latent variables due to its nonparametric nature.(c) 2022 The Author(s). Published by Elsevier B.V. This is an open access article under the CC BY license (http://creativecommons.org/licenses/by/4.0/).",,0.27634108,0.15861614,0.4007126,0.36961973,0.125,0.0,0.1111111111111111,,,,
0,559,240,True,1749,200,{Deep Face Decoder: Towards understanding the embedding space of convolutional networks through visual reconstruction of deep face templates},"Krizaj, J and Plesh, R O and Banavar, M and Schuckers, S and Struc, V",2024,ENGINEERING APPLICATIONS OF ARTIFICIAL INTELLIGENCE,10.1016/j.engappai.2024.107941,"Advances in deep learning and convolutional neural networks (ConvNets) have driven remarkable face recognition (FR) progress recently. However, the black -box nature of modern ConvNet-based face recognition models makes it challenging to interpret their decision -making process, to understand the reasoning behind specific success and failure cases, or to predict their responses to unseen data characteristics. It is, therefore, critical to design mechanisms that explain the inner workings of contemporary FR models and offer insight into their behavior. To address this challenge, we present in this paper a novel template -inversion approach capable of reconstructing high-fidelity face images from the embeddings (templates, feature -space representations) produced by modern FR techniques. Our approach is based on a novel Deep Face Decoder (DFD) trained in a regression setting to visualize the information encoded in the embedding space with the goal of fostering explainability. We utilize the developed DFD model in comprehensive experiments on multiple unconstrained face datasets, namely Visual Geometry Group Face dataset 2 (VGGFace2), Labeled Faces in the Wild (LFW), and Celebrity Faces Attributes Dataset High Quality (CelebA-HQ). Our analysis focuses on the embedding spaces of two distinct face recognition models with backbones based on the Visual Geometry Group 16 -layer model (VGG-16) and the 50 -layer Residual Network (ResNet-50). The results reveal how information is encoded in the two considered models and how perturbations in image appearance due to rotations, translations, scaling, occlusion, or adversarial attacks, are propagated into the embedding space. Our study offers researchers a deeper comprehension of the underlying mechanisms of ConvNet-based FR models, ultimately promoting advancements in model design and explainability.",,0.6058599,0.34775558,0.3653714,0.4254935,0.125,0.08333333333333333,0.3333333333333333,,,,
0,561,242,True,1749,200,{Attention with kernels for EEG-based emotion classification},"Kuang, D Y and Michoski, C",2024,NEURAL COMPUTING & APPLICATIONS,10.1007/s00521-023-09344-9,"A kernel attention module (KAM) is presented for the task of EEG-based emotion classification using neural network based models. In this study, it is shown that the KAM method can lead to more efficient and accurate models using only a single parameter design. This additional parameter can be leveraged as an interpretable scalar quantity for examining the overall amount of attention needed during deep feature refinement. Extensive experiments are analyzed on both the SEED and DEAP datasets to demonstrate the module's performance on subject-dependent classification tasks. From these benchmark studies, it is shown that KAM is able to boost the backbone model's mean prediction accuracy by more than 3% on some subjects and up to more than 1%, on average, across 15 subjects in the SEED dataset for subject dependent tasks. In the DEAP dataset, the improvement is more significant by achieving greater than 3% improvement in the overall mean accuracy versus the no-attention case, and more than 1-2% when benchmarked against various other state-of-the-art attention modules. In addition, the predictive dependencies of KAM with respect to its single parameter is numerically examined up to first order. Accompanying analyzes and visualization techniques are also proposed for interpreting the KAM attention module's effects, and interaction with the backbone model's predictive behaviors. These quantitative results can be explored in greater depth to identify correlations with pertinent clinical neuroscientific observations. Finally, a formal mathematical proof of KAM's permutation equivariance property is included.","Accurate modeling,Classification (of information),EEG,Emotion classification,Kernel attention,Module method,Network-based modeling,Neural-networks,Neurophysiology,Parameter designs,Parameter efficient model,Permutation equivariant,Sensitivity analysis,Single parameter",0.48738384,0.2797519,0.3692217,0.39876223,0.125,0.08333333333333333,0.2222222222222222,,,,
0,564,243,True,1749,200,{Detection of translucent flesh disorder and automatic grading of mangosteens in multi-view images},"Kusakunniran, W and Imaromkul, T and Aukkapinyo, K and Thongkanchorn, K and Somsong, P and Tiyayon, P",2025,Neural Computing and Applications,10.1007/s00521-025-11165-x,"In this paper, convolutional neural network (CNN)-based solutions are developed for grading assessment and flesh disorder detection of mangosteens in images. The grading is set to three classes of three quality levels based on the local market, where the data were collected. In addition, three flesh disorders/status are focused in this work, including translucent flesh disorder, gamboge, and rotten. Three types of solutions are attempted in this paper. The first solution relies on the well-known CNN architectures with the transfer learning and data augmentation. The second solution is developed based on the detection model, i.e., YOLOv8. The third solution is to design a new architecture by taking into account of human expert knowledge that is used for the manual grading and detection. Multiple views of each mangosteen must be considered simultaneously for the disorder detection. Four side views should be considered together, before looking at the top and bottom views. This is a very difficult task even for the human experts. The proposed solutions are trained and evaluated on the self-collected dataset of 206 mangosteens captured under six views (i.e., top view, bottom view, and four side views). The proposed solutions could achieve the perfect accuracy of 100% for the grading and up to 78% AUC for the disorder detection. {\textcopyright}The Author(s) 2025.","Automatic grading,Convolutional neural network,Convolutional neural networks,Expert prior knowledge,Grading assessment,Mangosteen,Mangosteens,Multi-view image,Prior-knowledge,Side view,Translucent flesh disorder,Translucents",0.47484916,0.27255714,0.3584512,0.3875507,0.125,0.08333333333333333,0.2222222222222222,,,,
0,565,244,True,1749,200,{Bayesian networks in healthcare: What is preventing their adoption?},"Kyrimi, E and Dube, K and Fenton, N and Fahmi, A and Neves, M R and Marsh, W and McLachlan, S",2021,Artificial Intelligence in Medicine,10.1016/j.artmed.2021.102079 LK - https://unimib.on.worldcat.org/atoztitles/link?sid=EMBASE&sid=EMBASE&issn=18732860&id=doi:10.1016%2Fj.artmed.2021.102079&atitle=Bayesian+networks+in+healthcare%3A+What+is+preventing+their+adoption%3F&stitle=Artif.+Intell.+Med.&title=Artificial+Intelligence+in+Medicine&volume=116&issue=&spage=&epage=&aulast=Kyrimi&aufirst=Evangelia&auinit=E.&aufull=Kyrimi+E.&coden=AIMEE&isbn=&pages=-&date=2021&auinit1=E&auinitm=,"There has been much research effort expended toward the use of Bayesian networks (BNs) in medical decision-making. However, because of the gap between developing an accurate BN and demonstrating its clinical usefulness, this has not resulted in any widespread BN adoption in clinical practice. This paper investigates this problem with the aim of finding an explanation and ways to address the problem through a comprehensive literature review of articles describing BNs in healthcare. Based on the literature collection that has been systematically narrowed down from 3810 to 116 most relevant articles, this paper analyses the benefits, barriers and facilitating factors (BBF) for implementing BN-based systems in healthcare using the ITPOSMO-BBF framework. A key finding is that works in the literature rarely consider barriers and even when these were identified they were not connected to facilitating factors. The main finding is that the barriers can be grouped into: (1) data inadequacies; (2) clinicians' resistance to new technologies; (3) lack of clinical credibility; (4) failure to demonstrate clinical impact; (5) absence of an acceptable predictive performance; and (6) absence of evidence for model's generalisability. The facilitating factors can be grouped into: (1) data collection improvements; (2) software and technological improvements; (3) having interpretable and easy to use BN-based systems; (4) clinical involvement in the development or review of the model; (5) investigation of model's clinical impact; (6) internal validation of the model's performance; and (7) external validation of the model. These groupings form a strong basis for a generic framework that could be used for formulating strategies for ensuring BN-based clinical decision-support system adoption in frontline care settings. The output of this review is expected to enhance the dialogue among researchers by providing a deeper understanding for the neglected issue of BN adoption in practice and promoting efforts for implementing BN-based systems.","Bayesian network,adoption,article,clinical decision support system,human,medical decision making,software,systematic review,treatment failure",0.27031764,0.15515879,0.40759635,0.37327668,0.125,0.0,0.1111111111111111,,,,
0,573,251,True,1749,200,{AFS Graph: Multidimensional Axiomatic Fuzzy Set Knowledge Graph for Open-Domain Question Answering},"Lang, Q and Liu, X and Jia, W",2023,IEEE transactions on neural networks and learning systems,10.1109/TNNLS.2022.3171677 LK - https://unimib.on.worldcat.org/atoztitles/link?sid=EMBASE&sid=EMBASE&issn=21622388&id=doi:10.1109%2FTNNLS.2022.3171677&atitle=AFS+Graph%3A+Multidimensional+Axiomatic+Fuzzy+Set+Knowledge+Graph+for+Open-Domain+Question+Answering&stitle=IEEE+Trans+Neural+Netw+Learn+Syst&title=IEEE+transactions+on+neural+networks+and+learning+systems&volume=34&issue=12&spage=10904&epage=10918&aulast=Lang&aufirst=Qi&auinit=Q.&aufull=Lang+Q.&coden=&isbn=&pages=10904-10918&date=2023&auinit1=Q&auinitm=,"Open-domain question answering (QA) tasks require a model to retrieve inference chains associated with the answer from massive documents. The core of a QA model is the information filtering ability and reasoning ability. This article proposes a semantic knowledge reasoning graph model based on the multidimensional axiomatic fuzzy set (AFS), which can generate the knowledge graph (KG) and build reasoning paths for reading comprehension tasks through unsupervised learning. Moreover, taking advantage of the interpretable AFS framework enables the proposed model to have the ability to learn and analyze the semantic relationships between candidate documents. Meanwhile, the utilization of the multidimensional AFS acquires semantic descriptions of candidate documents more concise and flexible. The similarity degree between paragraphs is calculated according to the AFS description to generate the graph. Interpretable chains of reasoning provided by the AFS knowledge graph (AFS Graph) will serve as the basis for the answer prediction. Compared with the previous methods, the AFS Graph model presented in this article improves interpretability and reasoning ability. Experimental results show that the proposed model can achieve the state-of-the-art performance on datasets of HotpotQA, SQuAD, and Natural Questions Open.","article,prediction,reasoning",0.51326406,0.29460683,0.31183255,0.36219043,0.125,0.16666666666666666,0.0,,,,
0,576,252,True,1749,200,{Knowledge graph embedding with the special orthogonal group in quaternion space for link prediction},"Le, T and Tran, H and Le, B",2023,Knowledge-Based Systems,10.1016/j.knosys.2023.110400,"Graph embedding is an important technique for improving the quality of link prediction models on knowledge graphs. Although embedding based on neural networks can capture latent features with high expressive power, geometric embedding has other advantages, such as intuitiveness, interpretability, and few parameters. Several recent works have used rotation in quaternion space to enhance performance, yet these rotations have been limited to 3D representations. This paper proposes Rotate4D, a novel model that performs 4D rotations in quaternion space using a special orthogonal group. Specifically, Rotate4D begins by embedding entities in quaternion space, then rotates the head embedding to the tail embedding in two different ways (isoclinic and double rotation). The group structure helps decompose the relation into unit vectors to perform 4D rotations in quaternion space. In addition, quaternion scaling is applied to solve hierarchical relations. With this approach, the proposed model improved link prediction performance compared with state-of-the-art models on standard datasets, especially for the Hits@1 metric (an improvement of 2.72% to 3.49%). In addition to these experiments, we also theoretically prove that Rotate4D can model all relational patterns, including symmetry, anti-symmetry, inversion, and composition. {\textcopyright}2023 Elsevier B.V.","Embeddings,Forecasting,Graph embeddings,Knowledge graph,Knowledge graph embedding,Knowledge graphs,Link prediction,Neural-networks,Prediction modelling,Quaternion,Rotation,Special orthogonal group,Vector spaces",0.5201404,0.29855376,0.26354498,0.32769382,0.125,0.08333333333333333,0.2222222222222222,,,,
0,652,283,True,1749,200,{Multi-view unsupervised feature selection with tensor robust principal component analysis and consensus graph learning},"Liang, C and Wang, L and Liu, L and Zhang, H and Guo, F",2023,Pattern Recognition,10.1016/j.patcog.2023.109632,"Recently, multi-view unsupervised feature selection has attracted much attention due to its efficiency and better interpretability in processing high-dimensional multi-view datasets. Most existing methods rely on the constructed similarity matrices to obtain reliable pseudo labels to guide the feature selection. However, the considerable adverse noise in the raw data inevitably impedes the exploration of true underlying similarity structures. Besides, the inter-view correlations are often ignored during the common representation learning, which limits the effective fusion of the essential information from multiple views. To solve these issues, we design a novel robust multi-view unsupervised feature selection framework. Specifically, our method seeks a set of noise-free view-specific similarity matrices by leveraging tensor robust principal component analysis, where the high-order connections among different views are well exploited through the constructed low-rank tensor. Meanwhile, a high-quality consensus similarity matrix is adaptively learned from the view-specific representations within the same unified framework to capture the shared local structures. To enhance the discriminative ability of the feature selection matrix, we further impose a rank constraint on the consensus similarity matrix to obtain reliable pseudo cluster indicators. We present an efficient optimization algorithm ground on the alternating direction method of multipliers to solve the proposed model. Experimental results on six multi-view datasets confirm the superiority of our method. {\textcopyright}2023 Elsevier Ltd","Feature Selection,Low-rank tensor learning,Multi-view unsupervised feature selection,Multi-views,Principal component analysis,Regression analysis,Regression modelling,Robust principal component analysis,Robust sparse regression model,Similarity matrix,Sparse regression,Spectral embedding,Tensors,Unsupervised feature selection",0.4939174,0.2835021,0.32389587,0.36640126,0.125,0.08333333333333333,0.1111111111111111,,,,
0,663,288,True,1749,200,{Preserving high-order ego-centric topological patterns in node representation in heterogeneous graph},"Lin, T Q J and Kang, Y Y and Jiang, Z R and Song, K S and Li, X R and Li, H S and Liu, J W and Sun, C L and Huang, C and Liu, X Z",2025,KNOWLEDGE-BASED SYSTEMS,10.1016/j.knosys.2025.113067,"Graph neural networks often represent anode by recursively aggregating neighbors within its ego-graph, but this approach struggles to capture high-order ego-centric topological patterns. In homogeneous graphs, a common solution is to predefine specific high-order ego-centric topological patterns (e.g., triangle) and search for them within the ego-graph to enhance node representation. Yet, this is intractable for heterogeneous graphs due to two challenges: (1) the diversity in node and relation types leads to an excessive number of possible patterns, and (2) the varying schemas across heterogeneous graphs make it impractical to predefine universal patterns. To address these challenges, we propose Task-oriented Anchor Ego-Graph learning for Heterogeneous Graphs (TAEG-HG), a method that automatically learns to generate informative high-order ego-centric topological patterns tailored to the heterogeneous graph and task. These learned patterns serve as anchors, i.e., each node is represented by the similarity between its ego-graph and the learned patterns. Therefore, TAEG-HG explicitly preserves high-order ego-centric semantics in node representations and offers built-in interpretability through the learned patterns. We evaluate TAEG-HG on two real-world, million-scale datasets and four open benchmark datasets. TAEG-HG outperforms existing state-of-the-art methods, with notable improvements in tasks closely related to ego-centric topology, such as predicting future citations of scholars, where it surpasses the strongest baseline by over 5%.",,0.50654507,0.29075018,0.31209952,0.36071092,0.125,0.0,0.2222222222222222,,,,
0,733,321,True,1749,200,{A survey of graph neural networks and their industrial applications},"Lu, H and Wang, L and Ma, X and Cheng, J and Zhou, M",2025,Neurocomputing,10.1016/j.neucom.2024.128761 LK - https://unimib.on.worldcat.org/atoztitles/link?sid=EMBASE&sid=EMBASE&issn=18728286&id=doi:10.1016%2Fj.neucom.2024.128761&atitle=A+survey+of+graph+neural+networks+and+their+industrial+applications&stitle=Neurocomputing&title=Neurocomputing&volume=614&issue=&spage=&epage=&aulast=Lu&aufirst=Haoran&auinit=H.&aufull=Lu+H.&coden=NRCGE&isbn=&pages=-&date=2025&auinit1=H&auinitm=,"Graph Neural Networks (GNNs) have emerged as a powerful tool for analyzing and modeling graph-structured data. In recent years, GNNs have gained significant attention in various domains. This review paper aims to provide an overview of the state-of-the-art graph neural network techniques and their industrial applications. First, we introduce the fundamental concepts and architectures of GNNs, highlighting their ability to capture complex relationships and dependencies in graph data. We then delve into the variants and evolution of graphs, including directed graphs, heterogeneous graphs, dynamic graphs, and hypergraphs. Next, we discuss the interpretability of GNN, and GNN theory including graph augmentation, expressivity, and over-smoothing. Finally, we introduce the specific use cases of GNNs in industrial settings, including finance, biology, knowledge graphs, recommendation systems, Internet of Things (IoT), and knowledge distillation. This review paper highlights the immense potential of GNNs in solving real-world problems, while also addressing the challenges and opportunities for further advancement in this field.","autoencoder,deep learning,distillation,human,internet of things,nerve cell network,short survey",0.5673032,0.32562456,0.25692487,0.33451945,0.125,0.08333333333333333,0.2222222222222222,,,,
0,736,323,True,1749,200,{Interpretability Diversity for Decision-Tree-Initialized Dendritic Neuron Model Ensemble},"Luo, X and Ye, L and Liu, X and Wen, X and Zhou, M and Zhang, Q",2024,IEEE transactions on neural networks and learning systems,10.1109/TNNLS.2023.3290203 LK - https://unimib.on.worldcat.org/atoztitles/link?sid=EMBASE&sid=EMBASE&issn=21622388&id=doi:10.1109%2FTNNLS.2023.3290203&atitle=Interpretability+Diversity+for+Decision-Tree-Initialized+Dendritic+Neuron+Model+Ensemble&stitle=IEEE+Trans+Neural+Netw+Learn+Syst&title=IEEE+transactions+on+neural+networks+and+learning+systems&volume=35&issue=11&spage=15896&epage=15909&aulast=Luo&aufirst=Xudong&auinit=X.&aufull=Luo+X.&coden=&isbn=&pages=15896-15909&date=2024&auinit1=X&auinitm=,"To construct a strong classifier ensemble, base classifiers should be accurate and diverse. However, there is no uniform standard for the definition and measurement of diversity. This work proposes a learners' interpretability diversity (LID) to measure the diversity of interpretable machine learners. It then proposes a LID-based classifier ensemble. Such an ensemble concept is novel because: 1) interpretability is used as an important basis for diversity measurement and 2) before its training, the difference between two interpretable base learners can be measured. To verify the proposed method's effectiveness, we choose a decision-tree-initialized dendritic neuron model (DDNM) as a base learner for ensemble design. We apply it to seven benchmark datasets. The results show that the DDNM ensemble combined with LID obtains superior performance in terms of accuracy and computational efficiency compared to some popular classifier ensembles. A random-forest-initialized dendritic neuron model (RDNM) combined with LID is an outstanding representative of the DDNM ensemble.","article,classifier,decision tree,dendrite,human,nerve cell,random forest",0.5119657,0.29386157,0.35385144,0.39338,0.125,0.08333333333333333,0.0,,,,
0,752,332,True,1749,200,{XTQA: Span-Level Explanations for Textbook Question Answering},"Ma, J and Chai, Q and Liu, J and Yin, Q and Wang, P and Zheng, Q",2024,IEEE transactions on neural networks and learning systems,10.1109/TNNLS.2023.3294991 LK - https://unimib.on.worldcat.org/atoztitles/link?sid=EMBASE&sid=EMBASE&issn=21622388&id=doi:10.1109%2FTNNLS.2023.3294991&atitle=XTQA%3A+Span-Level+Explanations+for+Textbook+Question+Answering&stitle=IEEE+Trans+Neural+Netw+Learn+Syst&title=IEEE+transactions+on+neural+networks+and+learning+systems&volume=35&issue=11&spage=16493&epage=16503&aulast=Ma&aufirst=Jie&auinit=J.&aufull=Ma+J.&coden=&isbn=&pages=16493-16503&date=2024&auinit1=J&auinitm=,"Textbook question answering (TQA) is the task of correctly answering diagram or nondiagram (ND) questions given large multimodal contexts consisting of abundant essays and diagrams. In real-world scenarios, an explainable TQA system plays a key role in deepening humans' understanding of learned knowledge. However, there is no work to investigate how to provide explanations currently. To address this issue, we devise a novel architecture toward span-level eXplanations for TQA (XTQA). In this article, spans are the combinations of sentences within a paragraph. The key idea is to consider the entire textual context of a lesson as candidate evidence and then use our proposed coarse-to-fine grained explanation extracting (EE) algorithm to narrow down the evidence scope and extract the span-level explanations with varying lengths for answering different questions. The EE algorithm can also be integrated into other TQA methods to make them explainable and improve the TQA performance. Experimental results show that XTQA obtains the best overall explanation result [mean intersection over union (mIoU)] of 52.38% on the first 300 questions of CK12-QA test splits, demonstrating the explainability of our method (ND: 150 and diagram: 150). The results also show that XTQA achieves the best TQA performance of 36.46% and 36.95% on the aforementioned splits. We have released our code in https://github.com/dr-majie/opentqa.","algorithm,article,human",0.50752646,0.29131347,0.3682276,0.40305233,0.125,0.08333333333333333,0.0,,,,
0,775,339,True,1749,200,{Investigating the discrimination ability of 3D convolutional neural networks applied to altered brain MRI parametric maps},"Mattia, G M and Villain, E and Nemmi, F and {Le Lann}, M.-V. and Franceries, X and P{\'{e}}ran, P",2024,Artificial Intelligence in Medicine,10.1016/j.artmed.2024.102897 LK - https://unimib.on.worldcat.org/atoztitles/link?sid=EMBASE&sid=EMBASE&issn=18732860&id=doi:10.1016%2Fj.artmed.2024.102897&atitle=Investigating+the+discrimination+ability+of+3D+convolutional+neural+networks+applied+to+altered+brain+MRI+parametric+maps&stitle=Artif.+Intell.+Med.&title=Artificial+Intelligence+in+Medicine&volume=153&issue=&spage=&epage=&aulast=Mattia&aufirst=Giulia+Maria&auinit=G.M.&aufull=Mattia+G.M.&coden=AIMEE&isbn=&pages=-&date=2024&auinit1=G&auinitm=M,"Convolutional neural networks (CNNs) are gradually being recognized in the neuroimaging community as a powerful tool for image analysis. Despite their outstanding performances, some aspects of CNN functioning are still not fully understood by human operators. We postulated that the interpretability of CNNs applied to neuroimaging data could be improved by investigating their behavior when they are fed data with known characteristics. We analyzed the ability of 3D CNNs to discriminate between original and altered whole-brain parametric maps derived from diffusion-weighted magnetic resonance imaging. The alteration consisted in linearly changing the voxel intensity of either one (monoregion) or two (biregion) anatomical regions in each brain volume, but without mimicking any neuropathology. Performing ten-fold cross-validation and using a hold-out set for testing, we assessed the CNNs' discrimination ability according to the intensity of the altered regions, comparing the latter's size and relative position. Monoregion CNNs showed that the larger the modified region, the smaller the intensity increase needed to achieve good performances. Biregion CNNs systematically outperformed monoregion CNNs, but could only detect one of the two target regions when tested on the corresponding monoregion images. Exploiting prior information on training data allowed for a better understanding of CNN behavior, especially when altered regions were combined. This can inform about the complexity of CNN pattern retrieval and elucidate misclassified examples, particularly relevant for pathological data. The proposed analytical approach may serve to gain insights into CNN behavior and guide the design of enhanced detection systems exploiting our prior knowledge.","MRI scanner,article,brain size,brain tomography,convolutional neural network,cross validation,diffusion weighted imaging,neuropathology,nuclear magnetic resonance imaging",0.45970252,0.26386318,0.3475988,0.37562472,0.125,0.08333333333333333,0.2222222222222222,,,,
0,798,348,True,1749,200,{A Primer for Neural Arithmetic Logic Modules},"Mistry, B and Farrahi, K and Hare, J",2022,Journal of Machine Learning Research,,"Neural Arithmetic Logic Modules have become a growing area of interest, though remain a niche field. These modules are neural networks which aim to achieve systematic generalisation in learning arithmetic and/or logic operations such as {+, −, ×, ÷, ≤, AND} while also being interpretable. This paper is the first in discussing the current state of progress of this field, explaining key works, starting with the Neural Arithmetic Logic Unit (NALU). Focusing on the shortcomings of the NALU, we provide an in-depth analysis to reason about design choices of recent modules. A cross-comparison between modules is made on experiment setups and findings, where we highlight inconsistencies in a fundamental experiment causing the inability to directly compare across papers. To alleviate the existing inconsistencies, we create a benchmark which compares all existing arithmetic NALMs. We finish by providing a novel discussion of existing applications for NALU and research directions requiring further exploration. {\textcopyright}2022 Bhumika Mistry, Katayoun Farrahi and Jonathon Hare.","Area of interest,Arithmetic,Arithmetic logic,Arithmetic logic unit,Computer circuits,Generalisation,Interpretability,Logic devices,Logic module,Logic operations,Neural-networks,Systematic generalization,arithmetic,extrapolation,interpretability,neural networks,systematic generalisation",0.54013145,0.31002825,0.37350082,0.41515848,0.125,0.08333333333333333,0.2222222222222222,,,,
0,799,349,True,1749,200,{Environmental exposures in machine learning and data mining approaches to diabetes etiology: A scoping review},"Mistry, S and Riches, N O and Gouripeddi, R and Facelli, J C",2023,Artificial Intelligence in Medicine,10.1016/j.artmed.2022.102461 LK - https://unimib.on.worldcat.org/atoztitles/link?sid=EMBASE&sid=EMBASE&issn=18732860&id=doi:10.1016%2Fj.artmed.2022.102461&atitle=Environmental+exposures+in+machine+learning+and+data+mining+approaches+to+diabetes+etiology%3A+A+scoping+review&stitle=Artif.+Intell.+Med.&title=Artificial+Intelligence+in+Medicine&volume=135&issue=&spage=&epage=&aulast=Mistry&aufirst=Sejal&auinit=S.&aufull=Mistry+S.&coden=AIMEE&isbn=&pages=-&date=2023&auinit1=S&auinitm=,"Background: Environmental exposures are implicated in diabetes etiology, but are poorly understood due to disease heterogeneity, complexity of exposures, and analytical challenges. Machine learning and data mining are artificial intelligence methods that can address these limitations. Despite their increasing adoption in etiology and prediction of diabetes research, the types of methods and exposures analyzed have not been thoroughly reviewed. Objective: We aimed to review articles that implemented machine learning and data mining methods to understand environmental exposures in diabetes etiology and disease prediction. Methods: We queried PubMed and Scopus databases for machine learning and data mining studies that used environmental exposures to understand diabetes etiology on September 19th, 2022. Exposures were classified into specific external, general external, or internal exposures. We reviewed machine learning and data mining methods and characterized the scope of environmental exposures studied in the etiology of general diabetes, type 1 diabetes, type 2 diabetes, and other types of diabetes. Results: We identified 44 articles for inclusion. Specific external exposures were the most common exposures studied, and supervised models were the most common methods used. Well-established specific external exposures of low physical activity, high cholesterol, and high triglycerides were predictive of general diabetes, type 2 diabetes, and prediabetes, while novel metabolic and gut microbiome biomarkers were implicated in type 1 diabetes. Discussion: The use of machine learning and data mining methods to elucidate environmental triggers of diabetes was largely limited to well-established risk factors identified using easily explainable and interpretable models. Future studies should seek to leverage machine learning and data mining to explore the temporality and co-occurrence of multiple exposures and further evaluate the role of general external and internal exposures in diabetes etiology.","Bayesian network,Medline,Scopus,cholesterol,cholesterol blood level,data clustering,data mining,decision tree,diabetes mellitus,dimensionality reduction,environmental exposure,exposure variable,human,impaired glucose tolerance,insulin dependent diabetes mellitus,intestine flora,k nearest neighbor,logistic regression analysis,machine learning,non insulin dependent diabetes mellitus,physical activity,prediction,predictor variable,review,support vector machine,triacylglycerol,triacylglycerol blood level",0.3707177,0.21278706,0.32513225,0.3365286,0.25,0.08333333333333333,0.1111111111111111,,,,
0,800,350,True,1749,200,{An explainable deep vision system for animal classification and detection in trail-camera images with automatic post-deployment retraining},"Moallem, G and Pathirage, D D and Reznick, J and Gallagher, J and Sari-Sarraf, H",2021,KNOWLEDGE-BASED SYSTEMS,10.1016/j.knosys.2021.106815,"This paper introduces an automated vision system for animal detection in trail-camera images taken from a field under the administration of the Texas Parks and Wildlife Department. As traditional wildlife counting techniques are intrusive and labor intensive to conduct, trail-camera imaging is a comparatively non-intrusive method for capturing wildlife activity. However, given the large volume of images produced from trail-cameras, manual analysis of the images remains time-consuming and inefficient. We implemented a two-stage deep convolutional neural network pipeline to find animal-containing images in the first stage and then process these images to detect birds in the second stage. The animal classification system classifies animal images with overall 93% sensitivity and 96% specificity. The bird detection system achieves better than 93% sensitivity, 92% specificity, and 68% average Intersection-over-Union rate. The entire pipeline processes an image in less than 0.5 s as opposed to an average 30 s for a human labeler. We also addressed post-deployment issues related to data drift for the animal classification system as image features vary with seasonal changes. This system utilizes an automatic retraining algorithm to detect data drift and update the system. We introduce a novel technique for detecting drifted images and triggering the retraining procedure. Two statistical experiments are also presented to explain the prediction behavior of the animal classification system. These experiments investigate the cues that steers the system towards a particular decision. Statistical hypothesis testing demonstrates that the presence of an animal in the input image significantly contributes to the system's decisions. (C) 2021 Elsevier B.V. All rights reserved.",,0.48759973,0.27987581,0.371225,0.40031868,0.125,0.0,0.2222222222222222,,,,
0,801,351,True,1749,200,{Dynamical Systems Implementation of Intrinsic Sentence Meaning},"Moisl, H",2022,MINDS AND MACHINES,10.1007/s11023-022-09590-1,"This paper proposes a model for implementation of intrinsic natural language sentence meaning in a physical language understanding system, where 'intrinsic' is understood as 'independent of meaning ascription by system-external observers'. The proposal is that intrinsic meaning can be implemented as a point attractor in the state space of a nonlinear dynamical system with feedback which is generated by temporally sequenced inputs. It is motivated by John Searle's well known (Behavioral and Brain Sciences, 3: 417-57, 1980) critique of the then-standard and currently still influential computational theory of mind (CTM), the essence of which was that CTM representations lack intrinsic meaning because that meaning is dependent on ascription by an observer. The proposed dynamical model comprises a collection of interacting artificial neural networks, and constitutes a radical simplification of the principle of compositional phrase structure which is at the heart of the current standard view of sentence semantics because it is computationally interpretable as a finite state machine.",,0.48115417,0.27617615,0.44195104,0.45175183,0.125,0.0,0.2222222222222222,,,,
0,803,352,True,1749,200,{Doubts on the reliability of parallel corpus filtering},"Moon, H and Park, C and Koo, S and Lee, J and Lee, S J and Seo, J and Eo, S and Jang, Y and Kim, H and Lee, H G and Lim, H",2023,EXPERT SYSTEMS WITH APPLICATIONS,10.1016/j.eswa.2023.120962,"Parallel corpus filtering (PCF) aims to filter out low-quality data residing in parallel corpora. Recently, deep learning-based methods have been employed to assess the quality of sentence pairs in a parallel corpus, along with rule-based filtering that filters out noisy data depending on the pre-defined error types. Despite their utilization, to the best of our knowledge, a comprehensive investigation into the practical applicability and interpretability of PCF techniques remains unexplored. In this study, we raise two doubts on deep learning-based PCF: (i) Can deep learning-based PCF extract high-quality data? and (ii) Are scoring functions of PCF reliable? To answer these questions, we conduct comparative experiments on various PCF techniques with four datasets on two language pairs, English-Korean, and English-Japanese. Through the experiments, we demonstrate that the performance of the deep learning-based PCF highly depends on the targeting parallel corpus, and shows fluctuating adaptability depending on their characteristics. In particular, we figure out that high-scored sentences derived by the PCF technique do not necessarily guarantee high-quality results, rather it shows unintended preference.",,0.5346887,0.30690423,0.45324433,0.47360542,0.125,0.16666666666666666,0.0,,,,
0,822,362,True,1749,200,{Operationalizing Explainable Artificial Intelligence in the European Union Regulatory Ecosystem},"Nannini, L and Alonso-Moral, J M and Catal{\'{a}}, A and Lama, M and Barro, S",2024,IEEE Intelligent Systems,10.1109/MIS.2024.3383155,"The European Union's (EU's) regulatory ecosystem presents challenges with balancing legal and sociotechnical drivers for explainable artificial intelligence (XAI) systems. Core tensions emerge on dimensions of oversight, user needs, and litigation. This article maps provisions on algorithmic transparency and explainability across major EU data, AI, and platform policies using qualitative analysis. We characterize the involved stakeholders and organizational implementation targets. Constraints become visible between useful transparency for accountability and confidentiality protections. Through an AI hiring system example, we explore the complications with operationalizing explainability. Customization is required to satisfy explainability desires within confidentiality and proportionality bounds. The findings advise technologists on prudent XAI technique selection given multidimensional tensions. The outcomes recommend that policy makers balance worthy transparency goals with cohesive legislation, enabling equitable dispute resolution.","Artificial intelligence,Ecosystems,Europe,Explainable AI,Intelligent systems,Law,Regulation,Sociotechnical systems,Stakeholders",0.34388554,0.19738574,0.3194251,0.3255402,0.5,0.08333333333333333,0.0,,,,
0,834,365,True,1749,200,{Machine-learning-assisted classification of construction and demolition waste fragments using computer vision: Convolution versus extraction of selected features},"Ne{\v{z}}erka, V and Zb{\'{i}}ral, T and Trejbal, J and Nezerka, V and Zb{\'{i}}ral, T and Trejbal, J",2024,EXPERT SYSTEMS WITH APPLICATIONS,10.1016/j.eswa.2023.121568,"Improper sorting of construction , demolition waste (CDW) leads to significant environmental and economic implications, including inefficient resource use and missed recycling opportunities. To address this, we developed a machine-learning-assisted procedure for recognizing CDW fragments using an RGB camera. Our approach uniquely leverages selected feature extraction, enhancing classification speed and accuracy. We employed three classifiers: convolutional neural network (CNN), gradient boosting (GB) decision trees , multi-layer perception (MLP). Notably, our method's extraction of selected features for GB and MLP outperformed the traditional CNN in terms of speed and accuracy, especially for challenging samples with similar textures. Specifically, while convolution resulted in an overall accuracy of 85.9%, our innovative feature extraction approach yielded accuracies up to 92.3%. This study's findings have significant implications for the future of CDW management, offering a pathway for efficient and accurate waste sorting, fostering sustainable resource use, and reducing the environmental impact of CDW disposal. Supplementary materials, including datasets, codes, and models, are provided, promoting transparency and reproducibility.","Algorithm evaluation,Automated classification,CDW management,Classification (of information),Computer vision,Construction and demolition waste,Construction and demolition waste management,Convolution,Convolutional neural network,Convolutional neural networks,Decision trees,Deep learning,Environmental impact,Extraction,Feature extraction,Features extraction,Image classification,Image-based,Image-based sorting,Machine-learning,Multilayer neural networks,Texture analysis,Textures,Waste disposal",0.47188103,0.2708535,0.4295799,0.44015518,0.125,0.08333333333333333,0.3333333333333333,,,,
0,837,368,True,1749,200,{Attention uncovers task-relevant semantics in emotional narrative understanding},"Nguyen, T S and Wu, Z X and Ong, D C",2021,KNOWLEDGE-BASED SYSTEMS,10.1016/j.knosys.2021.107162,"Attention mechanisms in deep neural network models have helped them to achieve exceptional performance at complex natural language processing tasks. Previous attempts to investigate what these models have been ""paying attention to"" suggest that these attention representations capture syntactic information, but there is less evidence for semantics. In this paper, we investigate the capability of an attention mechanism to ""attend to"" semantically meaningful words. Using a dataset of naturalistic emotional narratives, we first build a Window-Based Attention (WBA) consisting of a hierarchical, two-level long short-term memory (LSTM) with softmax attention. Our model outperforms state-ofthe-art models at predicting emotional valence, and even surpassing average human performance. Next, we show in detailed analyses, including word deletion experiments and visualizations, that words that receive higher attention weights in our model also tend to have greater emotional semantic meaning. Experimental results using six different pre-trained word embeddings suggest that deep neural network models which achieve human-level performance may learn to place greater attention weights on words that humans find semantically meaningful to the task at hand. (C) 2021 Elsevier B.V. All rights reserved.",,0.59682906,0.34257197,0.3357814,0.40104333,0.0,0.0,0.2222222222222222,,,,
0,857,376,True,1749,200,{Classification of cognitive syndromes in a Southeast Asian population: Interpretable graph convolutional neural networks},"Ong, C Z L and Vipin, A and Leow, Y J and Tanoto, P and Lee, FPHE and Ghildiyal, S and Liew, S Y and Zhang, Y T and Ali, A A and Rajapakse, J C and Kandiah, N",2025,KNOWLEDGE-BASED SYSTEMS,10.1016/j.knosys.2024.112855,"Dementia is a debilitating disease that afflicts a large population worldwide. Early diagnosis of cognitive impairment can allow for preventative measures to be taken to slow down or prevent the progression to dementia. In this study, we devise an interpretable graph convolutional neural network approach, GCNEnsemble, using both non-clinical variables such as MRI preprocessed features including cortical thickness and gray matter volumes, and clinical features from a community-dwelling Southeast Asian population in Singapore aged between 30 and 95 years from the Biomarker and Cognition study (BIOCIS), to classify participants into cognitively normal, subjective cognitive decline, and mild cognitive impairment. We further conducted ablation studies and varied the quantities of labeled data to understand the contribution of the non-clinical features and the applicability of GCNEnsemble in low to high labeled data availability scenarios. GCNEnsemble was able to attain the highest accuracy and Matthew's correlation coefficient compared to existing state-of-the-art methods. Feature interpretability via Integrated Gradients identified features such as visual cognitive assessment test (VCAT), systolic and diastolic blood pressure, and cerebrospinal fluid volume as key features for the classification, with VCAT having the highest feature importance. There was higher median cerebrospinal fluid volume, right frontal pole thickness, left pallidum volume, and right hippocampal fissure volume but lower VCAT for the mild cognitive impairment group than the two other groups. In conclusion, GCNEnsemble can be used as a semisupervised interpretable classification tool for cognitive syndrome in a Southeast Asian population.",,0.46553397,0.26721033,0.38068396,0.40189648,0.125,0.0,0.2222222222222222,,,,
0,868,378,True,1749,200,{Stereo Hand-Object Reconstruction for Human-to-Robot Handover},"Pang, Y L and Xompero, A and Oh, C and Cavallaro, A",2025,IEEE Robotics and Automation Letters,10.1109/LRA.2025.3562790,"Jointly estimating hand and object shape facilitates the grasping task in human-to-robot handovers. Relying on hand-crafted prior knowledge about the geometric structure of the object fails when generalising to unseen objects, and depth sensors fail to detect transparent objects such as drinking glasses. In this work, we propose a method for hand-object reconstruction that combines single-view reconstructions probabilistically to form a coherent stereo reconstruction. We learn 3D shape priors from a large synthetic hand-object dataset, and use RGB inputs to better capture transparent objects. We show that our method reduces the object Chamfer distance compared to existing RGB based hand-object reconstruction methods on single view and stereo settings. We process the reconstructed hand-object shape with a projection-based outlier removal step and use the output to guide a human-to-robot handover pipeline with wide-baseline stereo RGB cameras. Our hand-object reconstruction enables a robot to successfully receive a diverse range of household objects from the human.","Cameras,Handover,Hands,Human-robot collaboration,Image reconstruction,Pipelines,Probability distribution,Sensors,Shape,Three-dimensional displays,Training,deep learning for visual perception,perception for grasping and manipulation,physical human-robot interaction",0.41888958,0.24043706,0.2575109,0.29785556,0.125,0.08333333333333333,0.0,,,,
0,876,381,True,1749,200,{Attribute-based regularization of latent spaces for variational auto-encoders},"Pati, A and Lerch, A",2021,NEURAL COMPUTING & APPLICATIONS,10.1007/s00521-020-05270-2,"Selective manipulation of data attributes using deep generative models is an active area of research. In this paper, we present a novel method to structure the latent space of a variational auto-encoder to encode different continuous-valued attributes explicitly. This is accomplished by using an attribute regularization loss which enforces a monotonic relationship between the attribute values and the latent code of the dimension along which the attribute is to be encoded. Consequently, post training, the model can be used to manipulate the attribute by simply changing the latent code of the corresponding regularized dimension. The results obtained from several quantitative and qualitative experiments show that the proposed method leads to disentangled and interpretable latent spaces which can be used to effectively manipulate a wide range of data attributes spanning image and symbolic music domains.",,0.5251833,0.30144832,0.3628289,0.4034175,0.125,0.08333333333333333,0.0,,,,
0,904,392,True,1749,200,{Causally aware reinforcement learning agents for autonomous cyber defence},"Purves, T and Kyriakopoulos, K G and Jenkins, S and Phillips, I and Dudman, T",2024,KNOWLEDGE-BASED SYSTEMS,10.1016/j.knosys.2024.112521,"Artificial Intelligence (AI) is seen as a disruptive solution to the ever increasing security threats on network infrastructures. To automate the process of defending networked environments from such threats, approaches such as Reinforcement Learning (RL) have been used to train agents in cyber adversarial games. One primary challenge is how contextual information could be integrated into RL models to create agents which adapt their behaviour to adversarial posture. Two desirable characteristics identified for such models are that they should be interpretable and causal. To address this challenge, we propose an approach through the integration of a causal rewards model with a modified Proximal Policy Optimisation (PPO) agent in Meta's MBRL-Lib framework. Our RL agents are trained and evaluated against a range of cyber-relevant scenarios in the Dstl YAWNING-TITAN (YT) environment. We have constructed and experimented with two types of reward functions to facilitate the agent's learning process. Evaluation metrics include, among others, games won by the defence agent (blue wins), episode length, healthy nodes and isolated nodes. Results show that, over all scenarios, our causally aware agent achieves better performance than causally- blind state-of-the-art benchmarks in these scenarios for the above evaluation metrics. In particular, with our proposed High Value Target (HVT) rewards function, which aims not to disrupt HVT nodes, the number of isolated nodes is improved by 17% and 18% against the model-free and Neural Network (NN) model-based agents across all scenarios. More importantly, the overall performance improvement for the blue wins metric exceeded that of model-free and NN model-based agents by 40% and 17%, respectively, across all scenarios.",,0.49281508,0.2828693,0.38802433,0.414222,0.125,0.0,0.2222222222222222,,,,
0,940,405,True,1749,200,{SCRE: special cargo relation extraction using representation learning},"Reshadat, V and Akcay, A and Zervanou, K and Zhang, Y and de Jong, E",2023,Neural Computing and Applications,10.1007/s00521-023-08704-9,"The airfreight industry of shipping goods with special handling needs, also known as special cargo, often deals with non-transparent data and outdated technology, resulting in significant inefficiency. A special cargo ontology is a means of extracting, structuring, and storing domain knowledge and representing the concepts and relationships that can be processed by computers. This ontology can be used as the base of semantic data retrieval in many artificial intelligence applications, such as planning for special cargo shipments. Domain information extraction is an essential task in implementing and maintaining special cargo ontology. However, the absence of domain information makes instantiating the cargo ontology challenging. We propose a relation representation learning approach based on a hierarchical attention-based multi-task model and leverage it in the special cargo domain. The proposed relation representation learning architecture is applied for identifying and categorizing samples of various relation types in the special cargo ontology. The model is trained with domain-specific documents on a number of semantic tasks that vary from lightweight tasks in the bottom layers to the heavyweight tasks in the top layers of the model in a hierarchical setting. Therefore, it conveys complementary input features and learns a rich representation. We also train a domain-specific relation representation model that relies only on an entity-linked corpus of cargo shipment domain. These two relation representation models are then employed in a supervised multi-class classifier called Special Cargo Relation Extractor (SCRE). The results of the experiments show that the proposed relation representation models can represent the complex semantic information of the special cargo domain efficiently. {\textcopyright}2023, The Author(s).","Cargo shipment,Data mining,Domain Knowledge,Domain knowledge,Domain specific,Learning systems,Ontology,Ontology's,Relation classification,Relation classifications,Relation extraction,Relation representation,Representation model,Semantic data retrieval,Semantics,Ships,Special cargo shipment",0.5377419,0.30865675,0.36556304,0.40860775,0.125,0.16666666666666666,0.1111111111111111,,,,
0,945,408,True,1749,200,{Use of a theory of expected information for sparse data and adverse events in clinical trials and other biomedical studies},"Robson, B and Baek, O K",2024,Information Sciences,10.1016/j.ins.2024.121027,"Objective: We argue for a novel contemporary information-theoretic approach to supplement current statistical and AI methods for design and analysis of biomedical studies such as stage I-III clinical trials or cohort studies with limited sample sizes and the potential for adverse events, and as a basis for decision support systems that address these issues. Current methodologies in trials have faced criticism, and the growing volume of available digital medical records suggests a fresh perspective. The wealth of high-dimensional data offers new opportunities. To tackle them, we wish to draw attention to multiple uses of the zeta function. The several practical advantages of this unusual feature are not evident a priori, so they are extensively discussed. Method: To tackle the challenges posed by sparse data, rare event analysis, we propose the combination of work of Black Swan Event (BSE) Theorists with extension of the Theory of Expected Information (TEI), from the 1970s, which is still employed in certain widely used bioinformatics algorithms and data mining practices. Our extension incorporates expectations of information derived from finite data, integrating over degrees of belief about physical probabilities. It is extended to predictive methods for selecting patients for clinical trials, which are “Glass Box”. Results: This framework leads to a set of methods utilizing the incomplete zeta function ς(s,n) summed over n observations, where s can take various meaningful values. Our findings indicate that formulations and algorithms built around such zeta functions can replace many statistics and computations in biomedical studies. Whenever we see a count n of something, possibly including a knowledge or degree of belief represented by a virtual count, it may appear as ς(s,n) in an appropriate new formulae. The “Glass Box” methods based on this often outperformed “Black Box” Machine Learning. Conclusions: These methods align with both frequentist and Bayesian approaches but also accommodate sparse data and justify intuitive rules-of-thumb (e.g., $\alpha$ = 0.05 significance threshold and the “rule of three” in trials). Furthermore, they provide “Glass Box” “explainable” AI, enhancing transparency and interpretability. This project received support from a South Korean government grant, specifically the Electronics and Telecommunications Research Institute (ETRI) grant 23ZS1100, focused on advancing Core Technology Research for Self-Improving Integrated Artificial Intelligence Systems. {\textcopyright}2024 Elsevier Inc.","'current,Adverse events,Bayesian networks,Bioinformatics,Biomedical studies,Biomedical study,Clinical trial,Clinical trials,Clustering algorithms,Data mining,Decision support systems,Degree of belief,Expected informations,Glass,Glass box,Information Theory,Information theory,Machine Learning,Machine learning,Machine-learning,Medical computing,Sparse data,Zeta function",0.3553732,0.20397949,0.4401605,0.41896367,0.375,0.25,0.1111111111111111,,,,
0,994,431,True,1749,200,{A Survey of Learning Classifier Systems in Games},"Shafi, K and Abbass, H A",2017,IEEE COMPUTATIONAL INTELLIGENCE MAGAZINE,10.1109/MCI.2016.2627670,"ames are becoming increasingly indispensable, not only for fun but also to support tasks that are more serious, such as education, strategic planning, and understanding of complex phenomena. Computational intelligence- based methods are contributing significantly to this development. Learning Classifier Systems (LCS) is a pioneering computational intelligence approach that combines machine learning methods with evolutionary computation, to learn problem solutions in the form of interpretable rules. These systems offer several advantages for game applications, including a powerful and flexible agent architecture built on a knowledgebased symbolic modeling engine; modeling flexibility that allows integrating domain knowledge and different machine learning mechanisms under a single computational framework; an ability to adapt to diverse game requirements; and an ability to learn and generate creative agent behaviors in real-time dynamic environments. We present a comprehensive and dedicated survey of LCS in computer games. The survey highlights the versatility and advantages of these systems by reviewing their application in a variety of games. The survey is organized according to a general game classification and provides an opportunity to bring this important research direction into the public eye. We discuss the strengths and weaknesses of the existing approaches and provide insights into important future research directions.",,0.5088508,0.29207364,0.33819914,0.38086206,0.125,0.25,0.0,,,,
0,1004,439,True,1749,200,{Long-term multivariate time series forecasting in data centers based on multi-factor separation evolutionary spatial-temporal graph neural networks},"Shen, F and Wang, J L and Zhang, Z W and Wang, X and Li, Y and Geng, Z W and Pan, B and Lu, Z Y and Zhao, W Y and Zhu, W W",2023,KNOWLEDGE-BASED SYSTEMS,10.1016/j.knosys.2023.110997,"Data center infrastructures require constant monitoring to ensure stable and reliable operation and time-series forecasting plays an indispensable role in intelligent operations and maintenance in data centers. However, the potential for accurate time-series predictions is often limited due to the overlooked relationships between data records from independent sensors. Inferring relationships for a potential graph representation of a data center is challenging due to complex relationships between nodes and multiple factors that may cause connections between them. Moreover, graphs change dynamically in long-term predictions, but current methods do not account for future graph changes. To address these challenges, we propose a long-term time-series forecasting framework called Multi-factor Separation Evolutionary Spatial-Temporal Graph Neural Networks (MSE-STGNN). Our framework considers edge diversity, graph changes and spatial-temporal architecture in long-term prediction processes and proposes three modules. Specifically, we propose a Multi-factor Separation (MS) module to separate the factors influencing node connectivity, enabling the acquisition of a graph more closely aligned with actual circumstances; then we propose a Graph Prediction (GP) module to incorporate future graphs to correct errors in the graph on which multi-step predictions depend. Moreover, we propose an Attention-enhanced Spatial-temporal dilated causal convolution module (AS-Conv) to more effectively leverage information pertaining to spatial and historical events. Our experimental results on datasets comprising of temperature and IT power data collected from real-world data centers show that the proposed method outperforms other advanced prediction methods in terms of prediction accuracy, and the learned latent graphs are explainable.",,0.46181905,0.26507804,0.3887154,0.4069913,0.125,0.0,0.2222222222222222,,,,
0,1047,455,True,1749,200,{Identification of glioblastoma molecular subtype and prognosis based on deep MRI features},"Su, R and Liu, X Y and Jin, Q G and Liu, X F and Wei, L Y",2021,KNOWLEDGE-BASED SYSTEMS,10.1016/j.knosys.2021.107490,"Magnetic resonance imaging (MRI) has become an important tool to study the correlation between the imaging phenotypes and the molecular profiles of Glioblastoma multiforme (GBM), the most frequent and lethal brain tumor. This type of study is named ""Radiogenomics"". Currently, many radiogenomics studies segmented the tumors manually and then extracted hand-crafted MRI features for analysis. Automated segmentation approach as well as automatically learned features are urgently needed to release the burden of manual operation. In this study, we developed a predictive model, named DeepRA, based on deep imaging features and machine learning technologies to identify MRI signatures that enable accurate prediction of GBM molecular subtype and patient overall survival. We here for the first time used state-of-the-art deep imaging features to predict both molecular subtype and overall survival. We converted the high-dimensional deep feature representations to interpretable feature vector, selected the most distinguishing features and conducted the prediction. Experiments validated on The Cancer Genome Atlas (TCGA) data have shown that the DeepRA outperformed the traditional hand-crafted method. Also, compared with the regular convolutional neural networks used to segment tumors, the DeepRA presents a better performance, which shows the features extracted from DeepRA are more predictive. The implementation of the proposed method is available at https: //github.com/RanSuLab/GBM-subtype-survival. (c) 2021 Elsevier B.V. All rights reserved.",,0.53641033,0.30789244,0.29173195,0.35290155,0.125,0.0,0.2222222222222222,,,,
0,1075,466,True,1749,200,{Clinical-inspired skin lesions recognition based on deep hair removal with multi-level feature fusion},"Tan, L and Wu, H and Zhu, J and Liang, Y and Xia, J",2025,Pattern Recognition,10.1016/j.patcog.2024.111325,"Hair in dermoscopy images often obscures critical lesion details, reducing the accuracy of automated diagnostic systems. Hair removal techniques are used to eliminate hair, restore hidden lesion information, and enhance diagnostic tasks. However, traditional methods may either inadequately or excessively remove hair, leading to the loss of key lesion features. Additionally, the black-box nature of deep learning models often lacks interpretability, making it challenging to provide clinically relevant diagnostic evidence. To address these challenges, we propose a Clinical-Inspired Recognition Network for Skin Lesions Based on Deep Hair Removal with Multi-level Feature Fusion (MFF-CINet). In the core hair removal module of MFF-CINet, we design a Multi-level Feature Fusion (MFF) submodule for hair segmentation, which combines deep and shallow features through skip connections and upsampling, expanding the receptive field and refining hair feature extraction. To ensure the realism of hair-removed images after inpainting, we propose a Global-Local Discriminator (GLD) that imposes dual constraints on global and local features. The global discriminator assesses overall image coherence, while the local discriminator ensures consistency in lesion detail features. Additionally, inspired by clinical practices, we integrate a physician-inspired diagnostic strategy to guide the automated recognition of skin lesions, enhancing both interpretability and diagnostic accuracy. Based on the ISIC public dataset, we generate paired hair-free and hair-containing images to train the network. Comparative evaluations show that our approach outperforms mainstream methods in hair removal, significantly improves recognition accuracy, and enhances model interpretability. {\textcopyright}2024","Clinical-inspired recognition,Deep hair removal,Dermatology,Dermoscopy image,Dermoscopy images,Diagnosis,Features fusions,Global-local,Global-local discriminator,Hair removal,Image enhancement,Image fusion,Image segmentation,Multi-level feature fusion,Multilevels,Skin lesion",0.50974923,0.29258934,0.2997421,0.3522439,0.125,0.08333333333333333,0.1111111111111111,,,,
0,1079,469,True,1749,200,{Automatic two-dimensional & three-dimensional video analysis with deep learning for movement disorders: A systematic review☆},"Tang, W and van Ooijen, P M A and Sival, D A and Maurits, N M",2024,ARTIFICIAL INTELLIGENCE IN MEDICINE,10.1016/j.artmed.2024.102952,"The advent of computer vision technology and increased usage of video cameras in clinical settings have facilitated advancements in movement disorder analysis. This review investigated these advancements in terms of providing practical, low-cost solutions for the diagnosis and analysis of movement disorders, such as Parkinson's disease, ataxia, dyskinesia, and Tourette syndrome. Traditional diagnostic methods for movement disorders are typically reliant on the subjective assessment of motor symptoms, which poses inherent challenges. Furthermore, early symptoms are often overlooked, and overlapping symptoms across diseases can complicate early diagnosis. Consequently, deep learning has been used for the objective video-based analysis of movement disorders. This study systematically reviewed the latest advancements in automatic two-dimensional & three-dimensional video analysis using deep learning for movement disorders. We comprehensively analyzed the literature published until September 2023 by searching the Web of Science, PubMed, Scopus, and Embase databases. We identified 68 relevant studies and extracted information on their objectives, datasets, modalities, and methodologies. The study aimed to identify, catalogue, and present the most significant advancements, offering a consolidated knowledge base on the role of video analysis and deep learning in movement disorder analysis. First, the objectives, including specific PD symptom quantification, ataxia assessment, cerebral palsy assessment, gait disorder analysis, tremor assessment, tic detection (in the context of Tourette syndrome), dystonia assessment, and abnormal movement recognition were discussed. Thereafter, the datasets used in the study were examined. Subsequently, video modalities and deep learning methodologies related to the topic were investigated. Finally, the challenges and opportunities in terms of datasets, interpretability, evaluation methods, and home/remote monitoring were discussed.",,0.46779847,0.26851016,0.3388244,0.3710679,0.125,0.08333333333333333,0.0,,,,
0,1097,476,True,1749,200,{Multiomics and eXplainable artificial intelligence for decision support in insulin resistance early diagnosis: A pediatric population-based longitudinal study},"Torres-Martos, {\'{A}} and Anguita-Ruiz, A and Bustos-Aibar, M and Ram{\'{i}}rez-Mena, A and Arteaga, M and Bueno, G and Leis, R and Aguilera, C M and Alcal{\'{a}}, R and Alcal{\'{a}}-Fdez, J",2024,Artificial Intelligence in Medicine,10.1016/j.artmed.2024.102962 LK - https://unimib.on.worldcat.org/atoztitles/link?sid=EMBASE&sid=EMBASE&issn=18732860&id=doi:10.1016%2Fj.artmed.2024.102962&atitle=Multiomics+and+eXplainable+artificial+intelligence+for+decision+support+in+insulin+resistance+early+diagnosis%3A+A+pediatric+population-based+longitudinal+study&stitle=Artif.+Intell.+Med.&title=Artificial+Intelligence+in+Medicine&volume=156&issue=&spage=&epage=&aulast=Torres-Martos&aufirst=%C3%81lvaro&auinit=%C3%81.&aufull=Torres-Martos+%C3%81.&coden=AIMEE&isbn=&pages=-&date=2024&auinit1=%C3%81&auinitm=,"Pediatric obesity can drastically heighten the risk of cardiometabolic alterations later in life, with insulin resistance standing as the cornerstone linking adiposity to the increased cardiovascular risk. Puberty has been pointed out as a critical stage after which obesity-associated insulin resistance is more difficult to revert. Timely prediction of insulin resistance in pediatric obesity is therefore vital for mitigating the risk of its associated comorbidities. The construction of effective and robust predictive systems for a complex health outcome like insulin resistance during the early stages of life demands the adoption of longitudinal designs for more causal inferences, and the integration of factors of varying nature involved in its onset. In this work, we propose an eXplainable Artificial Intelligence-based decision support pipeline for early diagnosis of insulin resistance in a longitudinal cohort of 90 children. For that, we leverage multi-omics (genomics and epigenomics) and clinical data from the pre-pubertal stage. Different data layers combinations, pre-processing techniques (missing values, feature selection, class imbalance, etc.), algorithms, training procedures were considered following good practices for Machine Learning. SHapley Additive exPlanations were provided for specialists to understand both the decision-making mechanisms of the system and the impact of the features on each automatic decision, an essential issue in high-risk areas such as this one where system decisions may affect people's lives. The system showed a relevant predictive ability (AUC and G-mean of 0.92). A deep exploration, both at the global and the local level, revealed promising biomarkers of insulin resistance in our population, highlighting classical markers, such as Body Mass Index z-score or leptin/adiponectin ratio, and novel ones such as methylation patterns of relevant genes, such as HDAC4, PTPRN2, MATN2, RASGRF1 and EBF1. Our findings highlight the importance of integrating multi-omics data and following eXplainable Artificial Intelligence trends when building decision support systems.","DNA methylation,Shapley additive explanation,algorithm,analytical parameters,article,artificial neural network,biological marker,body mass,capacity building,child,clinical decision making,clinical decision support system,cohort analysis,computer assisted diagnosis,data processing,decision tree,diagnostic accuracy,diagnostic error,diagnostic test accuracy study,early b cell factor 1,early diagnosis,epigenetics,explainable artificial intelligence,false positive result,feature selection,female,futurology,genomics,high risk population,histone deacetylase 4,human,insulin resistance,leptin adiponectin ratio,longitudinal study,machine learning,machine learning software,major clinical study,male,matrilin,matrilin 2,multiomics,pediatric patient,peptides and proteins,phosphatase,population research,predictive value,prepuberty,protein tyrosine phosphatase receptor type N2,random forest,ras protein specific guanine nucleotide releasing factor 1,receptor,sensitivity and specificity,support vector machine,trend study,true positive rate,unclassified drug",0.42307132,0.24283734,0.3717934,0.38461286,0.125,0.08333333333333333,0.3333333333333333,,,,
0,1098,477,True,1749,200,{Integrated Simultaneous Detection of Tactile and Bending Cues for Soft Robotics},"Totaro, M and Mondini, A and Bellacicca, A and Milani, P and Beccai, L",2017,SOFT ROBOTICS,10.1089/soro.2016.0049,"Soft robots should move in an unstructured environment and explore it and, to do so, they should be able to measure and distinguish proprioceptive and exteroceptive stimuli. This can be done by embedding mechano-sensing systems in the body of the robot. Here, we present a polydimethylsiloxane block sensorized with an electro-optical system and a resistive strain gauge made with the supersonic cluster beam implantation (SCBI) technique. We show how to integrate these sensing elements during the whole fabrication process of the soft body and we demonstrate that their presence does not change the mechanical properties of the bulk material. Exploiting the position of both sensing systems and a proper combination of the output signals, we present a strategy to measure simultaneously external pressure and positive/negative bending of the body. In particular, the optical system can reveal any mechanical stimulation (external from the soft block or due to its own deformation), while the resistive strain gauge is insensitive to the external pressure, but sensitive to the bending of the body. This solution, here applied to a simple block of soft material, could be extended to the whole body of a soft robot. This approach provides detection and discrimination of the two stimuli (pressure and bending), with low computational effort and without significant mechanical constraint.",,0.08802139,0.050523106,0.3509624,0.28522715,0.0,0.08333333333333333,0.0,,,,
0,1105,479,True,1749,200,{Interpretable Autonomous Flight Via Compact Visualizable Neural Circuit Policies},"Tylkin, P and Wang, T -H. and Palko, K and Allen, R and Siu, H C and Wrafter, D and Seyde, T and Amini, A and Rus, D",2022,IEEE Robotics and Automation Letters,10.1109/LRA.2022.3146555,"We learn interpretable end-to-end controllers based on Neural Circuit Policies (NCPs) to enable goal reaching and dynamic obstacle avoidance in flight domains. In addition to being able to learn high-quality control, NCP networks are designed with a small number of neurons. This property allows for the learned policies to be interpreted at the neuron level and interrogated, leading to more robust understanding of why the artificial agents make the decisions that they do. We also demonstrate transfer of the learned policy to physical flight hardware by deploying a small NCP (200 KB of memory) capable of real-time inference on a Raspberry Pi Zero controlling a DJI Tello drone. Designing interpretable artificial agents is crucial for building trustworthy AIs, both as fully autonomous systems and also for parallel autonomy, where humans and AIs work on collaboratively solving problems in the same environment.","Computational modeling,Drones,Hardware,Neural circuits,Neurons,Reinforcement learning,Sensors,Visualization,aerial systems: perception and autonomy,machine learning for robot control",0.52081823,0.2989428,0.3716799,0.40896448,0.125,0.0,0.2222222222222222,,,,
0,1130,490,True,1749,200,{Cluster-based data relabelling for classification},"Wan, H and Wang, H and Scotney, B and Liu, J and Wei, X",2023,Information Sciences,10.1016/j.ins.2023.119485,"Linear classifiers are generally simpler and more explainable than their nonlinear variants. They can achieve satisfactory classification performance on linearly separable data, but not on nonlinear data. So, linear classifiers need extending, typically by modification of their algorithms, resulting in their nonlinear variants. In this paper we present one general method, cluster-based data relabelling (CBDR), that allows linear classifiers to work effectively on nonlinear data. CBDR partitions the data set into several non-overlapping class-specific clusters and relabels data by the clusters. A linear classifier can then be applied to the relabelled data to seek cluster-based linear decision boundaries instead of class-based decision boundaries. Extensive experimentation has demonstrated that CBDR can significantly enhance the classification performance of linear classifiers, and even outperform their nonlinear variants. Further experimentation has demonstrated that CBDR can also improve the classification performance of nonlinear classifiers. Most significant outperformance was observed on imbalanced data in both cases. {\textcopyright}2023 Elsevier Inc.","Classification,Classifier,Classifiers,Cluster-based,Cluster-based data relabeling,Cluster-based data relabelling,Decision tree,Decision trees,Discriminant analysis,Learning systems,Linear classifiers,Linear discriminant analyse classifier,Linear discriminant analysis classifier,Linear discriminant analyze,Machine learning,Machine-learning,Multilayer neural networks,Multilayer perceptron,Multilayers perceptrons,Naive Bayes classifier,Naive Bayes classifiers,Pattern recognition,Relabelling,Support vector machine,Support vector machines,Support vectors machine",0.4033913,0.23154132,0.3807894,0.38643986,0.125,0.08333333333333333,0.2222222222222222,,,,
0,1140,495,True,1749,200,{TAGAT: Type-Aware Graph Attention neTworks for reasoning over knowledge graphs},"Wang, Y and Wang, H and He, J and Lu, W and Gao, S",2021,Knowledge-Based Systems,10.1016/j.knosys.2021.107500,"With the rapid development of knowledge graphs (KGs), various AI-related applications have been affected positively. However, even though some KGs are relatively large, they still suffer from incompleteness. This has mighty promoted the development of reasoning over KGs to complement them. However, most existing reasoning methods only focus on semantics in the KG, ignoring potential or valuable information hidden in it, the most typical ones are neighborhood information and type information. This limits not only the reasoning performance but also the interpretability of the embedding space. To this end, we propose a Type-Aware Graph Attention neTworks (TAGAT) for the reasoning task over KGs. Except for combining type-related information during the embedding process, TAGAT further adopts a hierarchical attention mechanism to realize the perception of type and neighborhood information meticulously. For each entity, different attention levels respectively focus on considering the contribution of different relations, different types under each relation and different entity of each type under each relation. Moreover, the embedding space of TAGAT is constrained by the type information and naturally has better type-related interpretability, which greatly complements the defects of existing KGC models. Extensive experiments validate the high reasoning performance and the relatively ideal interpretability of our model. {\textcopyright}2021 Elsevier B.V.","Attention mechanisms,Embeddings,Graph attention network,Graph embeddings,Hierarchical attention mechanism,Interpretability,Knowledge graph,Knowledge graph embedding,Knowledge graphs,Knowledge reasoning,Semantics,Type information,Type-aware",0.61102694,0.35072136,0.28128338,0.36371928,0.125,0.16666666666666666,0.1111111111111111,,,,
0,1172,512,True,1749,200,{Automated detection of myocardial infarction based on an improved state refinement module for LSTM/GRU},"Wang, J and Guo, X",2024,Artificial Intelligence in Medicine,10.1016/j.artmed.2024.102865 LK - https://unimib.on.worldcat.org/atoztitles/link?sid=EMBASE&sid=EMBASE&issn=18732860&id=doi:10.1016%2Fj.artmed.2024.102865&atitle=Automated+detection+of+myocardial+infarction+based+on+an+improved+state+refinement+module+for+LSTM%2FGRU&stitle=Artif.+Intell.+Med.&title=Artificial+Intelligence+in+Medicine&volume=152&issue=&spage=&epage=&aulast=Wang&aufirst=Jibin&auinit=J.&aufull=Wang+J.&coden=AIMEE&isbn=&pages=-&date=2024&auinit1=J&auinitm=,"Myocardial infarction (MI) is a common cardiovascular disease caused by the blockages of coronary arteries. The visual inspection of electrocardiogram (ECG) is the main diagnosis pattern, while it is taxing and time-consuming. Motivated from state refinement module for long short term memory (SRM-LSTM), we proposed two improved state refinement frameworks based on LSTM and gated recurrent unit (GRU) called ISRM-LSTM and ISRM-GRU. Both are capable of adaptively refining current states of sample points in ECG with a message passing mechanism than existing LSTM. To evaluate the validity, both are installed into convolutional network architecture and standard LSTM, GRU and Residual networks are employed as control groups across the Physikalisch-Technische Bundesanstalt database. Empirical results confirm noticeable performance improvements than control groups and several existing algorithms with an accuracy of 99.1%. To our knowledge, both modules are the first attempt to consider the interaction characteristics into deep network and improve interpretability exhibiting considerable potentials on lightweight devices thanks to only utilization of three channel ECGs.","algorithm,article,automation,controlled study,convolutional neural network,diagnostic accuracy,electrocardiograph,electrocardiography,gated recurrent unit network,heart infarction,human,improved state refinement module,learning curve,long short term memory network,major clinical study,portable equipment,recurrent neural network,sensitivity and specificity,validity,wavelet transform",0.5026972,0.28854162,0.40640956,0.4304815,0.125,0.08333333333333333,0.2222222222222222,,,,
0,1182,517,True,1749,200,{Improving Self-Supervised Learning of Transparent Category Poses With Language Guidance and Implicit Physical Constraints},"Wang, P and Garattoni, L and Meier, S and Navab, N and Busam, B",2024,IEEE Robotics and Automation Letters,10.1109/LRA.2024.3440732,"Accurate object pose estimation is crucial for robotic applications and recent trends in category-level pose estimation show great potential for applications encountering a large variety of similar objects, often encountered in home environments. While common in such environments, photometrically challenging objects with transparency such as glasses are poorly handled by current methods. Especially using self-supervision to bridge the sim2real domain gap is difficult for transparent objects due to strong background changes and depth artifacts. To address this, we propose a novel pipeline which takes language guidance and implicit physical constraints for 2D and 3D self-supervisions. In specific, we utilize language guidance to obtain accurate 2D object segmentation which is robust to background changes. Further 3D self-supervisions are achieved by contact constraint and normal constraint from polarization inputs with a differentiable renderer. Instead of explicitly leveraging the depth measurements, we reason about implicit physical constraints for self-supervisions. Extensive experiments superior performance of our self-supervision approach over baselines on both the self-collected dataset and public benchmarks, addressing photometric challenges.","Accuracy,Encoding,Object detection,Pipelines,Pose estimation,RGB-D perception,Shape,Three-dimensional displays,Training,perception for grasping and manipulation,segmentation and categorization",0.47816837,0.27446237,0.28356874,0.33221865,0.125,0.08333333333333333,0.1111111111111111,,,,
0,1203,528,True,1749,200,{GO-MAE: Self-supervised pre-training via masked autoencoder for OCT image classification of gynecology},"Wang, H and Guo, X and Song, K and Sun, M and Shao, Y and Xue, S and Zhang, H and Zhang, T",2025,Neural Networks,10.1016/j.neunet.2024.106817 LK - https://unimib.on.worldcat.org/atoztitles/link?sid=EMBASE&sid=EMBASE&issn=18792782&id=doi:10.1016%2Fj.neunet.2024.106817&atitle=GO-MAE%3A+Self-supervised+pre-training+via+masked+autoencoder+for+OCT+image+classification+of+gynecology&stitle=Neural+Netw.&title=Neural+Networks&volume=181&issue=&spage=&epage=&aulast=Wang&aufirst=Haoran&auinit=H.&aufull=Wang+H.&coden=NNETE&isbn=&pages=-&date=2025&auinit1=H&auinitm=,"Genitourinary syndrome of menopause (GSM) is a physiological disorder caused by reduced levels of oestrogen in menopausal women. Gradually, its symptoms worsen with age and prolonged menopausal status, which gravely impacts the quality of life as well as the physical and mental health of the patients. In this regard, optical coherence tomography (OCT) system effectively reduces the patient's burden in clinical diagnosis with its noncontact, noninvasive tomographic imaging process. Consequently, supervised computer vision models applied on OCT images have yielded excellent results for disease diagnosis. However, manual labeling on an extensive number of medical images is expensive and time-consuming. To this end, this paper proposes GO-MAE, a pretraining framework for self-supervised learning of GSM OCT images based on Masked Autoencoder (MAE). To the best of our knowledge, this is the first study that applies self-supervised learning methods on the field of GSM disease screening. Focusing on the semantic complexity and feature sparsity of GSM OCT images, the objective of this study is two-pronged: first, a dynamic masking strategy is introduced for OCT characteristics in downstream tasks. This method can reduce the interference of invalid features on the model and shorten the training time. In the encoder design of MAE, we propose a convolutional neural network and transformer parallel network architecture (C&T), which aims to fuse the local and global representations of the relevant lesions in an interactive manner such that the model can still learn the richer differences between the feature information without labels. Thereafter, a series of experimental results on the acquired GSM-OCT dataset revealed that GO-MAE yields significant improvements over existing state-of-the-art techniques. Furthermore, the superiority of the model in terms of robustness and interpretability was verified through a series of comparative experiments and visualization operations, which consequently demonstrated its great potential for screening GSM symptoms.","autoencoder,classification,computer vision,convolutional neural network,deep learning,diagnosis,electric potential,estrogen,female,human,learning,masking,menopause,nerve cell network,optical coherence tomography,quality of life,review,training",0.38394988,0.22038217,0.46645665,0.44582996,0.125,0.08333333333333333,0.2222222222222222,,,,
0,1210,531,True,1749,200,{Scale-variant structural feature construction of EEG stream via component-increased Dynamic Tensor Decomposition},"Wei, S and Tang, Y B and Gao, T F and Wang, Y D and Wang, F and Cheng, D",2024,KNOWLEDGE-BASED SYSTEMS,10.1016/j.knosys.2024.111747,"The capability of constructing structural features of EEG stream has long been pursued to track the events and abnormalities correlating multiple data domains in a variant time scale, thus their evolution and/or causality may be better interpreted in connection with the EEG monitoring scenarios. However, how to adapt to the increasingly uncertain complexity of an up -scaling EEG tensor still remains an open issue in the derivation of the feature factors. This study then develops a framework of Component -Increased Dynamic Tensor Decomposition for this task (namely CIDTD ), which centers on an algorithm fusing existing feature factors and the features of the increment at each examination point: (1) complementing missing feature factors (increase in rank ), and (2) optimizing temporal factor matrix and non -temporal factor matrices alternately based on the increment regulated by factor matrices of other modes. Benchmark experiments have been conducted to validate CIDTD 's ability to handle variable -length incremental windows during one single trial. In terms of performance, the results demonstrate that CIDTD outperforms its counterparts by achieving up to a 6.51% improvement in fitness and faster average runtime per examination point compared to state-of-theart algorithms. A case study on the CHB-MIT dataset shows that the feature factors constructed by CIDTD can better characterize the epileptic EEG dynamics than counterparts do, in particular with emerging abnormalities well captured by new feature factors in an up -scaled examination. Overall, the proposed solution excels in (1) supporting general streaming tensor decomposition when rank has to increase and (2) capturing abnormalities in EEG streams with high accuracy, robustness, and interpretability.",,0.3328625,0.19105871,0.4670478,0.43350148,0.125,0.0,0.1111111111111111,,,,
0,1226,538,True,1749,200,{Tensor ring decomposition-based model with interpretable gradient factors regularization for tensor completion},"Wu, P L and Zhao, X L and Ding, M and Zheng, Y B and Cui, L B and Huang, T Z",2023,KNOWLEDGE-BASED SYSTEMS,10.1016/j.knosys.2022.110094,"Tensor ring (TR) decomposition, which factorizes a tensor into a sequence of cyclically interconnected third-order TR factors, is a powerful tool to capture the global low-rankness of high-dimensional data. However, the understanding of the physical interpretation of TR factors is not clear. In this paper, we first empirically discover the physical interpretation of TR factors in the gradient domain (termed as gradient factors) and then give the theoretical justification. Based on the interpretable gradient factors, we suggest a TR decomposition-based model with interpretable gradient factors regularization (TR-GFR) for tensor completion. To be specific, we consider the low-rankness and transformed sparsity priors of gradient factors to boost the performance and robustness of TR decomposition-based model. In addition, we develop an effective proximal alternating minimization algorithm to solve the proposed model. Numerical experiments validate that the proposed TR-GFR is superior to the compared state-of-the-art methods in terms of PSNR and SSIM values and more robust with TR rank.(c) 2022 Elsevier B.V. All rights reserved.",,0.44936496,0.25792953,0.32464087,0.3558219,0.125,0.0,0.1111111111111111,,,,
0,1267,555,True,1749,200,{Manifold Peaks Nonnegative Matrix Factorization},"Xu, X and He, P",2024,IEEE transactions on neural networks and learning systems,10.1109/TNNLS.2022.3212922 LK - https://unimib.on.worldcat.org/atoztitles/link?sid=EMBASE&sid=EMBASE&issn=21622388&id=doi:10.1109%2FTNNLS.2022.3212922&atitle=Manifold+Peaks+Nonnegative+Matrix+Factorization&stitle=IEEE+Trans+Neural+Netw+Learn+Syst&title=IEEE+transactions+on+neural+networks+and+learning+systems&volume=35&issue=5&spage=6850&epage=6862&aulast=Xu&aufirst=Xiaohua&auinit=X.&aufull=Xu+X.&coden=&isbn=&pages=6850-6862&date=2024&auinit1=X&auinitm=,"Nonnegative matrix factorization (NMF) has attracted increasing interest for its high interpretability in recent years. It is shown that the NMF is closely related to fuzzy k -means clustering, where the basis matrix represents the cluster centroids. However, most of the existing NMF-based clustering algorithms often have their decomposed centroids deviate away from the data manifold, which potentially undermines the clustering results, especially when the datasets lie on complicated geometric structures. In this article, we present a manifold peaks NMF (MPNMF) for data clustering. The proposed approach has the following advantages: 1) it selects a number of MPs to characterize the backbone of the data manifold; 2) it enforces the centroids to lie on the original data manifold, by restricting each centroid to be a conic combination of a small number of nearby MPs; 3) it generalizes the graph smoothness regularization to guide the local graph construction; and 4) it solves a general problem of quadratic regularized nonnegative least squares (NNLSs) with group l0 -norm constraint and further develops an efficient optimization algorithm to solve the objective function of the MPNMF. Extensive experiments on both synthetic and real-world datasets demonstrate the effectiveness of the proposed approach.","article,decomposition,k means clustering,least square analysis,non-negative matrix factorization",0.3309552,0.18996392,0.28785056,0.29862672,0.125,0.08333333333333333,0.0,,,,
0,1272,557,True,1749,200,{Modal disentangled generative adversarial networks for bidirectional magnetic resonance image synthesis},"Xu, L and Lei, Y and Shao, J and Zeng, X and Li, W",2025,Engineering Applications of Artificial Intelligence,10.1016/j.engappai.2024.109817,"Magnetic resonance imaging (MRI) is commonly used both in clinical diagnosis and scientific research. Owing to the high cost, time constraints, and limited application of multi-contrast MRI images obtained from metallic implants, it incurs low throughput and misses a specific modality. Medical image cross-modal synthesis based on Artificial Intelligence (AI) technologies is proposed to synthesize the desired missing modal images. However, it still suffers from low expandability, invisible latent representations, and poor interpretability. We thus propose modal disentanglement generative adversarial networks for bidirectional T1-weighted (T1-w) and T1-weighted (T2-w) medical image synthesis with controllable cross-modal synthesis and disentangled interpretability. Firstly, we construct a cross-modal synthesis model to achieve bidirectional generation between T1-w and T2-w MRI images, which can be easily extended for adaptive modality synthesis without training multiple generators and discriminators. Then, we use an easily trained deep network to disentangle deep representations in latent space and map representations in latent space into pixel space to visualize morphological images and yield multi-contrast MRI images with controllable feature generation. Besides, we construct an easy-to-interpret deep structure by incorporating morphology consistency to preserve edge contours and visualize deep representations in latent space to enable interpretability, which is critical for artificial intelligence oriented to engineering applications and clinical diagnostics. The experiments demonstrate that ours outperforms recent state-of-the-art methods with average improvements of 15.8% structural similarity (SSIM), 12.7% multiscale structural similarity (MSIM), 38.2% peak signal-to-noise ratio (PSNR) and 5.2% visual information fidelity (VIF) on benchmark datasets. {\textcopyright}2024 Elsevier Ltd","Adversarial networks,Bi-directional synthesis,Bidirectional synthesis,Clinical diagnostics,Controllable generation,Cross-modal,Diagnosis,Image enhancement,Interpretability,Interpretable artificial intelligence,Magnetic resonance imaging,Medical image processing,Modal synthesis,Representation visualization,Representations visualization,T1-weighted",0.52485037,0.30125716,0.34932697,0.39320782,0.125,0.08333333333333333,0.1111111111111111,,,,
0,1273,558,True,1749,200,{Online learning discriminative sparse convolution networks for robust UAV object tracking},"Xu, Q and Xu, Z and Wang, H and Chen, Y and Tao, L",2025,Knowledge-Based Systems,10.1016/j.knosys.2024.112742,"Despite the remarkable empirical success for UAV object tracking, current convolutional networks usually have three unavoidable limitations: (1) The feature maps produced by convolutional layers are difficult to interpret. (2) The network needs to be trained offline on a large-scale auxiliary training set, resulting in the feature extraction ability of the trained network depending on the categories of the training set. (3) The performance of networks suffers from sensitivity to hyper-parameters (such as learning rate and weight decay) when the network needs online fine-tuning. To overcome the three limitations, this paper proposes a Discriminative Sparse Convolutional Network (DSCN) that exhibits good layer-wise interpretability and can be trained online without requiring any auxiliary training data. By imposing sparsity constraints on the convolutional kernels, DSCN furnishes the convolution layer with an explicit data meaning, thus enhancing the interpretability of the feature maps. These convolutional kernels are directly learned online from image blocks, which eliminates the offline training process on auxiliary data sets. Moreover, a simple yet effective online tuning method with few hyper-parameters is proposed to fine-tune fully connected layers online. We have successfully applied DSCN to UAV object tracking and conducted extensive experiments on six mainstream UAV datasets. The experimental results demonstrate that our method performs favorably against several state-of-the-art tracking algorithms in terms of tracking accuracy and robustness. {\textcopyright}2024 Elsevier B.V.","Adversarial machine learning,Contrastive Learning,Convolution,Convolutional networks,Deep learning,Feature map,Federated learning,Hyper-parameter,Interpretability,Object Tracking,Online learning,Sparse constrain,Sparse constrains,Training sets,UAV object tracking",0.5566675,0.31951982,0.37252516,0.41856074,0.125,0.08333333333333333,0.2222222222222222,,,,
0,1279,560,True,1749,200,{Wavelet regularization benefits adversarial training},"Yan, J and Yin, H and Zhao, Z and Ge, W and Zhang, H and Rigoll, G",2023,Information Sciences,10.1016/j.ins.2023.119650,"Adversarial training methods are frequently-used empirical defense methods against adversarial examples. While many regularization techniques demonstrate effectiveness when combined with adversarial training, these methods typically work in the time domain. However, as the adversarial vulnerability can be considered a high-frequency phenomenon, it is crucial to regulate adversarially-trained neural network models in the frequency domain to capture low-frequency and high-frequency features. Neural networks must fully utilize the detailed local features extracted by their receptive field. To address these challenges, we conduct a theoretical analysis of the regularization properties of wavelets, which can enhance adversarial training. We propose a wavelet regularization method based on the Haar wavelet decomposition named Wavelet Average Pooling. This wavelet regularization module is integrated into a wide residual neural network to form a new model called WideWaveletResNet. On the CIFAR-10 and CIFAR-100 datasets, our proposed Adversarial Wavelet Training method demonstrates considerable robustness against different types of attacks. It confirms our assumption that our wavelet regularization method can enhance adversarial robustness, particularly in deep and wide neural networks. We present a detailed comparison of different wavelet base functions and conduct visualization experiments of the Frequency Principle (F-Principle) and interpretability to demonstrate the effectiveness of our method. The code is available on the open-source website: https://github.com/momo1986/AdversarialWaveletTraining. {\textcopyright}2023 Elsevier Inc.","Adversarial training,Deep learning,Frequency domain analysis,High frequency HF,Lipschitz constraint,Lipschitz constraints,Neural network models,Neural-networks,Open source software,Open systems,Regularization methods,Robustness,Time domain analysis,Training methods,Wavelet decomposition,Wavelet regularizations,Wavelet transform,Wavelets transform",0.4750875,0.27269393,0.33644366,0.37110463,0.125,0.08333333333333333,0.2222222222222222,,,,
0,1309,571,True,1749,200,{FGCAN: Filter-based Gated Contextual Attention Network for event detection},"Yao, S and Shuang, K and Li, R and Su, S",2021,Knowledge-Based Systems,10.1016/j.knosys.2021.107294,"Contextual information is widely used in natural language processing and is important for event detection. How to make full use of contextual information is a challenging problem. Traditional event detection methods mainly use sentence-level information to identify event triggers and classify them into specific types. Event trigger is defined as the word or phrase that most clearly expresses an event occurrence. However, the information used for detecting events is usually spread across multiple sentences, and sentence-level information is often insufficient to resolve ambiguities for some types of events. In this paper, we propose a novel Filter-based Gated Contextual Attention Network model called FGCAN, which is augmented with hierarchical contextualized representations to utilize both sentence-level and document-level information. In document level, we construct a gated contextual attention layer to extract document-level information by considering the relatedness between the current and other sentences and dynamically incorporate it into words. In this way, we can get cross-sentence clues without designing complex inference rules. In sentence level, we feed sentences into the classifier to get global information of them, and devise a rule-based filter algorithm to rectify the prediction of each word based on the probability ranking of the sentence labels, which is highly interpretable. These two mechanisms focusing on different scopes of contextual information can complement each other. The experimental results on the widely used ACE 2005 and KBP 2015 datasets show that our approach outperforms the state-of-the-art methods and the two components are effective in using contextual information. {\textcopyright}2021 Elsevier B.V.","Classification (of information),Contextual information,Detection methods,Event detection,Event trigger,Events detection,Filter algorithm,Filter-based,Language processing,Natural language processing systems,Natural languages,Neural network,Neural networks,Neural-networks,Sentence level",0.562468,0.32284918,0.29679656,0.36321443,0.125,0.16666666666666666,0.3333333333333333,,,,
0,1327,576,True,1749,200,{Explicit Duration Recurrent Networks},"Yu, S -Z.",2022,IEEE Transactions on Neural Networks and Learning Systems,10.1109/TNNLS.2021.3051019,"Recurrent neural networks (RNNs) can be used to operate over sequences of vectors and have been successfully applied to a variety of problems. However, it is hard to use RNNs to model the variable dwell time of the hidden state underlying an input sequence. In this article, we interpret the typical RNNs, including original RNN, standard long short-term memory (LSTM), peephole LSTM, projected LSTM, and gated recurrent unit (GRU), using a slightly extended hidden Markov model (HMM). Based on this interpretation, we are motivated to propose a novel RNN, called explicit duration recurrent network (EDRN), analog to a hidden semi-Markov model (HSMM). It has a better performance than conventional LSTMs and can explicitly model any duration distribution function of the hidden state. The model parameters become interpretable and can be used to infer many other quantities that the conventional RNNs cannot obtain. Therefore, EDRN is expected to extend and enrich the applications of RNNs. The interpretation also suggests that the conventional RNNs, including LSTM and GRU, can be made small modifications to improve their performance without increasing the parameters of the networks.","Computer architecture,Delay effects,Delays,Gated recurrent unit (GRU),Hidden Markov models,Logic gates,Standards,Time series analysis,hidden Markov model (HMM),hidden semi-Markov model (HSMM),long short-term memory (LSTM) networks,recurrent neural networks (RNNs),sequence learning,state duration distribution",0.4799214,0.27546856,0.34420693,0.37813556,0.125,0.08333333333333333,0.2222222222222222,,,,
0,1349,587,True,1749,200,{A Survey on Causal Reinforcement Learning},"Zeng, Y and Cai, R and Sun, F and Huang, L and Hao, Z",2025,IEEE transactions on neural networks and learning systems,10.1109/TNNLS.2024.3403001 LK - https://unimib.on.worldcat.org/atoztitles/link?sid=EMBASE&sid=EMBASE&issn=21622388&id=doi:10.1109%2FTNNLS.2024.3403001&atitle=A+Survey+on+Causal+Reinforcement+Learning&stitle=IEEE+Trans+Neural+Netw+Learn+Syst&title=IEEE+transactions+on+neural+networks+and+learning+systems&volume=36&issue=4&spage=5942&epage=5962&aulast=Zeng&aufirst=Yan&auinit=Y.&aufull=Zeng+Y.&coden=&isbn=&pages=5942-5962&date=2025&auinit1=Y&auinitm=,"While reinforcement learning (RL) achieves tremendous success in sequential decision-making problems of many domains, it still faces key challenges of data inefficiency and the lack of interpretability. Interestingly, many researchers have leveraged insights from the causality literature recently, bringing forth flourishing works to unify the merits of causality and address well the challenges from RL. As such, it is of great necessity and significance to collate these causal RL (CRL) works, offer a review of CRL methods, and investigate the potential functionality from causality toward RL. In particular, we divide the existing CRL approaches into two categories according to whether their causality-based information is given in advance or not. We further analyze each category in terms of the formalization of different models, ranging from the Markov decision process (MDP), partially observed MDP (POMDP), multiarmed bandits (MABs), imitation learning (IL), and dynamic treatment regime (DTR). Each of them represents a distinct type of causal graphical illustration. Moreover, we summarize the evaluation matrices and open sources, while we discuss emerging applications, along with promising prospects for the future development of CRL.","Markov chain,algorithm,artificial neural network,decision making,human,machine learning,reinforcement (psychology)",0.41740066,0.23958246,0.37665808,0.38684374,0.125,0.08333333333333333,0.2222222222222222,,,,
0,1368,594,True,1749,200,{An explainable multi-sparsity multi-kernel nonconvex optimization least-squares classifier method via ADMM},"Zhang, Z W and He, J and Cao, J and Li, S Q and Li, X S and Zhang, K and Wang, P J and Shi, Y",2022,NEURAL COMPUTING & APPLICATIONS,10.1007/s00521-022-07282-6,"Convex optimization techniques are extensively applied to various models, algorithms, and applications of machine learning and data mining. For optimization-based classification methods, the sparsity principle can greatly help to select simple classifier models, while the single- and multi-kernel methods can effectively address nonlinearly separable problems. However, the limited sparsity and kernel methods hinder the improvement of the predictive accuracy, efficiency, iterative update, and interpretable classification model. In this paper, we propose a new Explainable Multi-sparsity Multi-kernel Nonconvex Optimization Least-squares Classifier ((EMNOLC)-N-2) model, which is an optimization problem with a least-squares objective function and multi-sparsity multi-kernel nonconvex constraints, aiming to address the aforementioned issues. Based on reconstructed multiple kernel learning (MKL), the proposed model can extract important instances and features by finding the sparse coefficient and kernel weight vectors, which are used to compute importance or contribution to classification and obtain the explainable prediction. The corresponding (EMNOLC)-N-2 algorithm is implemented with the Alternating Direction Method of Multipliers (ADMM) method. On the real classification datasets, compared with the three ADMM classifiers of Linear Support Vector Machine Classifier, SVMC, Least Absolute Shrinkage and Selection Operator Classifier, the two MKL classifiers of SimpleMKL and EasyMKL, and the gradient descent classifier of Feature Selection for SVMC, our proposed (EMNOLC)-N-2 generally obtains the best predictive performance and explainable results with the least number of important instances and features having different contribution percentages.",,0.4825108,0.27695483,0.39531898,0.41711694,0.25,0.08333333333333333,0.0,,,,
0,1384,601,True,1749,200,{ShuffleTrans: Patch-wise weight shuffle for transparent object segmentation},"Zhang, B and Wang, Z and Ling, Y and Guan, Y and Zhang, S and Li, W and Wei, L and Zhang, C",2023,Neural Networks,10.1016/j.neunet.2023.08.011 LK - https://unimib.on.worldcat.org/atoztitles/link?sid=EMBASE&sid=EMBASE&issn=18792782&id=doi:10.1016%2Fj.neunet.2023.08.011&atitle=ShuffleTrans%3A+Patch-wise+weight+shuffle+for+transparent+object+segmentation&stitle=Neural+Netw.&title=Neural+Networks&volume=167&issue=&spage=199&epage=212&aulast=Zhang&aufirst=Boxiang&auinit=B.&aufull=Zhang+B.&coden=NNETE&isbn=&pages=199-212&date=2023&auinit1=B&auinitm=,"Transparent objects widely exist in the world. The task of transparent object segmentation is challenging as the object lacks its own texture. The cue of shape information therefore gets more critical. Most existing methods, however, rely on the mechanism of simple convolution, which is good at local cues and performs weakly on global cues like shape. To solve this problem, an operation named Patch-wise Weight Shuffle is proposed to bring in the global context cue by being combined with the dynamic convolution. A network ShuffleTrans that recognizes shape better is then designed based on this operation. Besides, fitter for this task, two auxiliary modules are presented in ShuffleTrans: a Boundary and Direction Refinement Module which collects two additional information, and a Channel Attention Enhancement Module that assists the above operation. Experiments on four texture-less object segmentation datasets and two normal datasets verify the effectiveness and generality of the method. Especially, the ShuffleTrans achieved 74.93% mIoU on the Trans10k v2 test set, which is more accurate than existing methods.","article,attention",0.3923456,0.22520119,0.41743094,0.41115963,0.125,0.0,0.1111111111111111,,,,
0,1389,602,True,1749,200,{Synergistic Integration Between Machine Learning and Agent-Based Modeling: A Multidisciplinary Review},"Zhang, W and Valencia, A and Chang, N.-B.",2023,IEEE transactions on neural networks and learning systems,10.1109/TNNLS.2021.3106777 LK - https://unimib.on.worldcat.org/atoztitles/link?sid=EMBASE&sid=EMBASE&issn=21622388&id=doi:10.1109%2FTNNLS.2021.3106777&atitle=Synergistic+Integration+Between+Machine+Learning+and+Agent-Based+Modeling%3A+A+Multidisciplinary+Review&stitle=IEEE+Trans+Neural+Netw+Learn+Syst&title=IEEE+transactions+on+neural+networks+and+learning+systems&volume=34&issue=5&spage=2170&epage=2190&aulast=Zhang&aufirst=Wei&auinit=W.&aufull=Zhang+W.&coden=&isbn=&pages=2170-2190&date=2023&auinit1=W&auinitm=,"Agent-based modeling (ABM) involves developing models in which agents make adaptive decisions in a changing environment. Machine-learning (ML) based inference models can improve sequential decision-making by learning agents' behavioral patterns. With the aid of ML, this emerging area can extend traditional agent-based schemes that hardcode agents' behavioral rules into an adaptive model. Even though there are plenty of studies that apply ML in ABMs, the generalized applicable scenarios, frameworks, and procedures for implementations are not well addressed. In this article, we provide a comprehensive review of applying ML in ABM based on four major scenarios, i.e., microagent-level situational awareness learning, microagent-level behavior intervention, macro-ABM-level emulator, and sequential decision-making. For these four scenarios, the related algorithms, frameworks, procedures of implementations, and multidisciplinary applications are thoroughly investigated. We also discuss how ML can improve prediction in ABMs by trading off the variance and bias and how ML can improve the sequential decision-making of microagent and macrolevel policymakers via a mechanism of reinforced behavioral intervention. At the end of this article, future perspectives of applying ML in ABMs are discussed with respect to data acquisition and quality issues, the possible solution of solving the convergence problem of reinforcement learning, interpretable ML applications, and bounded rationality of ABM.","article,awareness,decision making,prediction,reinforcement learning (machine learning)",0.49758828,0.28560907,0.39283156,0.41902074,0.125,0.08333333333333333,0.0,,,,
0,1402,607,True,1749,200,{Detecting mental and physical disorders using multi-task learning equipped with knowledge graph attention network},"Zhang, W and Kong, L and Lee, S and Chen, Y and Zhang, G and Wang, H and Song, M",2024,Artificial Intelligence in Medicine,10.1016/j.artmed.2024.102812 LK - https://unimib.on.worldcat.org/atoztitles/link?sid=EMBASE&sid=EMBASE&issn=18732860&id=doi:10.1016%2Fj.artmed.2024.102812&atitle=Detecting+mental+and+physical+disorders+using+multi-task+learning+equipped+with+knowledge+graph+attention+network&stitle=Artif.+Intell.+Med.&title=Artificial+Intelligence+in+Medicine&volume=149&issue=&spage=&epage=&aulast=Zhang&aufirst=Wei&auinit=W.&aufull=Zhang+W.&coden=AIMEE&isbn=&pages=-&date=2024&auinit1=W&auinitm=,"Mental and physical disorders (MPD) are inextricably linked in many medical cases; psychosomatic diseases can be induced by mental concerns and psychological discomfort can ensue from physiological diseases. However, existing medical informatics studies focus on identifying mental or physical disorders from a unilateral perspective. Consequently, no existing domain knowledge base, corpus, or detection modeling approach considers mental as well as physical aspects concurrently. This paper proposes a joint modeling approach to detect MPD. First, we crawl through online medical consultation records of patients from websites and build an MPD knowledge ontology by extracting the core conceptual features of the text. Based on the ontology, an MPD knowledge graph containing 12,673 nodes and 82,195 relations is obtained using term matching with a domain thesaurus of each concept. Subsequently, an MPD corpus with fine-grained severities (None, Mild, Moderate, Severe, Dangerous) and 8909 records is constructed by formulating MPD classification criteria and a data annotation process under the guidance of domain experts. Taking the knowledge graph and corpus as the dataset, we design a multi-task learning model to detect the MPD severity, in which a knowledge graph attention network (KGAT) is embedded to better extract knowledge features. Experiments are performed to demonstrate the effectiveness of our model. Furthermore, we employ ontology-based and centrality-based methods to discover additional potential inferred knowledge, which can be captured by KGAT so as to improve the prediction performance and interpretability of our model. Our dataset has been made publicly available, so it can be further used as a medical informatics reference in the fields of psychosomatic medicine, psychiatrics, physical co-morbidity, and so on.","anxiety disorder,article,artificial neural network,computer prediction,consultation,controlled study,depression,disease ontology,disease severity,feature extraction,human,knowledge base,knowledge graph attention network,levothyroxine sodium,linguistics,long short term memory network,lorazepam,medical record,mental disease,mirtazapine,papillary carcinoma,physical disease,stomach pain",0.46636954,0.26768994,0.3406489,0.37207904,0.125,0.16666666666666666,0.2222222222222222,,,,
0,1404,608,True,1749,200,"{A Transformative Topological Representation for Link Modeling, Prediction and Cross-Domain Network Analysis}","Zhang, K and Shen, J and He, G and Sun, Y and Ling, H and Zha, H and Li, H and Zhang, J",2024,IEEE Transactions on Pattern Analysis and Machine Intelligence,10.1109/TPAMI.2024.3378729,"Many complex social, biological, or physical systems are characterized as networks, and recovering the missing links of a network could shed important lights on its structure and dynamics. A good topological representation is crucial to accurate link modeling and prediction, yet how to account for the kaleidoscopic changes in link formation patterns remains a challenge, especially for analysis in cross-domain studies. We propose a new link representation scheme by projecting the local environment of a link into a “dipole plane”, where neighboring nodes of the link are positioned via their relative proximity to the two anchors of the link, like a dipole. By doing this, complex and discrete topology arising from link formation is turned to differentiable point-cloud distribution, opening up new possibilities for topological feature-engineering with desired expressiveness, interpretability and generalization. Our approach has comparable or even superior results against state-of-the-art GNNs, meanwhile with a model up to hundreds of times smaller and running much faster. Furthermore, it provides a universal platform to systematically profile, study, and compare link-patterns from miscellaneous real-world networks. This allows building a global link-pattern atlas, based on which we have uncovered interesting common patterns of link formation, i.e., the bridge-style, the radiation-style, and the community-style across a wide collection of networks with highly different nature.","Complex networks,Feature extraction,Graph neural networks,Kernel,Prediction algorithms,Predictive models,Topology,Vectors,graph neural networks,link prediction,topological representation",0.42116147,0.24174109,0.3301463,0.3529001,0.125,0.0,0.3333333333333333,,,,
0,1406,609,True,1749,200,{A Machine Learning Paradigm for Studying Pictorial Realism: How Accurate are Constable's Clouds?},"Zhang, Z and Mansfield, E C and Li, J and Russell, J and Young, G S and Adams, C and Bowley, K A and Wang, J Z",2024,IEEE Transactions on Pattern Analysis and Machine Intelligence,10.1109/TPAMI.2023.3324743,"The British landscape painter John Constable is considered foundational for the Realist movement in 19th-century European painting. Constable's painted skies, in particular, were seen as remarkably accurate by his contemporaries, an impression shared by many viewers today. Yet, assessing the accuracy of realist paintings like Constable's is subjective or intuitive, even for professional art historians, making it difficult to say with certainty what set Constable's skies apart from those of his contemporaries. Our goal is to contribute to a more objective understanding of Constable's realism. We propose a new machine-learning-based paradigm for studying pictorial realism in an explainable way. Our framework assesses realism by measuring the similarity between clouds painted by artists noted for their skies, like Constable, and photographs of clouds. The experimental results of cloud classification show that Constable approximates more consistently than his contemporaries the formal features of actual clouds in his paintings. The study, as a novel interdisciplinary approach that combines computer vision and machine learning, meteorology, and art history, is a springboard for broader and deeper analyses of pictorial realism.","Art,Clouds,Feature extraction,Image segmentation,John Constable,Machine learning,Painting,Pictorial realism,Visualization,cloud classification,feature fusion,style disentanglement",0.43232405,0.24814829,0.35764682,0.37631613,0.125,0.08333333333333333,0.0,,,,
0,1426,621,True,1749,200,{Lung segmentation and automatic detection of COVID-19 using radiomic features from chest CT images},"Zhao, C and Xu, Y and He, Z and Tang, J and Zhang, Y and Han, J and Shi, Y and Zhou, W",2021,Pattern Recognition,10.1016/j.patcog.2021.108071,"This paper aims to develop an automatic method to segment pulmonary parenchyma in chest CT images and analyze texture features from the segmented pulmonary parenchyma regions to assist radiologists in COVID-19 diagnosis. A new segmentation method, which integrates a three-dimensional (3D) V-Net with a shape deformation module implemented using a spatial transform network (STN), was proposed to segment pulmonary parenchyma in chest CT images. The 3D V-Net was adopted to perform an end-to-end lung extraction while the deformation module was utilized to refine the V-Net output according to the prior shape knowledge. The proposed segmentation method was validated against the manual annotation generated by experienced operators. The radiomic features measured from our segmentation results were further analyzed by sophisticated statistical models with high interpretability to discover significant independent features and detect COVID-19 infection. Experimental results demonstrated that compared with the manual annotation, the proposed segmentation method achieved a Dice similarity coefficient of 0.9796, a sensitivity of 0.9840, a specificity of 0.9954, and a mean surface distance error of 0.0318 mm. Furthermore, our COVID-19 classification model achieved an area under curve (AUC) of 0.9470, a sensitivity of 0.9670, and a specificity of 0.9270 when discriminating lung infection with COVID-19 from community-acquired pneumonia and healthy controls using statistically significant radiomic features. The significant features measured from our segmentation results agreed well with those from the manual annotation. Our approach has great promise for clinical use in facilitating automatic diagnosis of COVID-19 infection on chest CT images. {\textcopyright}2021 Elsevier Ltd","3D V-Net,3d V-net,Biological organs,COVID-19,CT Image,Chest CT,Computerized tomography,Deep learning,Deformation,Deformation module,Feature extraction,Image segmentation,Manual annotation,Pulmonary parenchyma,Pulmonary parenchyma segmentation,Segmentation methods,Textures",0.32774946,0.1881239,0.3049066,0.31061733,0.125,0.08333333333333333,0.1111111111111111,,,,
0,1431,623,True,1749,200,{Brain-Inspired Search Engine Assistant Based on Knowledge Graph},"Zhao, X and Chen, H and Xing, Z and Miao, C",2023,IEEE transactions on neural networks and learning systems,10.1109/TNNLS.2021.3113026 LK - https://unimib.on.worldcat.org/atoztitles/link?sid=EMBASE&sid=EMBASE&issn=21622388&id=doi:10.1109%2FTNNLS.2021.3113026&atitle=Brain-Inspired+Search+Engine+Assistant+Based+on+Knowledge+Graph&stitle=IEEE+Trans+Neural+Netw+Learn+Syst&title=IEEE+transactions+on+neural+networks+and+learning+systems&volume=34&issue=8&spage=4386&epage=4400&aulast=Zhao&aufirst=Xuejiao&auinit=X.&aufull=Zhao+X.&coden=&isbn=&pages=4386-4400&date=2023&auinit1=X&auinitm=,"Search engines can quickly respond to a hyperlink list according to query keywords. However, when a query is complex, developers need to repeatedly refine search keywords and open a large number of web pages to find and summarize answers. Many research works of question and answering (Q&A) system attempt to assist search engines by providing simple, accurate, and understandable answers. However, without original semantic contexts, these answers lack explainability, making them difficult for users to trust and adopt. In this article, a brain-inspired search engine assistant named DeveloperBot based on knowledge graph is proposed, which aligns to the cognitive process of humans and has the capacity to answer complex queries with explainability. Specifically, DeveloperBot first constructs a multilayer query graph by splitting a complex multiconstraint query into several ordered constraints. Then, it models a constraint reasoning process as a subgraph search process inspired by a spreading activation model of cognitive science. In the end, novel features of the subgraph are extracted for decision-making. The corresponding reasoning subgraph and answer confidence are derived as explanations. The results of the decision-making demonstrate that DeveloperBot can estimate answers and answer confidences with high accuracy. We implement a prototype and conduct a user study to evaluate whether and how the direct answers and the explanations provided by DeveloperBot can assist developers' information needs.","article,brain,decision making,human,human experiment,psychology,reasoning,search engine,trust",0.5231886,0.30030337,0.36392373,0.40373993,0.125,0.25,0.0,,,,
0,1434,625,True,1749,200,{Learning Probabilistic Coordinate Fields for Robust Correspondences},"Zhao, W and Lu, H and Ye, X and Cao, Z and Li, X",2023,IEEE Transactions on Pattern Analysis and Machine Intelligence,10.1109/TPAMI.2023.3284487,"We introduce Probabilistic Coordinate Fields (PCFs), a novel geometric-invariant coordinate representation for image correspondence problems. In contrast to standard Cartesian coordinates, PCFs encode coordinates in correspondence-specific barycentric coordinate systems (BCS) with affine invariance. To know when and where to trust the encoded coordinates, we implement PCFs in a probabilistic network termed PCF-Net, which parameterizes the distribution of coordinate fields as Gaussian mixture models. By jointly optimizing coordinate fields and their confidence conditioned on dense flows, PCF-Net can work with various feature descriptors when quantifying the reliability of PCFs by confidence maps. An interesting observation of this work is that the learned confidence map converges to geometrically coherent and semantically consistent regions, which facilitates robust coordinate representation. By delivering the confident coordinates to keypoint/feature descriptors, we show that PCF-Net can be used as a plug-in to existing correspondence-dependent approaches. Extensive experiments on both indoor and outdoor datasets suggest that accurate geometric invariant coordinates help to achieve the state of the art in several correspondence problems, such as sparse feature matching, dense image registration, camera pose estimation, and consistency filtering. Further, the interpretable confidence map predicted by PCF-Net can also be leveraged to other novel applications from texture transfer to multi-homography classification.","Affine invariance,Coherence,Encoding,Image registration,Probabilistic logic,Reliability,Transforms,Uncertainty,barycentric coordinates,coordinate representations,image correspondences,probabilistic modeling",0.49382836,0.28345096,0.42735136,0.44397062,0.125,0.08333333333333333,0.1111111111111111,,,,
0,1450,632,True,1749,200,{Sample-efficient reinforcement learning with knowledge-embedded hybrid model for optimal control of mining industry},"Zheng, J and Jia, R and Liu, S and He, D and Li, K and Wang, F",2024,Expert Systems with Applications,10.1016/j.eswa.2024.124402,"The froth flotation process is a cost-effective and widely employed method for mineral separation. A core challenge is to maximize mineral recovery while maintaining a specified minimum concentrate grade. This requires precise control of aeration and slurry level and overcoming disturbances. The rapid advancements in reinforcement learning present a promising approach for controlling froth flotation. However, reinforcement learning suffers from sample inefficiency, which significantly hampers its application to real-world problems. In this research, we proposed an innovative sample-efficient model-based reinforcement learning algorithm to enhance flotation performance by directly leveraging the dynamics of the slurry phase. Our proposed algorithm involves the construction of a hybrid model, comprising a physical model and a data residual model, which effectively learns the underlying dynamics of the flotation process during the interaction between the reinforcement learning agent and process. The physical model integrates domain knowledge into the hybrid model to expedite the training process and enhance the interpretability and generalizability of the hybrid model. To capture uncertainty and address unmodeled aspects of the physical model, we employ an ensemble data residual model. Actor and critic are augmented with fuzzy representation modules based on fuzzy logic inference to improve the learning capacity of the networks and the multi-head critic is applied to reduce overestimation biases and enhance training stability. Case studies demonstrate that, compared to the baseline algorithm, our proposed algorithm requires merely 86.8% of the samples employed by conventional model-based reinforcement learning algorithm and improves the long-term return by at least 12.0%, underscoring the role of domain knowledge in facilitating efficient reinforcement learning. {\textcopyright}2024 Elsevier Ltd","Cost effectiveness,Domain Knowledge,Ensemble learning,Froth flotation,Froth flotation process,Fuzzy logic,Fuzzy representation,Fuzzy representations,Hybrid model,Industrial optimal control,Learning algorithms,Learning systems,Model-based reinforcement learning,Optimal controls,Physical modelling,Reinforcement learning,Reinforcement learning algorithms,Reinforcement learnings",0.46077567,0.26447913,0.3790865,0.39950877,0.125,0.16666666666666666,0.1111111111111111,,,,
0,1453,634,True,1749,200,{Enhancing gastrointestinal submucosal tumor recognition in endoscopic ultrasonography: A novel multi-attribute guided contextual attention network},"Zheng, H and Dong, Z and Liu, T and Zheng, H and Wan, X and Bao, J",2024,Expert Systems with Applications,10.1016/j.eswa.2023.122725,"Endoscopic ultrasonography (EUS) is a valuable imaging modality for diagnosing gastrointestinal submucosal tumors (SMTs). However, inherent content variations in EUS images due to gastrointestinal tract mobility and handheld ultrasound instability challenge the saliency of SMTs' visual features. The presence of fine-grained inter-class and large intra-class differences further complicates EUS-based diagnosis. To address these issues, this paper presents a novel Multi-Attribute Guided Contextual Attention Network (MAG-CA-Net) for interpretable SMT recognition in EUS. Inspired by endoscopists' clinical diagnosis expertise, our framework initially localizes abnormal areas based on echo attributes and subsequently determines tumor categories using contextual semantics. Experimental results demonstrate the effectiveness of MAG-CA-Net, exhibiting improved recognition recall and precision rates for gastrointestinal stromal tumor, leiomyoma, and pancreatic rest. Specifically, the MAG network facilitates abnormal area localization, while the CA mechanism guides the model to focus on the most discriminative tumor-context-associated regions. The proposed method achieved an average classification accuracy of 93.16%, an average precision of 93.17%, a weighted recall of 93.16%, and an average F1-score of 93.15 % for the three disease categories. The proposed approach provides crucial guidelines for data collection standards and model development in the clinical diagnosis process of SMTs under EUS. Its interpretability analysis enhances the credibility of clinical physicians towards assisted diagnostic methods based on deep learning. The source code will be publicly available at https://gitee.com/HangbinZheng/mag-ca-net. {\textcopyright}2023 Elsevier Ltd","Attention mechanism,Attention mechanisms,Clinical diagnosis,Deep learning,Endoscopic ultrasonographies,Endoscopic ultrasonography,Endoscopy,Explainable AI,Gastrointestinal,Imaging modality,Knowledge-inspired,Multi-attributes,Semantics,Submucosal tumor,Tumor recognition,Tumors,Ultrasonography",0.47597232,0.27320185,0.37119883,0.39739218,0.25,0.08333333333333333,0.1111111111111111,,,,
0,1461,636,True,1749,200,{Deep forest hashing for image retrieval},"Zhou, M and Zeng, X and Chen, A",2019,Pattern Recognition,10.1016/j.patcog.2019.06.005,"Hashing methods have been intensively studied and widely used in image retrieval. Hashing methods aim to learn a group of hash functions to map original data into compact binary codes and simultaneously preserve some notion of similarity in the Hamming space. The generated binary codes are effective for image retrieval and highly efficient for large-scale data storage. The decision tree is a fast and interpretable model, but the current decision tree based hashing methods have insufficient learning ability due to the use of shallow decision trees. Most current deep hashing methods are based on deep neural networks. However, considering the deficiencies of deep neural network-based hashing, such as the presence of too many hyperparameters, poor interpretability, and requirement for expensive and powerful computational facilities during the training process, a non-deep neural network-based hashing model need to be designed to achieve efficient image retrieval with few hyperparameters, easy theoretical analysis and an efficient training process. The multi-grained cascade forest (gcForest) is a novel deep model that generates a deep forest ensemble classifier to process data layer-by-layer with multi-grained scanning and a cascade forest. To date, gcForest has not been used to generate compact binary codes; therefore, we propose a deep forest-based method for hashing learning that aims to learn shorter binary codes to achieve effective and efficient image retrieval. The experimental results show that the proposed method has better performance with shorter binary codes than other corresponding hashing methods. {\textcopyright}2019 Elsevier Ltd","Binary codes,Classification (of information),Data mining,Decision trees,Deep forest hashing,Deep neural networks,Digital storage,Ensemble classifiers,Forestry,Hash functions,Hashing learning,Hyperparameters,Image retrieval,Interpretability,Large scale data,Learning abilities,Search engines,Shorter binary codes,Training process",0.5274922,0.3027736,0.40788823,0.43778926,0.125,0.08333333333333333,0.3333333333333333,,,,
0,1475,642,True,1749,200,{Frequency-aware feature aggregation network with dual-task consistency for RGB-T salient object detection},"Zhou, H and Tian, C and Zhang, Z and Li, C and Xie, Y and Li, Z",2024,Pattern Recognition,10.1016/j.patcog.2023.110043,"RGB-Thermal salient object detection (SOD) aims to merge two spectral images to segment visually appealing objects. Current methods primarily extract salient object information in the pixel perspective. However, biological and psychological research indicates notable frequency sensitivity of the human visual system (HVS). The high-frequency (HF) and low-frequency (LF) information in images are processed by different neural channels, which has been overlooked in SOD. In this study, we argue that the objective of RGB-T SOD is not only to enhance feature representation in the pixel-aware but also to emulate human visual mechanisms. To our best knowledge, we explore RGB-T SOD from the frequency perspective for the first time. Specifically, we first present a frequency-aware multi-spectral feature aggregation module (FMFA) to exploit the separability and complementarity of frequency-aware features, generating and making full use of LF and HF cues. FMFA improves the feature representation of RGB-T from the frequency perspective and provides stronger frequency cues for boundary auxiliary tasks. Then, we develop an HF-guided signed distance map prediction module (HF-SDM) with dual-task consistency to effectively alleviate the coarse mask caused by blur boundary. HF-SDM employs the geometric relationship of objects which boosts the interaction between salient regions and boundaries. As a result, the model can gain sharper boundaries for salient objects. Finally, we propose a frequency-aware feature aggregation network (FFANet) incorporated with dual-task learning. Extensive experiments on RGB-T SOD datasets demonstrate that our proposed method outperforms other state-of-the-art methods. Ablation studies and visualizations further verify the effectiveness and interpretability of our method. {\textcopyright}2023 Elsevier Ltd","Aggregation network,Dual-task consistency,Dual-tasks,Feature aggregation,Feature extraction,Frequency feature aggregation,Frequency features,High frequency HF,Image segmentation,Object detection,Object recognition,Pixels,RGB-thermal,Salient object detection,Thermal",0.39866525,0.22882858,0.4570756,0.442473,0.125,0.08333333333333333,0.2222222222222222,,,,
0,1480,644,True,1749,200,{Interpretable knowledge recommendation for intelligent process planning with graph embedded deep reinforcement learning},"Zhou, G and Han, C and Zhang, C and Zhou, Y and Zeng, K and Liu, J and Li, J and Ding, K and Chan, F T S",2025,Advanced Engineering Informatics,10.1016/j.aei.2025.103321,"In the context of Industry 4.0, knowledge recommendation serves as the basis for intelligent process planning. However, the limited interpretability of knowledge recommendation systems make it challenging for users to understand and trust the recommendation process. Consequently, this paper defines an interpretable knowledge recommendation process (iKRP) task that transforms the knowledge recommendation process into a sequential decision-making task through deep reinforcement learning (DRL). It then generates relational paths to the answers based on the topic entities within the knowledge graph. To improve the interpretability of the recommended process knowledge, the following research approaches are proposed: (1) a framework for recommending sequences of process decision knowledge; (2) a TransEx knowledge graph embedding model that integrates attention mechanisms and complex-valued embeddings, with the accuracy improvements of 5.56 % over baseline method; (3) a process knowledge recommendation network based on DRL through the asynchronous superior actor-critic algorithm to achieve interpretability; (4) enhanced interpretability of the recommended process knowledge via the presentation of clear decision paths. Finally, the validity and reliability of the proposed method are demonstrated through application cases, which achieve a final accuracy rate of 0.8148. {\textcopyright}2025 Elsevier Ltd","Deep reinforcement learning,Intelligent process planning,Interpretability,Interpretable knowledge recommendation,Knowledge graph,Knowledge graphs,Knowledge reuse,Process decisions,Process knowledge,Reinforcement learnings,Research approach,Sequential decision making",0.5450543,0.312854,0.32971877,0.38355267,0.125,0.08333333333333333,0.2222222222222222,,,,
0,1510,657,True,1749,200,{The Mechanical Bard: An Interpretable Machine Learning Approach to Shakespearean Sonnet Generation},"Agnew, E and Qiu, M and Zhu, L and Wiseman, S and Rudin, C",2023,,10.18653/v1/2023.acl-short.140,"We consider the automated generation of sonnets, a poetic form constrained according to meter, rhyme scheme, and length. Sonnets generally also use rhetorical figures, expressive language, and a consistent theme or narrative. Our constrained decoding approach allows for the generation of sonnets within preset poetic constraints, while using a relatively modest neural backbone. Human evaluation confirms that our approach produces Shakespearean sonnets that resemble human-authored sonnets, and which adhere to the genre's defined constraints and contain lyrical language and literary devices. {\textcopyright}2023 Association for Computational Linguistics.","Automated generation,Computational linguistics,Constrained decoding,Human evaluation,Machine learning,Machine learning approaches,Mechanical",0.49819425,0.28595692,0.42233354,0.44129872,0.125,0.08333333333333333,0.1111111111111111,,,,
0,1541,668,True,1749,200,{Topological RANSAC for instance verification and retrieval without fine-tuning},"An, G and Seon, J and An, I and Huo, Y and Yoon, S E",2023,,,"This paper presents an innovative visual reasoning approach to enhancing instance verification and retrieval, particularly in situations where a fine-tuning set is unavailable. The widely-used SPatial verification (SP) method, despite its efficacy, relies on a spatial model and the hypothesis-testing strategy for instance recognition, leading to inherent limitations, including the assumption of planar structures and neglect of topological relations among features. To address these shortcomings, we introduce a pioneering technique that replaces the spatial model with a topological one within the RANSAC process. We propose bio-inspired saccade and fovea functions to verify the topological consistency among features, effectively circumventing the issues associated with SP's spatial model. Our experimental results demonstrate that our method significantly outperforms SP, achieving state-of-the-art performance in non-fine-tuning retrieval. Furthermore, our approach can enhance performance when used in conjunction with fine-tuned features. Importantly, our method retains high explainability and is lightweight, offering a practical and adaptable solution for a variety of real-world applications. Our code can be found through this link.",,0.45789778,0.26282728,0.47840428,0.47327766,0.125,0.08333333333333333,0.0,,,,
0,1550,673,True,1749,200,{On Computing Probabilistic Explanations for Decision Trees},"Arenas, M and Barcel{\'{o}}, P and Romero, M and Subercaseaux, B",2022,,,"Formal XAI (explainable AI) is a growing area that focuses on computing explanations with mathematical guarantees for the decisions made by ML models. Inside formal XAI, one of the most studied cases is that of explaining the choices taken by decision trees, as they are traditionally deemed as one of the most interpretable classes of models. Recent work has focused on studying the computation of sufficient reasons, a kind of explanation in which given a decision tree T and an instance x, one explains the decision T (x) by providing a subset y of the features of x such that for any other instance z compatible with y, it holds that T (z) = T (x), intuitively meaning that the features in y are already enough to fully justify the classification of x by T. It has been argued, however, that sufficient reasons constitute a restrictive notion of explanation. For such a reason, the community has started to study their probabilistic counterpart, in which one requires that the probability of T (z) = T (x) must be at least some value delta is an element of (0; 1], where z is a random instance that is compatible with y. Our paper settles the computational complexity of delta-sufficient-reasons over decision trees, showing that both (1) finding delta-sufficient-reasons that are minimal in size, and (2) finding delta-sufficient-reasons that are minimal inclusion-wise, do not admit polynomial-time algorithms (unless PTIME = NP). This is in stark contrast with the deterministic case (delta = 1) where inclusion-wise minimal sufficient-reasons are easy to compute. By doing this, we answer two open problems originally raised by Izza et al., and extend the hardness of explanations for Boolean circuits presented by Waldchen et al. to the more restricted case of decision trees. On the positive side, we identify structural restrictions of decision trees that make the problem tractable, and show how SAT solvers might be able to tackle these problems in practical settings.",,0.46635127,0.26767945,0.3470602,0.37688297,0.375,0.16666666666666666,0.0,,,,
0,1570,685,True,1749,200,{Accelerating Concept Learning via Sampling},"Baci, A and Heindorf, S",2023,,10.1145/3583780.3615158,"Node classification is an important task in many fields, e.g., predicting entity types in knowledge graphs, classifying papers in citation graphs, or classifying nodes in social networks. In many cases, it is crucial to explain why certain predictions are made. Towards this end, concept learning has been proposed as a means of interpretable node classification: given positive and negative examples in a knowledge base, concepts in description logics are learned that serve as classification models. However, state-of-the-art concept learners, including EvoLearner and CELOE exhibit long runtimes. In this paper, we propose to accelerate concept learning with graph sampling techniques. We experiment with seven techniques and tailor them to the setting of concept learning. In our experiments, we achieve a reduction in training size by over 90% while maintaining a high predictive performance. {\textcopyright}2023 Copyright held by the owner/author(s).","Citation graphs,Classification models,Concept learning,Data description,Description logic,Entity-types,Graph sampling,Graph samplings,Graph theory,Knowledge base,Knowledge bases,Knowledge graph,Knowledge graphs,Negative examples,Positive examples",0.5405981,0.31029618,0.35432148,0.40089065,0.125,0.16666666666666666,0.1111111111111111,,,,
0,1576,688,True,1749,200,{Conversational Decision-Making Model for Predicting the King's Decision in the Annals of the Joseon Dynasty},"Bak, J and Oh, A and Linguist, Assoc Computat",2018,,,"Styles of leaders when they make decisions in groups vary, and the different styles affect the performance of the group. To understand the key words and speakers associated with decisions, we initially formalize the problem as one of predicting leaders' decisions from discussion with group members. As a dataset, we introduce conversational meeting records from a historical corpus, and develop a hierarchical RNN structure with attention and pre-trained speaker embedding in the form of a, Conversational Decision Making Model (CDMM). The CDMM outperforms other baselines to predict leaders' final decisions from the data. We explain why CDMM works better than other methods by showing the key words and speakers discovered from the attentions as evidence.",,0.48448372,0.27808726,0.4256978,0.44039428,0.0,0.08333333333333333,0.0,,,,
0,1579,691,True,1749,200,{Sparse Exact PGA on Riemannian Manifolds},"Banerjee, M and Chakraborty, R and Vemuri, B C",2017,,10.1109/ICCV.2017.536,"Principal Component Analysis (PCA) is a widely popular dimensionality reduction technique for vector-valued inputs. In the past decade, a nonlinear generalization of PCA, called the Principal Geodesic Analysis (PGA) was developed to tackle data that lie on a smooth manifold. PGA suffers from the same problem as PCA in that, in both the methods, each Principal Component (PC) is a linear combination of the original variables. This makes it very difficult to interpret the PCs especially in high dimensions. This lead to the introduction of sparse PCA (SPCA) in the vector-space input case. In this paper, we present a novel generalization of SPCA, called sparse exact PGA (SEPGA) that can cope with manifold-valued input data and respect the intrinsic geometry of the underlying manifold. Sparsity has the advantage of not only easy interpretability but also computational efficiency. We achieve this by formulating the PGA problem as a minimization of the projection error in conjunction with sparsity constraints enforced on the principal vectors post isomorphic mapping to Rm, where m is the dimension of the manifold on which the data reside. Further, for constant curvature smooth manifolds, we use analytic formulae for the projection error leading to an efficient solution to the SEPGA problem. We present extensive experimental results demonstrating the performance of SEPGA in achieving very good sparse principal components without sacrificing the accuracy of reconstruction. This makes SEPGA accurate and efficient in representing manifold-valued data.","Algorithm design and analysis,Closed-form solutions,Electronics packaging,Linear programming,Manifolds,Optimization,Principal component analysis",0.34451622,0.19774777,0.37286663,0.36577904,0.125,0.08333333333333333,0.0,,,,
0,1616,711,True,1749,200,{Ordinal Historical Dependence in Graphical Event Models with Tree Representations},"Bhattacharjya, D and Gao, T and Subramanian, D and Intelligence, Assoc Advancement Artificial",2021,,,"Graphical event models are representations that capture process independence between different types of events in multivariate temporal point processes. The literature consists of various parametric models and approaches to learn them from multivariate event stream data. Since these models are interpretable, they are often able to provide beneficial insights about event dynamics. In this paper, we show how to compactly model the situation where the order of occurrences of an event's causes in some recent historical time interval impacts its occurrence rate; this sort of historical dependence is common in several real-world applications. To overcome the practical challenge of parameter explosion due to the number of potential orders that is super-exponential in the number of parents, we introduce a novel graphical event model based on a parametric tree representation for capturing ordinal historical dependence. We present an approach to learn such a model from data, demonstrating that the proposed model fits several real-world datasets better than relevant baselines. We also showcase the potential advantages of such a model to an analyst during the process of knowledge discovery.",,0.3991307,0.22909576,0.425552,0.41894668,0.125,0.08333333333333333,0.0,,,,
0,1623,714,True,1749,200,{A Trainable Spectral-Spatial Sparse Coding Model for Hyperspectral Image Restoration},"Bodrito, T and Zouaoui, A and Chanussot, J and Mairal, J",2021,,,"Hyperspectral imaging offers new perspectives for diverse applications, ranging from the monitoring of the environment using airborne or satellite remote sensing, precision farming, food safety, planetary exploration, or astrophysics. Unfortunately, the spectral diversity of information comes at the expense of various sources of degradation, and the lack of accurate ground-truth “clean” hyperspectral signals acquired on the spot makes restoration tasks challenging. In particular, training deep neural networks for restoration is difficult, in contrast to traditional RGB imaging problems where deep models tend to shine. In this paper, we advocate instead for a hybrid approach based on sparse coding principles that retains the interpretability of classical techniques encoding domain knowledge with handcrafted image priors, while allowing to train model parameters end-to-end without massive amounts of data. We show on various denoising benchmarks that our method is computationally efficient and significantly outperforms the state of the art. {\textcopyright}2021 Neural information processing systems foundation. All rights reserved.","Airborne remote sensing,Astrophysics,Coding models,Deep neural networks,Diverse applications,Food-safety,Ground truth,Hyperspectral imaging,Image coding,Image reconstruction,Independent component analysis,Interplanetary spacecraft,Planetary exploration,Precision-farming,Remote sensing,Restoration,Satellite remote sensing,Sparse coding,Spectral diversity,Spectroscopy",0.49367216,0.28336132,0.34996462,0.3858915,0.125,0.08333333333333333,0.2222222222222222,,,,
0,1628,717,True,1749,200,{What Languages are Easy to Language-Model? A Perspective from Learning Probabilistic Regular Languages},"Borenstein, N and Svete, A and Chan, R S M and Valvoda, J and Nowak, F and Augenstein, I and Chodroff, E and Cotterell, R",2024,,,"What can large language models learn? By definition, language models (LM) are distributions over strings. Therefore, an intuitive way of addressing the above question is to formalize it as a matter of learnability of classes of distributions over strings. While prior work in this direction focused on assessing the theoretical limits, in contrast, we seek to understand the empirical learnability. Unlike prior empirical work, we evaluate neural LMs on their home turf-learning probabilistic languages-rather than as classifiers of formal languages. In particular, we investigate the learnability of regular LMs (RLMs) by RNN and Transformer LMs. We empirically test the learnability of RLMs as a function of various complexity parameters of the RLM and the hidden state size of the neural LM. We find that the RLM rank, which corresponds to the size of linear space spanned by the logits of its conditional distributions, and the expected length of sampled strings are strong and significant predictors of learnability for both RNNs and Transformers. Several other predictors also reach significance, but with differing patterns between RNNs and Transformers.",,0.5314667,0.30505487,0.25752008,0.32600674,0.0,0.08333333333333333,0.1111111111111111,,,,
0,1634,721,True,1749,200,{A Two-Step Approach for the Prediction of Mood Levels Based on Diary Data},"Bremer, V and Becker, D and Genz, T and Funk, B and Lehr, D",2019,,10.1007/978-3-030-10997-4_39,"The analysis of diary data can increase insights into patients suffering from mental disorders and can help to personalize online interventions. We propose a two-step approach for such an analysis. We first categorize free text diary data into activity categories by applying a bag-of-words approach and explore recurrent neuronal networks to support this task. In a second step, we develop partial ordered logit models with varying levels of heterogeneity among clients to predict their mood. We estimate the parameters of these models by employing MCMC techniques and compare the models regarding their predictive performance. This two-step approach leads to an increased interpretability about the relationships between various activity categories and the individual mood level.",,0.4432937,0.25444472,0.42838776,0.43211424,0.125,0.0,0.1111111111111111,,,,
0,1641,724,True,1749,200,{A System for Explainable Answer Set Programming},"Cabalar, P and Fandinno, J and Mu{\~{n}}iz, B",2020,,10.4204/EPTCS.325.19,"We present xclingo, a tool for generating explanations from ASP programs annotated with text and labels. These annotations allow tracing the application of rules or the atoms derived by them. The input of xclingo is a markup language written as ASP comment lines, so the programs annotated in this way can still be accepted by a standard ASP solver. xclingo translates the annotations into additional predicates and rules and uses the ASP solver clingo to obtain the extension of those auxiliary predicates. This information is used afterwards to construct derivation trees containing textual explanations. The language allows selecting which atoms to explain and, in its turn, which atoms or rules to include in those explanations. We illustrate the basic features through a diagnosis problem from the literature.",,0.4659743,0.26746306,0.3594461,0.38607818,0.125,0.08333333333333333,0.0,,,,
0,1667,741,True,1749,200,{Embodied Multimodal Multitask Learning},"Chaplot, D S and Lee, L and Salakhutdinov, R and Parikh, D and Batra, D",2020,,,"Visually-grounded embodied language learning models have recently shown to be effective at learning multiple multimodal tasks such as following navigational instructions and answering questions. In this paper, we address two key limitations of these models, (a) the inability to transfer the grounded knowledge across different tasks and (b) the inability to transfer to new words and concepts not seen during training using only a few examples. We propose a multitask model which facilitates knowledge transfer across tasks by disentangling the knowledge of words and visual attributes in the intermediate representations. We create scenarios and datasets to quantify cross-task knowledge transfer and show that the proposed model outperforms a range of baselines in simulated 3D environments. We also show that this disentanglement of representations makes our model modular and interpretable which allows for transfer to instructions containing new concepts.*",,0.5695607,0.3269203,0.3215279,0.3835361,0.125,0.08333333333333333,0.0,,,,
0,1681,750,True,1749,200,{Lifted Message Passing for Hybrid Probabilistic Inference},"Chen, Y Q and Ruozzi, N and Natarajan, S",2019,,,"Lifted inference algorithms for first-order logic models, e.g., Markov logic networks (MLNs), have been of significant interest in recent years. Lifted inference methods exploit model symmetries in order to reduce the size of the model and, consequently, the computational cost of inference. In this work, we consider the problem of lifted inference in MLNs with continuous or both discrete and continuous groundings. Existing work on lifting with continuous groundings has mostly been limited to special classes of models, e.g., Gaussian models, for which variable elimination or message-passing updates can be computed exactly. Here, we develop approximate lifted inference schemes based on particle sampling. We demonstrate empirically that our approximate lifting schemes perform comparably to existing state-of-the-art models for Gaussian MLNs, while having the flexibility to be applied to models with arbitrary potential functions.",,0.4655599,0.2672252,0.3195383,0.3560437,0.0,0.08333333333333333,0.1111111111111111,,,,
0,1687,754,True,1749,200,{PD-Net: Quantitative Motor Function Evaluation for Parkinson's Disease via Automated Hand Gesture Analysis},"Chen, Y F and Ma, H Y and Wang, J Y and Wu, J B and Wu, X and Xie, X H and MACHINERY, ASSOC COMP",2021,,10.1145/3447548.3467130,"Parkinson's Disease (PD) is a commonly diagnosed movement disorder with more than 10 million patients worldwide. Its clinical evaluation relies on a rating system called MDS-UPDRS, which includes subjective and error-prone motor examinations. This paper proposes an objective and interpretable visual system (PD-Net) to quantitatively evaluate motor function of PD patients using video footage. The PD-Net consists of three modules: 1) a pose detector to infer 21 hand keypoints directly from RGB videos, 2) a movement analysis module to study temporal patterns of hand keypoints and discover motor symptoms, and 3) a scoring module to predict MDS-UPDRS ratings with retrieved symptoms. Trained with an in-house clinical dataset, PD-Net can effectively handle the unique challenges of PD examination videos, such as clinically-defined gestures, distinct self-occlusion/foreshortening effect and contextual background. And it detects hand keypoints of PD patients with an average accuracy of 84.1%, a 32.9% improvement over OpenPose. When compared to the ratings of experienced clinicians, PD-Net achieves an overall MDS-UPDRS rating score accuracy of 87.6% and Cohen's kappa of 0.82 on a testing dataset of 509 examination videos at a level exceeding human raters. This study demonstrates a clinically applicable automated video analysis system for PD clinical evaluation, which can facilitate early detection, routine monitoring, and treatment assessment.",,0.4058696,0.2329638,0.3388244,0.3555857,0.125,0.0,0.0,,,,
0,1689,756,True,1749,200,{Explainable Video Entailment with Grounded Visual Evidence},"Chen, J W and Golisano, Y K and IEEE",2021,,10.1109/ICCV48922.2021.00203,"Video entailment aims at determining if a hypothesis textual statement is entailed or contradicted by a premise video. The main challenge of video entailment is that it requires fine-grained reasoning to understand the complex and long story-based videos. To this end, we propose to incorporate visual grounding to the entailment by explicitly linking the entities described in the statement to the evidence in the video. If the entities are grounded in the video, we enhance the entailment judgment by focusing on the frames where the entities occur. Besides, in the entailment dataset, the entailed/contradictory (also named as real/fake) statements are formed in pairs with subtle discrepancy, which allows an add-on explanation module to predict which words or phrases make the statement contradictory to the video and regularize the training of the entailment judgment. Experimental results demonstrate that our approach outperforms the state-of-the-art methods.",,0.59264207,0.3401687,0.3348912,0.39932892,0.125,0.08333333333333333,0.0,,,,
0,1715,774,True,1749,200,{Large Language Model-driven Meta-structure Discovery in Heterogeneous Information Network},"Chen, L and Xu, F and Li, N and Han, Z and Wang, M and Li, Y and Hui, P",2024,,10.1145/3637528.3671965,"Heterogeneous information networks (HIN) have gained increasing popularity in recent years for capturing complex relations between diverse types of nodes. Meta-structures are proposed as a useful tool to identify the important patterns in HINs, but hand-crafted meta-structures pose significant challenges for scaling up, drawing wide research attention towards developing automatic search algorithms. Previous efforts primarily focused on searching for meta-structures with good empirical performance, overlooking the importance of human comprehensibility and generalizability. To address this challenge, we draw inspiration from the emergent reasoning abilities of large language models (LLMs). We propose ReStruct, a meta-structure search framework that integrates LLM reasoning into the evolutionary procedure. ReStruct uses a grammar translator to encode the meta-structures into natural language sentences, and leverages the reasoning power of LLMs to evaluate their semantic feasibility. Besides, ReStruct also employs performance-oriented evolutionary operations. These two competing forces allow ReStruct to jointly optimize the semantic explainability and empirical performance of meta-structures. Furthermore, ReStruct contains a differential LLM explainer to generate and refine natural language explanations for the discovered meta-structures by reasoning through the search history. Experiments on eight representative HIN datasets demonstrate that ReStruct achieves state-of-the-art performance in both recommendation and node classification tasks. Moreover, a survey study involving 73 graduate students shows that the discovered meta-structures and generated explanations by ReStruct are substantially more comprehensible. Our code and questionnaire are available at https://github.com/LinChen-65/ReStruct. {\textcopyright}2024 Copyright held by the owner/author(s). Publication rights licensed to ACM.","Classification (of information),Context sensitive grammars,Empirical performance,Graph neural networks,Heterogeneous information,Heterogeneous information network,Information networks,Language model,Large language model,Metastructures,Model-driven,Modeling languages,Natural language processing systems,Procedure oriented languages,Scaling-up,Semantics,Students,Translation (languages),graph neural networks,heterogeneous information networks,large language models",0.5634682,0.3234233,0.37756145,0.42403814,0.125,0.08333333333333333,0.2222222222222222,,,,
0,1718,776,True,1749,200,{BINDING LANGUAGE MODELS IN SYMBOLIC LANGUAGES},"Cheng, Z and Xie, T and Shi, P and Li, C and Nadkarni, R and Hu, Y and Xiong, C and Radev, D and Ostendorf, M and Zettlemoyer, L and Smith, N A and Yu, T",2023,,,"Though end-to-end neural approaches have recently been dominating NLP tasks in both performance and ease-of-use, they lack interpretability and robustness. We propose BINDER, a training-free neural-symbolic framework that maps the task input to a program, which (1) allows binding a unified API of language model (LM) functionalities to a programming language (e.g., SQL, Python) to extend its grammar coverage and thus tackle more diverse questions, (2) adopts an LM as both the program parser and the underlying model called by the API during execution, and (3) requires only a few in-context exemplar annotations. Specifically, we employ GPT-3 Codex as the LM. In the parsing stage, with only a few in-context exemplars, Codex is able to identify the part of the task input that cannot be answerable by the original programming language, correctly generate API calls to prompt Codex to solve the unanswerable part, and identify where to place the API calls while being compatible with the original grammar. In the execution stage, Codex can perform versatile functionalities (e.g., commonsense QA, information extraction) given proper prompts in the API calls. BINDER achieves state-of-the-art results on WIKITABLEQUESTIONS and TABFACT datasets, with explicit output programs that benefit human debugging. Note that previous best systems are all finetuned on tens of thousands of task-specific samples, while BINDER only uses dozens of annotations as in-context exemplars without any training. Our code is available at https://github.com/hkunlp/binder. {\textcopyright}2023 11th International Conference on Learning Representations, ICLR 2023. All rights reserved.","API calls,Application programming interfaces (API),Computational linguistics,Computer software,Ease-of-use,End to end,Grammar coverage,In contexts,Interpretability,Language model,Performance,Program debugging,Python,State of the art,Symbolic languages",0.5905037,0.3389413,0.29835272,0.37139046,0.125,0.08333333333333333,0.1111111111111111,,,,
0,1724,779,True,1749,200,{Visual Programming for Text-to-Image Generation and Evaluation},"Cho, J and Zala, A and Bansal, M",2023,,,"As large language models have demonstrated impressive performance in many domains, recent works have adopted language models (LMs) as controllers of visual modules for vision-and-language tasks. While existing work focuses on equipping LMs with visual understanding, we propose two novel interpretable/explainable visual programming frameworks for text-to-image (T2I) generation and evaluation. First, we introduce VPGEN, an interpretable step-by-step T2I generation framework that decomposes T2I generation into three steps: object/count generation, layout generation, and image generation. We employ an LM to handle the first two steps (object/count generation and layout generation), by finetuning it on text-layout pairs. Our step-by-step T2I generation framework provides stronger spatial control than end-to-end models, the dominant approach for this task. Furthermore, we leverage the world knowledge of pretrained LMs, overcoming the limitation of previous layout-guided T2I works that can only handle predefined object classes. We demonstrate that our VPGEN has improved control in counts/spatial relations/scales of objects than state-of-the-art T2I generation models. Second, we introduce VPEVAL, an interpretable and explainable evaluation framework for T2I generation based on visual programming. Unlike previous T2I evaluations with a single scoring model that is accurate in some skills but unreliable in others, VPEVAL produces evaluation programs that invoke a set of visual modules that are experts in different skills, and also provides visual+textual explanations of the evaluation results. Our analysis shows that VPEVAL provides a more human-correlated evaluation for skill-specific and open-ended prompts than widely used single model-based evaluation. We hope that our work encourages future progress on interpretable/explainable generation and evaluation for T2I models.",,0.57956195,0.33266094,0.3179344,0.38334128,0.25,0.08333333333333333,0.0,,,,
0,1727,782,True,1749,200,{On Robust Trimming of Bayesian Network Classifiers},"Choi, Y J and {Van den Broeck}, G",2018,,,"This paper considers the problem of removing costly features from a Bayesian network classifier. We want the classifier to be robust to these changes, and maintain its classification behavior. To this end, we propose a closeness metric between Bayesian classifiers, called the expected classification agreement (ECA). Our corresponding trimming algorithm finds an optimal subset of features and a new classification threshold that maximize the expected agreement, subject to a budgetary constraint. It utilizes new theoretical insights to perform branch-and-bound search in the space of feature sets, while computing bounds on the ECA. Our experiments investigate both the runtime cost of trimming and its effect on the robustness and accuracy of the final classifier.",,0.4403245,0.2527404,0.27431887,0.31582028,0.0,0.08333333333333333,0.1111111111111111,,,,
0,1747,793,True,1749,200,{Supervised Clustering for Subgroup Discovery: An Application to COVID-19 Symptomatology},"Cooper, A and Doyle, O and Bourke, A",2021,,10.1007/978-3-030-93733-1_29,"Subgroup discovery is a data mining technique that attempts to find interesting relationships between different instances in a dataset with respect to a property of interest. Cluster analysis is a popular method for extracting homogeneous groups from a heterogeneous population, however, it often yields results that are challenging to interpret and action. In this work, we propose a novel, multi-step clustering methodology based on SHAP (SHapley Additive exPlanation) values and dimensionality reduction, for the purpose of subgroup discovery. Our method produces well-separated clusters that can be readily differentiated by simple decision rules, to yield interpretable subgroups in relation to a target variable. We illustrate our approach using self-reported COVID-19 symptom data across 2,479 participants who tested positive for COVID-19, resulting in the identification of 16 distinct symptom presentations. Future work will investigate common demographic and clinical features exhibited by each cluster cohort, and map clusters to outcomes to better understand the clinical presentation, risk factors and prognosis in COVID-19, as a timely and impactful application of this methodology.",,0.39941323,0.22925793,0.35868847,0.36886966,0.125,0.08333333333333333,0.0,,,,
0,1765,802,True,1749,200,{Steganographic Passport: An Owner and User Verifiable Credential for Deep Model IP Protection Without Retraining},"Cui, Q and Meng, R and Xu, C and Chang, C -H.",2024,,10.1109/CVPR52733.2024.01169,"Ensuring the legal usage of deep models is crucial to promoting trustable, accountable, and responsible artifi-cial intelligence innovation. Current passport-based meth-ods that obfuscate model functionality for license-to-use and ownership verifications suffer from capacity and quality constraints, as they require retraining the owner model for new users. They are also vulnerable to advanced Expanded Residual Block ambiguity attacks. We propose Stegano-graphic Passport, which uses an invertible steganographic network to decouple license-to-use from ownership verification by hiding the user's identity images into the owner-side passport and recovering them from their respective user-side passports. An irreversible and collision-resistant hash function is used to avoid exposing the owner-side pass-port from the derived user-side passports and increase the uniqueness of the model signature. To safeguard both the passport and model's weights against advanced ambiguity attacks, an activation-level obfuscation is proposed for the verification branch of the owner's model. By jointly training the verification and deployment branches, their weights be-come tightly coupled. The proposed method supports agile licensing of deep models by providing a strong ownership proof and license accountability without requiring a sepa-rate model retraining for the admission of every new user. Experiment results show that our Steganographic Passport outperforms other passport-based deep model protection methods in robustness against various known attacks.","IP networks,Law,Licenses,Pattern recognition,Robustness,Technological innovation,Training",0.33149058,0.19027124,0.39999646,0.38286996,0.125,0.08333333333333333,0.1111111111111111,,,,
0,1772,806,True,1749,200,{Inference to the Best Explanation in Large Language Models},"Dalal, D and Valentino, M and Freitas, A and Buitelaar, P",2024,,,"While Large Language Models (LLMs) have found success in real-world applications, their underlying explanatory process is still poorly understood. This paper proposes IBE-Eval, a framework inspired by philosophical accounts on Inference to the Best Explanation (IBE) to advance the interpretation and evaluation of LLM explanations. IBE-Eval estimates the plausibility of natural language explanations through a combination of explicit logical and linguistic features including: consistency, parsimony, coherence, and uncertainty. Extensive experiments are conducted on Causal Question Answering (CQA), where IBE-Eval is tasked to select the most plausible causal explanation amongst competing ones generated by the LLM (e.g. GPT 3.5 or LLaMA 2). The experiments reveal that IBE-Eval can successfully identify the best explanation with up to 77% accuracy (approximate to 27% above random), improving upon a GPT 3.5-as-a-judge baseline (approximate to +17%) while being intrinsically more efficient and interpretable. Additional analysis suggests that, despite LLM-specific variances, generated explanations tend to conform to IBE criteria and that IBE-Eval is significantly correlated with human judgment, opening up opportunities for future development of automated explanation verification tools.",,0.5351131,0.30714783,0.3025614,0.36069933,0.125,0.08333333333333333,0.0,,,,
0,1783,816,True,1749,200,{Boolean Decision Rules via Column Generation},"Dash, S and G{\""{u}}nl{\""{u}}k, O and Wei, D",2018,,,"This paper considers the learning of Boolean rules in either disjunctive normal form (DNF, OR-of-ANDs, equivalent to decision rule sets) or conjunctive normal form (CNF, AND-of-ORs) as an interpretable model for classification. An integer program is formulated to optimally trade classification accuracy for rule simplicity. Column generation (CG) is used to efficiently search over an exponential number of candidate clauses (conjunctions or disjunctions) without the need for heuristic rule mining This approach also bounds the gap between the selected rule set and the best possible rule set on the training data. To handle large datasets, we propose an approximate CG algorithm using randomization. Compared to three recently proposed alternatives, the CG algorithm dominates the accuracy-simplicity tradeoff in 8 out of 16 datasets. When maximized for accuracy, CG is competitive with rule learners designed for this purpose, sometimes finding significantly simpler solutions that are no less accurate.",,0.47439978,0.2722992,0.29328692,0.33856514,0.125,0.16666666666666666,0.0,,,,
0,1804,826,True,1749,200,{Differentiable Neural Surface Refinement for Modeling Transparent Objects},"Deng, W and Campbell, D and Sun, C and Kanitkar, S and Shaffer, M E and Gould, S",2024,,10.1109/CVPR52733.2024.01916,"Neural implicit surface reconstruction leveraging volume rendering has led to significant advances in multi-view reconstruction. However, results for transparent objects can be very poor, primarily because the rendering function fails to account for the intricate light transport induced by refraction and reflection. In this study, we introduce trans-parent neural surface refinement (TNSR), a novel surface reconstruction framework that explicitly incorporates phys-ical refraction and reflection tracing. Beginning with an initial, approximate surface, our method employs sphere tracing combined with Snell's law to cast both reflected and refracted rays. Central to our proposal is an innovative differentiable technique devised to allow signals from the pho-tometric evidence to propagate back to the surface model by considering how the surface bends and reflects light rays. This allows us to connect surface refinement with volume rendering, enabling end-to-end optimization solely on multi-view RGB images. In our experiments, TNSR demonstrates significant improvements in novel view synthesis and geometry estimation of transparent objects, without prior knowledge of the refractive index.","3D Reconstruction,Neural Suface Refinement,Optical imaging,Optical refraction,Optical variables control,Reflection,Refractive index,Rendering (computer graphics),Surface reconstruction,Transparent Objects",0.28826064,0.16545777,0.3353865,0.32360506,0.125,0.08333333333333333,0.2222222222222222,,,,
0,1810,829,True,1749,200,{Syn-QG: Syntactic and Shallow Semantic Rules for Question Generation},"Dhole, K D and Manning, C D and Linguist, Assoc Computat",2020,,,"Question Generation (QG) is fundamentally a simple syntactic transformation; however, many aspects of semantics influence what questions are good to form. We implement this observation by developing Syn-QG, a set of transparent syntactic rules leveraging universal dependencies, shallow semantic parsing, lexical resources, and custom rules which transform declarative sentences into question-answer pairs. We utilize PropBank argument descriptions and VerbNet state predicates to incorporate shallow semantic content, which helps generate questions of a descriptive nature and produce inferential and semantically richer questions than existing systems. In order to improve syntactic fluency and eliminate grammatically incorrect questions, we employ back-translation over the output of these syntactic rules. A set of crowd-sourced evaluations shows that our system can generate a larger number of highly grammatical and relevant questions than previous QG systems and that back-translation drastically improves grammaticality at a slight cost of generating irrelevant questions.",,0.47506016,0.27267826,0.3637427,0.39157206,0.125,0.08333333333333333,0.0,,,,
0,1814,832,True,1749,200,{Cognitive Graph for Multi-Hop Reading Comprehension at Scale},"Ding, M and Zhou, C and Chen, Q B and Yang, H X and Tang, J and ACL",2019,,,"We propose a new CogQA framework for multi-hop question answering in web-scale documents. Founded on the dual process theory in cognitive science, the framework gradually builds a cognitive graph in an iterative process by coordinating an implicit extraction module (System 1) and an explicit reasoning module (System 2). While giving accurate answers, our framework further provides explainable reasoning paths. Specifically, our implementation(1) based on BERT and graph neural network (GNN) efficiently handles millions of documents for multi-hop reasoning questions in the HotpotQA fullwiki dataset, achieving a winning joint F-1 score of 34.9 on the leaderboard, compared to 23.6 of the best competitor.(2)","Cognitive graph,Cognitive science,Computational linguistics,Dual-process theories,F1 scores,Graph neural networks,Iterative process,Question Answering,Reading comprehension",0.5352182,0.30720818,0.2516495,0.32254165,0.125,0.08333333333333333,0.2222222222222222,,,,
0,1815,833,True,1749,200,{Dynamic Visual Reasoning by Learning Differentiable Physics Models from Video and Language},"Ding, M and Chen, Z and Du, T and Luo, P and Tenenbaum, J B and Gan, C",2021,,,"In this work, we propose a unified framework, called Visual Reasoning with Differentiable Physics (VRDP) 1, that can jointly learn visual concepts and infer physics models of objects and their interactions from videos and language. This is achieved by seamlessly integrating three components: a visual perception module, a concept learner, and a differentiable physics engine. The visual perception module parses each video frame into object-centric trajectories and represents them as latent scene representations. The concept learner grounds visual concepts (e.g., color, shape, and material) from these object-centric representations based on the language, thus providing prior knowledge for the physics engine. The differentiable physics model, implemented as an impulse-based differentiable rigid-body simulator, performs differentiable physical simulation based on the grounded concepts to infer physical properties, such as mass, restitution, and velocity, by fitting the simulated trajectories into the video observations. Consequently, these learned concepts and physical models can explain what we have seen and imagine what is about to happen in future and counterfactual scenarios. Integrating differentiable physics into the dynamic reasoning framework offers several appealing benefits. More accurate dynamics prediction in learned physics models enables state-of-the-art performance on both synthetic and real-world benchmarks while still maintaining high transparency and interpretability; most notably, VRDP improves the accuracy of predictive and counterfactual questions by 4.5% and 11.5% compared to its best counterpart. VRDP is also highly data-efficient: physical parameters can be optimized from very few videos, and even a single video can be sufficient. Finally, with all physical parameters inferred, VRDP can quickly learn new concepts from few examples. {\textcopyright}2021 Neural information processing systems foundation. All rights reserved.","Benchmarking,Counterfactuals,Dynamics,Engines,Learn+,Physical parameters,Physics engine,Physics modeling,Three-component,Unified framework,Vision,Visual concept,Visual languages,Visual perception,Visual reasoning",0.54950845,0.31541058,0.39265132,0.4318656,0.25,0.16666666666666666,0.2222222222222222,,,,
0,1843,845,True,1749,200,{Logic Programming and Machine Ethics},"Dyoub, A and Costantini, S and Lisi, F A",2020,,10.4204/EPTCS.325.6,"Transparency is a key requirement for ethical machines. Verified ethical behavior is not enough to establish justified trust in autonomous intelligent agents: it needs to be supported by the ability to explain decisions. Logic Programming (LP) has a great potential for developing such perspective ethical systems, as in fact logic rules are easily comprehensible by humans. Furthermore, LP is able to model causality, which is crucial for ethical decision making.",,0.2044641,0.11735967,0.49354237,0.42127278,0.125,0.16666666666666666,0.0,,,,
0,1857,855,True,1749,200,{Utility is in the Eye of the User: A Critique of NLP Leaderboards},"Ethayarajh, K and Jurafsky, D and Linguist, Assoc Computat",2020,,,"Benchmarks such as GLUE have helped drive advances in NLP by incentivizing the creation of more accurate models. While this leaderboard paradigm has been remarkably successful, a historical focus on performance-based evaluation has been at the expense of other qualities that the NLP community values in models, such as compactness, fairness, and energy efficiency. In this opinion paper, we study the divergence between what is incentivized by leaderboards and what is useful in practice through the lens of microeconomic theory. We frame both the leaderboard and NLP practitioners as consumers and the benefit they get from a model as its utility to them. With this framing, we formalize how leaderboards - in their current form - can be poor proxies for the NLP community at large. For example, a highly inefficient model would provide less utility to practitioners but not to a leaderboard, since it is a cost that only the former must bear. To allow practitioners to better estimate a model's utility to them, we advocate for more transparency on leaderboards, such as the reporting of statistics that are of practical concern (e.g., model size, energy efficiency, and inference latency).",,0.34300387,0.19687966,0.49122798,0.45417196,0.125,0.08333333333333333,0.0,,,,
0,1863,859,True,1749,200,{Understanding Human Gaze Communication by Spatio-Temporal Graph Reasoning},"Fan, L F and Wang, W G and Huang, S Y and Tang, X Y and Zhu, S C and IEEE",2019,,10.1109/ICCV.2019.00582,"This paper addresses a new problem of understanding human gaze communication in social videos from both atomic-level and event-level, which is significant for studying human social interactions. To tackle this novel and challenging problem, we contribute a large-scale video dataset, VACATION, which covers diverse daily social scenes and gaze communication behaviors with complete annotations of objects and human faces, human attention, and communication structures and labels in both atomic-level and event-level. Together with VACATION, we propose a spatio-temporal graph neural network to explicitly represent the diverse gaze interactions in the social scenes and to infer atomic-level gaze communication by message passing. We further propose an event network with encoder-decoder structure to predict the event-level gaze communication. Our experiments demonstrate that the proposed model improves various baselines significantly in predicting the atomic-level and event-level gaze communications.",,0.49180055,0.28228703,0.3260333,0.3674751,0.0,0.08333333333333333,0.2222222222222222,,,,
0,1865,861,True,1749,200,{Inverting a Rolling Shutter Camera: Bring Rolling Shutter Images to High Framerate Global Shutter Video},"Fan, B and Dai, Y",2021,,10.1109/ICCV48922.2021.00419,"Rolling shutter (RS) images can be viewed as the result of the row-wise combination of global shutter (GS) images captured by a virtual moving GS camera over the period of camera readout time. The RS effect brings tremendous difficulties for the downstream applications. In this paper, we propose to invert the above RS imaging mechanism, i.e., recovering a high framerate GS video from consecutive RS images to achieve RS temporal super-resolution (RSSR). This extremely challenging problem, e.g., recovering 1440 GS images from two 720-height RS images, is far from being solved end-to-end. To address this challenge, we exploit the geometric constraint in the RS camera model, thus achieving geometry-aware inversion. Specifically, we make three contributions in resolving the above difficulties: (i) formulating the bidirectional RS undistortion flows under the constant velocity motion model, (ii) building the connection between the RS undistortion flow and optical flow via a scaling operation, and (iii) developing a mutual conversion scheme between varying RS undistortion flows that correspond to different scanlines. Building upon these formulations, we propose the first RS temporal super-resolution network in a cascaded structure to extract high framerate global shutter video. Our method explores the underlying spatio-temporal geometric relationships within a deep learning framework, where no extra supervision besides the middle-scanline ground truth GS image is needed. Essentially, our method can be very efficient for explicit propagation to generate GS images under any scanline. Experimental results on both synthetic and real data show that our method can produce high-quality GS image sequences with rich details, outperforming state-of-the-art methods.","Buildings,Cameras,Computer vision,Image and video synthesis,Image motion analysis,Low-level and physics-based vision,Pipelines,Superresolution,Video sequences",0.25862956,0.14844997,0.4267521,0.38472146,0.0,0.08333333333333333,0.1111111111111111,,,,
0,1872,867,True,1749,200,{SMURF: SeMantic and linguistic UndeRstanding Fusion for Caption Evaluation via Typicality Analysis},"Feinglass, J and Yang, Y Z and Linguist, Assoc Computat",2021,,,"The open-ended nature of visual captioning makes it a challenging area for evaluation. The majority of proposed models rely on specialized training to improve human-correlation, resulting in limited adoption, generalizability, and explainabilty. We introduce ""typicality"", a new formulation of evaluation rooted in information theory, which is uniquely suited for problems lacking a definite ground truth. Typicality serves as our framework to develop a novel semantic comparison, SPARCS, as well as referenceless fluency evaluation metrics. Over the course of our analysis, two separate dimensions of fluency naturally emerge: style, captured by metric SPURTS, and grammar, captured in the form of grammatical outlier penalties. Through extensive experiments and ablation studies on benchmark datasets, we show how these decomposed dimensions of semantics and fluency provide greater systemlevel insight into captioner differences. Our proposed metrics along with their combination, SMURF, achieve state-of-the-art correlation with human judgment when compared with other rule-based evaluation metrics(1).",,0.538605,0.3091522,0.34000933,0.38965824,0.125,0.08333333333333333,0.0,,,,
0,1880,873,True,1749,200,{Schema-Guided User Satisfaction Modeling for Task-Oriented Dialogues},"Feng, Y and Jiao, Y and Prasad, A and Aletras, N and Yilmaz, E and Kazai, G",2023,,10.18653/v1/2023.acl-long.116,"User Satisfaction Modeling (USM) is one of the popular choices for task-oriented dialogue systems evaluation, where user satisfaction typically depends on whether the user's task goals were fulfilled by the system. Task-oriented dialogue systems use task schema, which is a set of task attributes, to encode the user's task goals. Existing studies on USM neglect explicitly modeling the user's task goals fulfillment using the task schema. In this paper, we propose SG-USM, a novel schema-guided user satisfaction modeling framework. It explicitly models the degree to which the user's preferences regarding the task attributes are fulfilled by the system for predicting the user's satisfaction level. SG-USM employs a pre-trained language model for encoding dialogue context and task attributes. Further, it employs a fulfillment representation layer for learning how many task attributes have been fulfilled in the dialogue, an importance predictor component for calculating the importance of task attributes. Finally, it predicts the user satisfaction based on task attribute fulfillment and task attribute importance. Experimental results on benchmark datasets (i.e. MWOZ, SGD, ReDial, and JDDC) show that SG-USM consistently outperforms competitive existing methods. Our extensive analysis demonstrates that SG-USM can improve the interpretability of user satisfaction modeling, has good scalability as it can effectively deal with unseen tasks and can also effectively work in low-resource settings by leveraging unlabeled data. {\textcopyright}2023 Association for Computational Linguistics.","Computational linguistics,Dialogue systems,Encoding (symbols),Language model,Modelling framework,Satisfaction model,Speech processing,System evaluation,System use,Task-oriented,User profile,User satisfaction levels,User's preferences,Users' satisfactions",0.40707928,0.23365812,0.39232373,0.3960126,0.125,0.08333333333333333,0.1111111111111111,,,,
0,1895,883,True,1749,200,{A Large-Scale Database for Graph Representation Learning},"Freitas, S and Dong, Y and Neil, J and Chau, D H",2021,,,"With the rapid emergence of graph representation learning, the construction of new large-scale datasets is necessary to distinguish model capabilities and accurately assess the strengths and weaknesses of each technique. By carefully analyzing existing graph databases, we identify 3 critical components important for advancing the field of graph representation learning: (1) large graphs, (2) many graphs, and (3) class diversity. To date, no single graph database offers all these desired properties. We introduce MALNET, the largest public graph database ever constructed, representing a large-scale ontology of malicious software function call graphs. MALNET contains over 1.2 million graphs, averaging over 15k nodes and 35k edges per graph, across a hierarchy of 47 types and 696 families. Compared to the popular REDDIT-12K database, MALNET offers 105× more graphs, 39× larger graphs on average, and 63× more classes. We provide a detailed analysis of MALNET, discussing its properties and provenance, along with the evaluation of state-of-the-art machine learning and graph neural network techniques. The unprecedented scale and diversity of MALNET offers exciting opportunities to advance the frontiers of graph representation learning—enabling new discoveries and research into imbalanced classification, explainability and the impact of class hardness. {\textcopyright}2021 Neural information processing systems foundation. All rights reserved.","Adversarial machine learning,Contrastive Learning,Critical component,Federated learning,Graph Databases,Graph database,Graph neural networks,Graph representation,Knowledge graph,Large graphs,Large-scale database,Large-scale datasets,Large-scale ontologies,Property,Single graph,Software functions",0.50001085,0.2869996,0.34872562,0.38654694,0.125,0.16666666666666666,0.2222222222222222,,,,
0,1914,893,True,1749,200,{On Path Integration of Grid Cells: Group Representation and Isotropic Scaling},"Gao, R Q and Xie, J W and Wei, X X and Zhu, S C and Wu, Y N",2021,,,"Understanding how grid cells perform path integration calculations remains a fundamental problem. In this paper, we conduct theoretical analysis of a general representation model of path integration by grid cells, where the 2D self-position is encoded as a higher dimensional vector, and the 2D self-motion is represented by a general transformation of the vector. We identify two conditions on the transformation. One is a group representation condition that is necessary for path integration. The other is an isotropic scaling condition that ensures locally conformal embedding, so that the error in the vector representation translates conformally to the error in the 2D self-position. Then we investigate the simplest transformation, i.e., the linear transformation, uncover its explicit algebraic and geometric structure as matrix Lie group of rotation, and explore the connection between the isotropic scaling condition and a special class of hexagon grid patterns. Finally, with our optimization-based approach, we manage to learn hexagon grid patterns that share similar properties of the grid cells in the rodent brain. The learned model is capable of accurate long distance path integration. Code is available at https://github.com/ruiqigao/grid- cell-path.",,0.27545416,0.15810706,0.5510883,0.48217973,0.0,0.0,0.0,,,,
0,1939,904,True,1749,200,{TopicFM: Robust and Interpretable Topic-Assisted Feature Matching},"Giang, K T and Song, S and Jo, S",2023,,10.1609/aaai.v37i2.25341,"This study addresses an image-matching problem in challenging cases, such as large scene variations or textureless scenes. To gain robustness to such situations, most previous studies have attempted to encode the global contexts of a scene via graph neural networks or transformers. However, these contexts do not explicitly represent high-level contextual information, such as structural shapes or semantic instances; therefore, the encoded features are still not sufficiently discriminative in challenging scenes. We propose a novel image-matching method that applies a topic-modeling strategy to encode high-level contexts in images. The proposed method trains latent semantic instances called topics. It explicitly models an image as a multinomial distribution of topics, and then performs probabilistic feature matching. This approach improves the robustness of matching by focusing on the same semantic areas between the images. In addition, the inferred topics provide interpretability for matching the results, making our method explainable. Extensive experiments on outdoor and indoor datasets show that our method outperforms other state-of-the-art methods, particularly in challenging cases. Copyright {\textcopyright}2023, Association for the Advancement of Artificial Intelligence (www.aaai.org).","Artificial intelligence,Contextual information,Encoding (symbols),Features matching,Global context,Graph neural networks,Image enhancement,Image matching,Matching methods,Matching problems,Matchings,Probability distributions,Semantics,Structural semantics,Structural shape,Textures,Topic Modeling",0.57784104,0.33167315,0.2927972,0.36405817,0.25,0.08333333333333333,0.2222222222222222,,,,
0,1954,911,True,1749,200,{Interpretable Off-Policy Evaluation in Reinforcement Learning by Highlighting Influential Transitions},"Gottesman, O and Futoma, J and Liu, Y and Parbhoo, S and Celi, L A and Brunskill, E and Doshi-Velez, F",2020,,,"Off-policy evaluation in reinforcement learning offers the chance of using observational data to improve future outcomes in domains such as healthcare and education, but safe deployment in high stakes settings requires ways of assessing its validity. Traditional measures such as confidence intervals may be insufficient due to noise, limited data and confounding. In this paper we develop a method that could serve as a hybrid human-AI system, to enable human experts to analyze the validity of policy evaluation estimates. This is accomplished by highlighting observations in the data whose removal will have a large effect on the OPE estimate, and formulating a set of rules for choosing which ones to present to domain experts for validation. We develop methods to compute exactly the influence functions for fitted Q-evaluation with two different function classes: kernel-based and linear least squares, as well as importance sampling methods. Experiments on medical simulations and real-world intensive care unit data demonstrate that our method can be used to identify limitations in the evaluation process and make evaluation more robust.",,0.4904899,0.28153473,0.36343175,0.39519632,0.125,0.08333333333333333,0.0,,,,
0,1957,913,True,1749,200,{Neural Latent Space Model for Dynamic Networks and Temporal Knowledge Graphs},"Gracious, T and Gupta, S and Kanthali, A and Castro, R M and Dukkipati, A",2021,,10.1609/aaai.v35i5.16526,"Although static networks have been extensively studied in machine learning, data mining, and AI communities for many decades, the study of dynamic networks has recently taken center stage due to the prominence of social media and its effects on the dynamics of social networks. In this paper, we propose a statistical model for dynamically evolving networks, together with a variational inference approach. Our model, Neural Latent Space Model with Variational Inference, encodes edge dependencies across different time snapshots. It represents nodes via latent vectors and uses interaction matrices to model the presence of edges. These matrices can be used to incorporate multiple relations in heterogeneous networks by having a separate matrix for each of the relations. To capture the temporal dynamics, both node vectors and interaction matrices are allowed to evolve with time. Existing network analysis methods use representation learning techniques for modelling networks. These techniques are different for homogeneous and heterogeneous networks because heterogeneous networks can have multiple types of edges and nodes as opposed to a homogeneous network. Unlike these, we propose a unified model for homogeneous and heterogeneous networks in a variational inference framework. Moreover, the learned node latent vectors and interaction matrices may be interpretable and therefore provide insights on the mechanisms behind network evolution. We experimented with a single step and multi-step link forecasting on real-world networks of homogeneous, bipartite, and heterogeneous nature, and demonstrated that our model significantly outperforms existing models. Copyright {\textcopyright}2021, Association for the Advancement of Artificial Intelligence (www.aaai.org). All rights reserved.","Data mining,Dynamic network,Heterogeneous networks,Interaction matrices,Knowledge graph,Knowledge graphs,Latent space models,Latent vectors,Learning systems,Network knowledge,Temporal knowledge,Variational inference,Vector matrix,matrix",0.5243195,0.3009525,0.30027688,0.35628754,0.125,0.08333333333333333,0.2222222222222222,,,,
0,1994,938,True,1749,200,{Toeplitz Inverse Covariance-Based Clustering of Multivariate Time Series Data},"Hallac, D and Vare, S and Boyd, S and Leskovec, J and ACM",2017,,10.1145/3097983.3098060,"Subsequence clustering of multivariate time series is a useful tool for discovering repeated patterns in temporal data. Once these patterns have been discovered, seemingly complicated datasets can be interpreted as a temporal sequence of only a small number of states, or clusters. For example, raw sensor data from a fitness-tracking application can be expressed as a timeline of a select few actions (i.e., walking, sitting, running). However, discovering these patterns is challenging because it requires simultaneous segmentation and clustering of the time series. Furthermore, interpreting the resulting clusters is difficult, especially when the data is high-dimensional. Here we propose a new method of model-based clustering, which we call Toeplitz Inverse Covariance-based Clustering (TICC). Each cluster in the TICC method is defined by a correlation network, or Markov random field (MRF), characterizing the interdependencies between different observations in a typical subsequence of that cluster. Based on this graphical representation, TICC simultaneously segments and clusters the time series data. We solve the TICC problem through alternating minimization, using a variation of the expectation maximization (EM) algorithm. We derive closed-form solutions to efficiently solve the two resulting subproblems in a scalable way, through dynamic programming and the alternating direction method of multipliers (ADMM), respectively. We validate our approach by comparing TICC to several state-of-the-art baselines in a series of synthetic experiments, and we then demonstrate on an automobile sensor dataset how TICC can be used to learn interpretable clusters in real-world scenarios.",,0.3205634,0.18399917,0.4070552,0.38543227,0.125,0.0,0.1111111111111111,,,,
0,1996,939,True,1749,200,{Foundations of Fine-Grained Explainability},"Hall{\'{e}}, S and Tremblay, H",2021,,10.1007/978-3-030-81688-9_24,"Explainability is the process of linking part of the inputs given to a calculation to its output, in such a way that the selected inputs somehow ""cause"" the result. We establish the formal foundations of a notion of explainability for arbitrary abstract functions manipulating nested data structures. We then establish explanation relationships for a set of elementary functions, and for compositions thereof. A fully functional implementation of these concepts is finally presented and experimentally evaluated.",,0.40131873,0.23035164,0.33289993,0.3500046,0.125,0.08333333333333333,0.0,,,,
0,1999,942,True,1749,200,{Learning to Score Economic Development from Satellite Imagery},"Han, S and Ahn, D and Park, S and Yang, J and Lee, S and Kim, J and Yang, H and Park, S and Cha, M and MACHINERY, ASSOC COMP",2020,,10.1145/3394486.3403347,"Reliable and timely measurements of economic activities are fundamental for understanding economic development and designing government policies. However, many developing countries still lack reliable data. In this paper, we introduce a novel approach for measuring economic development from high-resolution satellite images in the absence of ground truth statistics. Our method consists of three steps. First, we run a clustering algorithm on satellite images that distinguishes artifacts from nature (siCI uster). Second, we generate a partial order graph of the identified clusters based on the level of economic development, either by human guidance or by low-resolution statistics (siPog). Third, we use a CNN-based sorter that assigns differentiable scores to each satellite grid based on the relative ranks of clusters (siScore). The novelty of our method is that we break down a computationally hard problem into sub-tasks, which involves a human-in-the-loop solution. With the combination of unsupervised learning and the partial orders of dozens of urban vs. rural clusters, our method can estimate the economic development scores of over 10,000 satellite grids consistently with other baseline development proxies (Spearman correlation of 0.851). This efficient method is interpretable and robust; we demonstrate how to apply our method to both developed (e.g., South Korea) and developing economies (e.g., Vietnam and Malawi).",,0.46758828,0.2683895,0.52307695,0.50920475,0.125,0.0,0.1111111111111111,,,,
0,2008,950,True,1749,200,{Making tree ensembles interpretable: A Bayesian model selection approach},"Hara, S and Hayashi, K",2018,,,"Tree ensembles, such as random forests, are renowned for their high prediction performance. However, their interpretability is critically limited due to the enormous complexity. In this study, we propose a method to make a complex tree ensemble interpretable by simplifying the model. Specifically, we formalize the simplification of tree ensembles as a model selection problem. Given a complex tree ensemble, we aim at obtaining the simplest representation that is essentially equivalent to the original one. To this end, we derive a Bayesian model selection algorithm that optimizes the simplified model while maintaining the prediction performance. Our numerical experiments on several datasets showed that complicated tree ensembles were approximated interpretably. Copyright 2018 by the author(s).","Artificial intelligence,Bayesian model selection,Bayesian networks,Decision trees,Forestry,Interpretability,Model selection problem,Numerical experiments,Prediction performance,Random forests,Tree ensembles",0.4239121,0.24331994,0.2777735,0.31430817,0.125,0.16666666666666666,0.1111111111111111,,,,
0,2024,959,True,1749,200,{Blind Visual Motif Removal From a Single Image},"Hertz, A and Fogel, S and Hanocka, R and Giryes, R and Cohen-Or, D",2019,,10.1109/CVPR.2019.00702,"Many images shared over the web include overlaid objects, or visual motifs, such as text, symbols or drawings, which add a description or decoration to the image. For example, decorative text that specifies where the image was taken, repeatedly appears across a variety of different images. Often, the reoccurring visual motif, is semantically similar, yet, differs in location, style and content (e.g. text placement, font and letters). This work proposes a deep learning based technique for blind removal of such objects. In the blind setting, the location and exact geometry of the motif are unknown. Our approach simultaneously estimates which pixels contain the visual motif, and synthesizes the underlying latent image. It is applied to a single input image, without any user assistance in specifying the location of the motif, achieving state-of-the-art results for blind removal of both opaque and semi-transparent visual motifs.","Deep Learning,Vision + Graphics",0.46008682,0.26408374,0.43124408,0.43845475,0.125,0.08333333333333333,0.0,,,,
0,2043,968,True,1749,200,{SANN: Programming Code Representation Using Attention Neural Network with Optimized Subtree Extraction},"Hoq, M and Chilla, S R and Ranjbar, M A and Brusilovsky, P and Akram, B",2023,,10.1145/3583780.3615047,"Automated analysis of programming data using code representation methods offers valuable services for programmers, from code completion to clone detection to bug detection. Recent studies show the effectiveness of Abstract Syntax Trees (AST), pre-trained Transformer-based models, and graph-based embeddings in programming code representation. However, pre-trained large language models lack interpretability, while other embedding-based approaches struggle with extracting important information from large ASTs. This study proposes a novel Subtree-based Attention Neural Network (SANN) to address these gaps by integrating different components: an optimized sequential subtree extraction process using Genetic algorithm optimization, a two-way embedding approach, and an attention network. We investigate the effectiveness of SANN by applying it to two different tasks: program correctness prediction and algorithm detection on two educational datasets containing both small and large-scale code snippets written in Java and C, respectively. The experimental results show SANN's competitive performance against baseline models from the literature, including code2vec, ASTNN, TBCNN, CodeBERT, GPT-2, and MVG, regarding accurate predictive power. Finally, a case study is presented to show the interpretability of our model prediction and its application for an important human-centered computing application, student modeling. Our results indicate the effectiveness of the SANN model in capturing important syntactic and semantic information from students' code, allowing the construction of accurate student models, which serve as the foundation for generating adaptive instructional support such as individualized hints and feedback. {\textcopyright}2023 Copyright held by the owner/author(s). Publication rights licensed to ACM. ACM ISBN 979-8-4007-0124-5/23/10...$15.00.","Algorithm detection,C (programming language),Code representation,Codes (symbols),Computer software,Embeddings,Extraction,Forecasting,Genetic algorithms,Graphic methods,Interpretability,Large dataset,Neural network models,Neural-networks,Program analysis,Program correctness,Program correctness prediction,Programming codes,Semantics,Static analysis,Students,Sub trees,Syntactics,Trees (mathematics),algorithm detection,code representation,program analysis,program correctness prediction,static analysis",0.51446474,0.29529598,0.4211542,0.44448182,0.125,0.08333333333333333,0.2222222222222222,,,,
0,2056,975,True,1749,200,{Optimal Sparse Decision Trees},"Hu, X Y and Rudin, C and Seltzer, M",2019,,,"Decision tree algorithms have been among the most popular algorithms for interpretable (transparent) machine learning since the early 1980's. The problem that has plagued decision tree algorithms since their inception is their lack of optimality, or lack of guarantees of closeness to optimality: decision tree algorithms are often greedy or myopic, and sometimes produce unquestionably suboptimal models. Hardness of decision tree optimization is both a theoretical and practical obstacle, and even careful mathematical programming approaches have not been able to solve these problems efficiently. This work introduces the first practical algorithm for optimal decision trees for binary variables. The algorithm is a co-design of analytical bounds that reduce the search space and modern systems techniques, including data structures and a custom bit-vector library. Our experiments highlight advantages in scalability, speed, and proof of optimality.",,0.387244,0.2222729,0.34922266,0.358728,0.25,0.08333333333333333,0.0,,,,
0,2065,980,True,1749,200,{Malicious Attacks against Deep Reinforcement Learning Interpretations},"Huai, M D and Sun, J H and Cai, R Q and Yao, L Y and Zhang, A D and MACHINERY, ASSOC COMP",2020,,10.1145/3394486.3403089,"The past years have witnessed the rapid development of deep reinforcement learning (DRL), which is a combination of deep learning and reinforcement learning (RL). However, the adoption of deep neural networks makes the decision-making process of DRL opaque and lacking transparency. Motivated by this, various interpretation methods for DRL have been proposed. However, those interpretation methods make an implicit assumption that they are performed in a reliable and secure environment. In practice, sequential agent-environment interactions expose the DRL algorithms and their corresponding downstream interpretations to extra adversarial risk. In spite of the prevalence of malicious attacks, there is no existing work studying the possibility and feasibility of malicious attacks against DRL interpretations. To bridge this gap, in this paper, we investigate the vulnerability of DRL interpretation methods. Specifically, we introduce the first study of the adversarial attacks against DRL interpretations, and propose an optimization framework based on which the optimal adversarial attack strategy can be derived. In addition, we study the vulnerability of DRL interpretation methods to the model poisoning attacks, and present an algorithmic framework to rigorously formulate the proposed model poisoning attack. Finally, we conduct both theoretical analysis and extensive experiments to validate the effectiveness of the proposed malicious attacks against DRL interpretations.",,0.5802542,0.33305827,0.2967019,0.36758998,0.125,0.0,0.3333333333333333,,,,
0,2085,989,True,1749,200,{ECR-Chain: Advancing Generative Language Models to Better Emotion-Cause Reasoners through Reasoning Chains},"Huang, Z and Zhao, J and Jin, Q",2024,,,"Understanding the process of emotion generation is crucial for analyzing the causes behind emotions. Causal Emotion Entailment (CEE), an emotion-understanding task, aims to identify the causal utterances in a conversation that stimulate the emotions expressed in a target utterance. However, current works in CEE mainly focus on modeling semantic and emotional interactions in conversations, neglecting the exploration of the emotion-generation process. This hinders the models from deeply understanding emotions, restricting their ability to produce explainable predictions. In this work, inspired by the emotion generation process of “stimulus-appraisal-emotion” in the cognitive appraisal theory, we introduce a step-by-step reasoning method, Emotion-Cause Reasoning Chain (ECR-Chain), to infer the stimulus from the target emotional expressions in conversations. Specifically, we first introduce the ECR-Chain to ChatGPT via few-shot prompting, which significantly improves its performance on the CEE task. We further propose an automated construction process to utilize ChatGPT in building an ECR-Chain set, which can enhance the reasoning abilities of smaller models through supervised training and assist the Vicuna-7B model in achieving state-of-the-art CEE performance. Moreover, our methods can enable these generative language models to effectively perform emotion-cause reasoning in an explainable manner. Our code, data and more details are at https://github.com/hzp3517/ECR-Chain. {\textcopyright}2024 International Joint Conferences on Artificial Intelligence. All rights reserved.","'current,Emotion Recognition,Emotion generation,Emotion understanding,Emotional interactions,Generation process,Generative adversarial networks,Language model,Model semantics,Modeling languages,Performance,Reasoners,Semantic interactions,Semantics",0.54007256,0.30999455,0.39406943,0.43057021,0.125,0.08333333333333333,0.1111111111111111,,,,
0,2097,996,True,1749,200,{A Scalable Two Stage Approach to Computing Optimal Decision Sets},"Ignatiev, A and Lam, E and Stuckey, P J and Marques-Silva, J and Intelligence, Assoc Advancement Artificial",2021,,,"Machine learning (ML) is ubiquitous in modern life. Since it is being deployed in technologies that affect our privacy and safety, it is often crucial to understand the reasoning behind its decisions, warranting the need for explainable AI. Rule-based models, such as decision trees, decision lists, and decision sets, are conventionally deemed to be the most interpretable. Recent work uses propositional satisfiability (SAT) solving (and its optimization variants) to generate minimum-size decision sets. Motivated by limited practical scalability of these earlier methods, this paper proposes a novel approach to learn minimum-size decision sets by enumerating individual rules of the target decision set independently of each other, and then solving a set cover problem to select a subset of rules. The approach makes use of modern maximum satisfiability and integer linear programming technologies. Experiments on a wide range of publicly available datasets demonstrate the advantage of the new approach over the state of the art in SAT-based decision set learning.",,0.48558027,0.27871665,0.316859,0.3590393,0.25,0.5,0.0,,,,
0,2112,1005,True,1749,200,{UMFuse: Unified Multi View Fusion for Human Editing applications},"Jain, R and Hemani, M and Ceylan, D and Singh, K K and Lu, J and Sarkar, M and Krishnamurthy, B",2023,,10.1109/ICCV51070.2023.00660,"Numerous pose-guided human editing methods have been explored by the vision community due to their extensive practical applications. However, most of these methods still use an image-to-image formulation in which a single image is given as input to produce an edited image as output. This objective becomes ill-defined in cases when the target pose differs significantly from the input pose. Existing methods then resort to in-painting or style transfer to handle occlusions and preserve content. In this paper, we explore the utilization of multiple views to minimize the issue of missing information and generate an accurate representation of the underlying human model. To fuse knowledge from multiple viewpoints, we design a multi-view fusion network that takes the pose key points and texture from multiple source images and generates an explainable per-pixel appearance retrieval map. Thereafter, the encodings from a separate network (trained on a single-view human reposing task) are merged in the latent space. This enables us to generate accurate, precise, and visually coherent images for different editing tasks. We show the application of our network on two newly proposed tasks - Multi-view human reposing and Mix&Match Human Image generation. Additionally, we study the limitations of single-view editing and scenarios in which multi-view provides a better alternative. Datasplits and results can be found at Project Webpage.","Computer vision,Encoding,Fuses,Image synthesis,Knowledge engineering,Pipelines,Task analysis",0.5164051,0.29640976,0.3303691,0.3768781,0.125,0.08333333333333333,0.1111111111111111,,,,
0,2162,1037,True,1749,200,{Symbols as a Lingua Franca for Bridging Human-AI Chasm for Explainable and Advisable AI Systems},"Kambhampati, S and Sreedharan, S and Verma, M and Zha, Y T and Guan, L and Intelligence, Assoc Advancement Artificial",2022,,,"Despite the surprising power of many modern AI systems that often learn their own representations, there is significant discontent about their inscrutability and the attendant problems in their ability to interact with humans. While alternatives such as neuro-symbolic approaches have been proposed, there is a lack of consensus on what they are about. There are often two independent motivations (i) symbols as a lingua franca for human-AI interaction and (ii) symbols as system-produced abstractions used by the AI system in its internal reasoning. The jury is still out on whether AI systems will need to use symbols in their internal reasoning to achieve general intelligence capabilities. Whatever the answer there is, the need for (human-understandable) symbols in human-AI interaction seems quite compelling. Symbols, like emotions, may well not be sine qua non for intelligence per se, but they will be crucial for AI systems to interact with us humans - as we can neither turn off our emotions nor get by without our symbols. In particular, in many human-designed domains, humans would be interested in providing explicit (symbolic) knowledge and advice - and expect machine explanations in kind. This alone requires AI systems to to maintain a symbolic interface for interaction with humans. In this blue sky paper, we argue this point of view, and discuss research directions that need to be pursued to allow for this type of human-AI interaction.",,0.44015038,0.2526405,0.39212602,0.4041321,0.125,0.25,0.0,,,,
0,2164,1039,True,1749,200,{Generative Adversarial Image Synthesis with Decision Tree Latent Controller},"Kaneko, T and Hiramatsu, K and Kashino, K",2018,,10.1109/CVPR.2018.00691,"This paper proposes the decision tree latent controller generative adversarial network (DTLC-GAN), an extension of a GAN that can learn hierarchically interpretable representations without relying on detailed supervision. To impose a hierarchical inclusion structure on latent variables, we incorporate a new architecture called the DTLC into the generator input. The DTLC has a multiple-layer tree structure in which the ON or OFF of the child node codes is controlled by the parent node codes. By using this architecture hierarchically, we can obtain the latent space in which the lower layer codes are selectively used depending on the higher layer ones. To make the latent codes capture salient semantic features of images in a hierarchically disentangled manner in the DTLC, we also propose a hierarchical conditional mutual information regularization and optimize it with a newly defined curriculum learning method that we propose as well. This makes it possible to discover hierarchically interpretable representations in a layer-by-layer manner on the basis of information gain by only using a single DTLC-GAN model. We evaluated the DTLC-GAN on various datasets, i.e., MNIST, CIFAR-10, Tiny ImageNet, 3D Faces, and CelebA, and confirmed that the DTLC-GAN can learn hierarchically interpretable representations with either unsupervised or weakly supervised settings. Furthermore, we applied the DTLC-GAN to image-retrieval tasks and showed its effectiveness in representation learning.","Aerospace electronics,Computational modeling,Gallium nitride,Generators,Glass,Image generation,Semantics",0.6124928,0.35156277,0.30762213,0.3838398,0.125,0.08333333333333333,0.2222222222222222,,,,
0,2165,1040,True,1749,200,{Detecting and explaining causes from text for a time series event},"Kang, D and Gangal, V and Lu, A and Chen, Z and Hovy, E",2017,,10.18653/v1/d17-1292,"Explaining underlying causes or effects about events is a challenging but valuable task. We define a novel problem of generating explanations of a time series event by (1) searching cause and effect relationships of the time series with textual data and (2) constructing a connecting chain between them to generate an explanation. To detect causal features from text, we propose a novel method based on the Granger causality of time series between features extracted from text such as N-grams, topics, sentiments, and their composition. The generation of the sequence of causal entities requires a commonsense causative knowledge base with efficient reasoning. To ensure good interpretability and appropriate lexical usage we combine symbolic and neural representations, using a neural reasoning algorithm trained on commonsense causal tuples to predict the next cause step. Our quantitative and human analysis show empirical evidence that our method successfully extracts meaningful causality relationships between time series with textual features and generates appropriate explanation between them. {\textcopyright}2017 Association for Computational Linguistics.","Cause-and-effect relationships,Granger Causality,Interpretability,Knowledge based systems,Natural language processing systems,Neural representations,Reasoning algorithms,Textual features,Time series,Time series analysis,Time-series events,Underlying cause",0.5263089,0.30209428,0.3776971,0.41485006,0.125,0.25,0.1111111111111111,,,,
0,2172,1046,True,1749,200,{Differentiable Multi-Agent Actor-Critic for Multi-Step Radiology Report Summarization},"Karn, S K and Liu, N and Sch{\""{u}}tze, H and Farri, O",2022,,10.18653/v1/2022.acl-long.109,"The IMPRESSIONS section of a radiology report about an imaging study is a summary of the radiologist's reasoning and conclusions, and it also aids the referring physician in confirming or excluding certain diagnoses. A cascade of tasks are required to automatically generate an abstractive summary of the typical information-rich radiology report. These tasks include acquisition of salient content from the report and generation of a concise, easily consumable IMPRESSIONS section. Prior research on radiology report summarization has focused on single-step end-to-end models - which subsume the task of salient content acquisition. To fully explore the cascade structure and explainability of radiology report summarization, we introduce two innovations. First, we design a two-step approach: extractive summarization followed by abstractive summarization. Second, we additionally break down the extractive part into two independent tasks: extraction of salient (1) sentences and (2) keywords. Experiments on English radiology reports from two clinical sites show our novel approach leads to a more precise summary compared to single-step and to two-step-with-single-extractive-process baselines with an overall improvement in F1 score of 3-4%. {\textcopyright}2022 Association for Computational Linguistics.","Actor critic,Cascade structures,Computational linguistics,Consumables,Content acquisition,End-to-end models,Multi agent,Multi agent systems,Multisteps,Natural language processing systems,Radiation,Radiology,Radiology reports,Single-step,Two-step approach",0.48415998,0.2779014,0.4299088,0.4434716,0.125,0.08333333333333333,0.1111111111111111,,,,
0,2192,1058,True,1749,200,{Spatially Attentive Output Layer for Image Classification},"Kim, I and Baek, W and Kim, S",2020,,10.1109/CVPR42600.2020.00955,"Most convolutional neural networks (CNNs) for image classification use a global average pooling (GAP) followed by a fully-connected (FC) layer for output logits. However, this spatial aggregation procedure inherently restricts the utilization of location-specific information at the output layer, although this spatial information can be beneficial for classification. In this paper, we propose a novel spatial output layer on top of the existing convolutional feature maps to explicitly exploit the location-specific output information. In specific, given the spatial feature maps, we replace the previous GAP-FC layer with a spatially attentive output layer (SAOL) by employing a attention mask on spatial logits. The proposed location-specific attention selectively aggregates spatial logits within a target region, which leads to not only the performance improvement but also spatially interpretable outputs. Moreover, the proposed SAOL also permits to fully exploit location-specific self-supervision as well as self-distillation to enhance the generalization ability during training. The proposed SAOL with self-supervision and self-distillation can be easily plugged into existing CNNs. Experimental results on various classification tasks with representative architectures show consistent performance improvements by SAOL at almost the same computational cost.","Aggregates,Computer architecture,Computer vision,Convolution,Semantics,Task analysis,Training",0.5584097,0.32051983,0.33355868,0.38977143,0.125,0.0,0.3333333333333333,,,,
0,2198,1063,True,1749,200,{MONAH: Multi-Modal Narratives for Humans to analyze conversations},"Kim, J Y and Kim, G Y and Liu, C F and Calvo, R A and Taylor, S C R and Yacef, K and Linguist, Assoc Computat",2021,,,"In conversational analyses, humans manually weave multimodal information into the transcripts, which is significantly time-consuming. We introduce a system that automatically expands the verbatim transcripts of videorecorded conversations using multimodal data streams. This system uses a set of preprocessing rules to weave multimodal annotations into the verbatim transcripts and promote interpretability. Our feature engineering contributions are two-fold: firstly, we identify the range of multimodal features relevant to detect rapport-building; secondly, we expand the range of multimodal annotations and show that the expansion leads to statistically significant improvements in detecting rapport-building.",,0.5125603,0.2942028,0.40517497,0.43202132,0.125,0.08333333333333333,0.0,,,,
0,2208,1070,True,1749,200,{Iterative Residual CNNs for Burst Photography Applications},"Kokkinos, F and Lefkimmiatis, S",2019,,10.1109/CVPR.2019.00608,"Modern inexpensive imaging sensors suffer from inherent hardware constraints which often result in captured images of poor quality. Among the most common ways to deal with such limitations is to rely on burst photography, which nowadays acts as the backbone of all modern smartphone imaging applications. In this work, we focus on the fact that every frame of a burst sequence can be accurately described by a forward (physical) model. This, in turn, allows us to restore a single image of higher quality from a sequence of low-quality images as the solution of an optimization problem. Inspired by an extension of the gradient descent method that can handle non-smooth functions, namely the proximal gradient descent, and modern deep learning techniques, we propose a convolutional iterative network with a transparent architecture. Our network uses a burst of low-quality image frames and is able to produce an output of higher image quality recovering fine details which are not distinguishable in any of the original burst frames. We focus both on the burst photography pipeline as a whole, i.e., burst demosaicking and denoising, as well as on the traditional Gaussian denoising task. The developed method demonstrates consistent state-of-the art performance across the two tasks and as opposed to other recent deep learning approaches does not have any inherent restrictions either to the number of frames or their ordering.","Computational Photography,Computer architecture,Deep Learning,Deep learning,Image restoration,Low-level Vision,Noise reduction,Optimization Methods,Photography,Sensors,Visualization",0.4765666,0.27354297,0.27508295,0.32545388,0.125,0.08333333333333333,0.1111111111111111,,,,
0,2214,1071,True,1749,200,{KEBAP: Korean Error Explainable Benchmark Dataset for ASR and Post-processing},"Koo, S and Park, C and Kim, J and Seo, J and Eo, S and Moon, H and Lim, H",2023,,,"Automatic Speech Recognition (ASR) systems are instrumental across various applications, with their performance being critically tied to user satisfaction. Conventional evaluation metrics for ASR systems produce a singular aggregate score, which is insufficient for understanding specific system vulnerabilities. Therefore, we aim to address the limitations of the previous ASR evaluation methods by introducing the Korean Error Explainable Benchmark Dataset for ASR and Post-processing (KEBAP). KEBAP enables comprehensive analysis of ASR systems at both speech- and text levels, thereby facilitating a more balanced assessment encompassing speech recognition accuracy and user readability. KEBAP provides 37 newly defined speech-level resources incorporating diverse noise environments and speaker characteristics categories, also presenting 13 distinct textlevel error types. This paper demonstrates detailed statistical analyses of colloquial noise categories and textual error types. Furthermore, we conduct extensive validation and analysis on commercially deployed ASR systems, providing valuable insights into their performance. As a more fine-grained and real-world-centric evaluation method, KEBAP contributes to identifying and mitigating potential weaknesses in ASR systems.",,0.36286965,0.20828235,0.42166936,0.40696943,0.125,0.0,0.0,,,,
0,2222,1075,True,1749,200,{Exploratory Search of GANs with Contextual Bandits},"Kropotov, I and Medlar, A and Glowacka, D and ACM",2021,,10.1145/3459637.3482103,"Interactive image retrieval involves users searching a collection of images to satisfy their subjective information needs. However, even large image collections arefi nite and therefore may not be able to satisfy users. An alternate approach would be to explore a generative adversarial network (GAN) and model users' search intents directly in terms of the latent space used by the GAN to generate images. In this article, we present a simulation study exploring the performance of Gaussian Process bandits in the context of interactive GAN exploration. We used recent advances in interpretable GAN controls to investigate the scalability of different approaches in terms of image space dimensionality. While we present several experiments with promising results, none of the approaches tested scale sufficiently well to explore the entire GAN image space.",,0.51263374,0.294245,0.36306936,0.40046048,0.125,0.0,0.1111111111111111,,,,
0,2227,1077,True,1749,200,{Structured Graph Learning via Laplacian Spectral Constraints},"Kumar, S and Ying, J X and Cardoso, J V D and Palomar, D P",2019,,,"Learning a graph with a specific structure is essential for interpretability and identification of the relationships among data. It is well known that structured graph learning from observed samples is an NP-hard combinatorial problem. In this paper, we first show that for a set of important graph families it is possible to convert the structural constraints of structure into eigenvalue constraints of the graph Laplacian matrix. Then we introduce a unified graph learning framework, lying at the integration of the spectral properties of the Laplacian matrix with Gaussian graphical modeling that is capable of learning structures of a large class of graph families. The proposed algorithms are provably convergent and practically amenable for large-scale semi-supervised and unsupervised graph based learning tasks. Extensive numerical experiments with both synthetic and real data sets demonstrate the effectiveness of the proposed methods. An R package containing code for all the experimental results is available at https//cran.r-project.org/package=spectralGraphTopology.",,0.48353612,0.27754337,0.28993154,0.33833268,0.125,0.08333333333333333,0.0,,,,
0,2257,1096,True,1749,200,{Reinforcement Learning for Control with Multiple Frequencies},"Lee, J and Lee, B J and Kim, K E",2020,,,"Many real-world sequential decision problems involve multiple action variables whose control frequencies are different, such that actions take their effects at different periods. While these problems can be formulated with the notion of multiple action persistences in factored-action MDP (FA-MDP), it is non-trivial to solve them efficiently since an action-persistent policy constructed from a stationary policy can be arbitrarily suboptimal, rendering solution methods for the standard FA-MDPs hardly applicable. In this paper, we formalize the problem of multiple control frequencies in RL and provide its efficient solution method. Our proposed method, Action-Persistent Policy Iteration (AP-PI), provides a theoretical guarantee on the convergence to an optimal solution while incurring only a factor of jAj increase in time complexity during policy improvement step, compared to the standard policy iteration for FA-MDPs. Extending this result, we present Action-Persistent Actor-Critic (AP-AC), a scalable RL algorithm for high-dimensional control tasks. In the experiments, we demonstrate that AP-AC significantly outperforms the baselines on several continuous control tasks and a traffic control simulation, which highlights the effectiveness of our method that directly optimizes the periodic non-stationary policy for tasks with multiple control frequencies.",,0.33977747,0.19502777,0.35276258,0.3495163,0.0,0.08333333333333333,0.0,,,,
0,2264,1100,True,1749,200,{Holistic Evaluation of Text-to-Image Models},"Lee, T and Yasunaga, M and Meng, C L and Mai, Y F and Park, J S and Gupta, A and Zhang, Y Z and Narayanan, D and Teufel, H B and Bellagente, M and Kang, M and Park, T and Leskovec, J and Zhu, J Y and Li, F F and Wu, J J and Ermon, S and Liang, P",2023,,,"The stunning qualitative improvement of text-to-image models has led to their widespread attention and adoption. However, we lack a comprehensive quantitative understanding of their capabilities and risks. To fill this gap, we introduce a new benchmark, Holistic Evaluation of Text-to-Image Models (HEIM). Whereas previous evaluations focus mostly on image-text alignment and image quality, we identify 12 aspects, including text-image alignment, image quality, aesthetics, originality, reasoning, knowledge, bias, toxicity, fairness, robustness, multilinguality, and efficiency. We curate 62 scenarios encompassing these aspects and evaluate 26 state-of-the-art text-to-image models on this benchmark. Our results reveal that no single model excels in all aspects, with different models demonstrating different strengths. We release the generated images and human evaluation results for full transparency at https://crfm.stanford.edu/heim/latest and the code at https://github.com/stanford- crfm/helm, which is integrated with the HELM codebase [1].",,0.513191,0.29456484,0.38110006,0.4141228,0.125,0.16666666666666666,0.0,,,,
0,2267,1103,True,1749,200,{Decomposition-Based Variational Network for Multi-Contrast MRI Super-Resolution and Reconstruction},"Lei, P and Fang, F and Zhang, G and Zeng, T",2023,,10.1109/ICCV51070.2023.01947,"Multi-contrast MRI super-resolution (SR) and reconstruction methods aim to explore complementary information from the reference image to help the reconstruction of the target image. Existing deep learning-based methods usually manually design fusion rules to aggregate the multi-contrast images, fail to model their correlations accurately and lack certain interpretations. Against these issues, we propose a multi-contrast variational network (MC-VarNet) to explicitly model the relationship of multi-contrast images. Our model is constructed based on an intuitive motivation that multi-contrast images have consistent (edges and structures) and inconsistent (contrast) information. We thus build a model to reconstruct the target image and decompose the reference image as a common component and a unique component. In the feature interaction phase, only the common component is transferred to the target image. We solve the variational model and unfold the iterative solutions into a deep network. Hence, the proposed method combines the good interpretability of model-based methods with the powerful representation ability of deep learning-based methods. Experimental results on the multi-contrast MRI reconstruction and SR demonstrate the effectiveness of the proposed model. Especially, since we explicitly model the multi-contrast images, our model is more robust to the reference images with noises and large inconsistent structures. The code is available at https://github.com/lpcccccv/MC-VarNet.","Artificial neural networks,Computational modeling,Image edge detection,Learning systems,Magnetic resonance imaging,Reconstruction algorithms,Superresolution",0.51321304,0.2945775,0.33802128,0.38181922,0.125,0.08333333333333333,0.2222222222222222,,,,
0,2321,1132,True,1749,200,{Scalable Graph Classification via Random Walk Fingerprints},"Li, P and Wang, H and B{\""{o}}hm, C",2024,,10.1109/ICDM59182.2024.00030,"Graph classification has long been a focus of net-work mining, with graph kernel methods and representation learning at the forefront. Despite their success, many of these studies require heavy computation, making them impractical for large-scale datasets. In this paper, we design a novel structural feature extraction technique that leverages node subsets and random walk probabilities, presenting a scalable, unsupervised, and easily interpretable alternative. Initially, we partition each graph based on the structural roles of nodes. This process creates soft alignments of node subsets across graphs of varying sizes. Then, we measure the connection strengths within and between these subsets, which form the fingerprints for graph classification. Additionally, this technique can seamlessly incorporate node features. Through empirical assessment encompassing a broad range of graph datasets, we demonstrate that our method achieves high levels of computational efficiency while maintaining robust classification accuracy. Code and data are available at https://github.com/KXDY233/RWF.","Accuracy,Codes,Computational efficiency,Data mining,Feature Extraction,Feature extraction,Fingerprint recognition,Graph Classification,Kernel,Representation learning,Scalability",0.4790771,0.2749839,0.27026206,0.32246584,0.125,0.0,0.0,,,,
0,2335,1141,True,1749,200,{Information Obfuscation of Graph Neural Networks},"Liao, P Y and Zhao, H and Xu, K Y L and Jaakkola, T and Gordon, G and Jegelka, S and Salakhutdinov, R",2021,,,"While the advent of Graph Neural Networks (GNNs) has greatly improved node and graph representation learning in many applications, the neighborhood aggregation scheme exposes additional vulnerabilities to adversaries seeking to extract node-level information about sensitive attributes. In this paper, we study the problem of protecting sensitive attributes by information obfuscation when learning with graph structured data. We propose a framework to locally filter out pre-determined sensitive attributes via adversarial training with the total variation and the Wasserstein distance. Our method creates a strong defense against inference attacks, while only suffering small loss in task performance. Theoretically, we analyze the effectiveness of our framework against a worst-case adversary, and characterize an inherent trade-off between maximizing predictive accuracy and minimizing information leakage. Experiments across multiple datasets from recommender systems, knowledge graphs and quantum chemistry demonstrate that the proposed approach provides a robust defense across various graph structures and tasks, while producing competitive GNN encoders for downstream tasks.",,0.54446733,0.31251702,0.30895257,0.36783126,0.0,0.08333333333333333,0.2222222222222222,,,,
0,2352,1149,True,1749,200,{Deep vanishing point detection: Geometric priors make dataset variations vanish},"Lin, Y and Wiersma, R and Pintea, S L and Hildebrandt, K and Eisemann, E and van Gemert, J C",2022,,10.1109/CVPR52688.2022.00601,"Deep learning has improved vanishing point detection in images. Yet, deep networks require expensive annotated datasets trained on costly hardware and do not generalize to even slightly different domains, and minor problem variants. Here, we address these issues by injecting deep vanishing point detection networks with prior knowledge. This prior knowledge no longer needs to be learned from data, saving valuable annotation efforts and compute, unlocking realistic few-sample scenarios, and reducing the impact of domain changes. Moreover, the interpretability of the priors allows to adapt deep networks to minor problem variations such as switching between Manhattan and non-Manhattan worlds. We seamlessly incorporate two geometric priors: (i) Hough Transform – mapping image pixels to straight lines, and (ii) Gaussian sphere – mapping lines to great circles whose intersections denote vanishing points. Experimentally, we ablate our choices and show comparable accuracy to existing models in the large-data setting. We validate our model's improved data efficiency, robustness to domain changes, adaptability to non-Manhattan settings.","Adaptation models,Computational modeling,Deep learning,Knowledge engineering,Low-level vision; 3D from single images; Computational photography; Scene analysis and understanding; Segmentation,Robustness,Switches,Transforms,grouping and shape analysis",0.51441026,0.2952647,0.33379334,0.37894756,0.125,0.08333333333333333,0.1111111111111111,,,,
0,2360,1154,True,1749,200,{On certifying non-uniform bounds against adversarial attacks},"Liu, C and Tomioka, R and Cevher, V",2019,,,"This work studies the robustness certification problem of neural network models, which aims to find certified adversary-free regions as large as possible around data points. In contrast to the existing approaches that seek regions bounded uniformly along all input features, we consider non-uniform bounds and use it to study the decision boundary of neural network models. We formulate our target as an optimization problem with nonlinear constraints. Then, a framework applicable for general feedforward neural networks is proposed to bound the output logits so that the relaxed problem can be solved by the augmented Lagrangian method. Our experiments show the non-uniform bounds have larger volumes than uniform ones and the geometric similarity of the non-uniform bounds gives a quantitative, data-agnostic metric of input features' robustness. Further, compared with normal models, the robust models have even larger non-uniform bounds and better interpretability. {\textcopyright}36th International Conference on Machine Learning, ICML 2019. All rights reserved.","Constrained optimization,Datapoints,Decision boundary,Feedforward neural networks,Free region,Input features,Lagrange multipliers,Machine learning,Neural network model,Neural network models,Non-linear constraints,Non-uniform,Optimization problems,Relaxed problem,Work study",0.48675007,0.27938813,0.29333317,0.34168738,0.125,0.08333333333333333,0.2222222222222222,,,,
0,2366,1158,True,1749,200,{A character-centric neural model for automated story generation},"Liu, D and Li, J and Yu, M.-H. and Huang, Z and Liu, G and Zhao, D and Yan, R",2020,,,"Automated story generation is a challenging task which aims to automatically generate convincing stories composed of successive plots correlated with consistent characters. Most recent generation models are built upon advanced neural networks, e.g., variational autoencoder, generative adversarial network, convolutional sequence to sequence model. Although these models have achieved prompting results on learning linguistic patterns, very few methods consider the attributes and prior knowledge of the story genre, especially from the perspectives of explainability and consistency. To fill this gap, we propose a character-centric neural storytelling model, where a story is created encircling the given character, i.e., each part of a story is conditioned on a given character and corresponded context environment. In this way, we explicitly capture the character information and the relations between plots and characters to improve explainability and consistency. Experimental results on open dataset indicate that our model yields meaningful improvements over several strong baselines on both human and automatic evaluations. Copyright {\textcopyright}2020, Association for the Advancement of Artificial Intelligence (www.aaai.org). All rights reserved.","Adversarial networks,Automatic evaluation,Context environment,Convolutional neural networks,Learning systems,Linguistic patterns,Neural modeling,Prior knowledge,Sequence modeling,Story generations",0.6073279,0.34859815,0.32346624,0.39443165,0.125,0.08333333333333333,0.2222222222222222,,,,
0,2381,1167,True,1749,200,{A Cognitive Solver with Autonomously Knowledge Learning for Reasoning Mathematical Answers},"Liu, J and Huang, Z and Lin, X and Liu, Q and Ma, J and Chen, E",2022,,10.1109/ICDM54844.2022.00037,"Reasoning answers to mathematical problems requires machines to think and operate like a human to learn knowledge from mathematical data, which is one of the fundamental tasks for exploring general artificial intelligence. Most solutions focus on mimicking how humans understand problems, which generate the necessary expressions for answers. However, they are still far from enough since they ignore the core ability of humans to acquire knowledge from experience. In this paper, we propose a Cognitive Solver (CogSolver) that is capable of autonomously learning knowledge from scratch to solve mathematical problems, inspired by two cognitive science theories. Specifically, we draw one insight from the dual process theory to establish an intelligent BRAIN-ARM framework, and refer to another information processing theory to summarize the knowledge learning process into Store-Apply-Update steps. In CogSolver, the BRAIN system stores three types of mathematical knowledge, including semantics knowledge, relation knowledge, and mathematic rule knowledge. Then, the ARM system applies the knowledge in BRAIN to answer the problems. Specifically, we design a knowledge-aware module and a commutative module in ARM to improve its reasoning ability, where the knowledge is organically integrated into answer reasoning process. After solving the problems, BRAIN updates the stored knowledge according to the feedback of ARM, where we develop knowledge filters to eliminate the redundant ones and further form a more reasonable knowledge base. Our CogSolver carries out the above three steps iteratively, which behaves more like a human. We conduct extensive experiments on real-world math word problem datasets. The experimental results demonstrate the improvement in answer reasoning and clearly show how CogSolver gains knowledge from the problems, leading to superior interpretability. Our codes are available at https://github.com/bigdata-ustc/CogSolver.","Cognition,Commutation,Filtering theory,Information processing,Knowledge based systems,Mathematics,Semantics,knowledge learning,mathematical reasoning",0.4726795,0.27131176,0.38712,0.40850988,0.125,0.25,0.0,,,,
0,2417,1187,True,1749,200,{Impact-Oriented Contextual Scholar Profiling using Self-Citation Graphs},"Luo, Y and Shi, L and Xu, M and Ji, Y and Xiao, F and Hu, C and Shan, Z",2023,,10.1145/3580305.3599845,"Quantitatively profiling a scholar's scientific impact is important to modern research society. Current practices with bibliometric indicators (e.g., h-index), lists, and networks perform well at scholar ranking, but do not provide structured context for scholar-centric, analytical tasks such as profile reasoning and understanding. This work presents GeneticFlow (GF), a suite of novel graph-based scholar profiles that fulfill three essential requirements: structured-context, scholar-centric, and evolution-rich. We propose a framework to compute GF over large-scale academic data sources with millions of scholars. The framework encompasses a new unsupervised advisor-advisee detection algorithm, a well-engineered citation type classifier using interpretable features, and a fine-tuned graph neural network (GNN) model. Evaluations are conducted on the real-world task of scientific award inference. Experiment outcomes show that the F1 score of best GF profile significantly outperforms alternative methods of impact indicators and bibliometric networks in all the 6 computer science fields considered. Moreover, the core GF profiles, with 63.6%∼66.5% nodes and 12.5%∼29.9% edges of the full profile, still significantly outrun existing methods in 5 out of 6 fields studied. Visualization of GF profiling result also reveals human explainable patterns for high-impact scholars. {\textcopyright}2023 ACM.","Bibliometric indicators,Big scholar data,Citation graphs,Current practices,Data-source,Graph neural networks,Graph-based,Graphic methods,H indices,Large-scales,Neural network models,Scholar profiling,big scholar data,graph neural networks,scholar profiling",0.43161783,0.24774294,0.41651046,0.4202873,0.25,0.08333333333333333,0.2222222222222222,,,,
0,2460,1213,True,1749,200,{Reasoning About Inconsistent Formulas},"Marques-Silva, J and Menc{\'{i}}a, C",2020,,,"The analysis of inconsistent formulas finds an ever-increasing range of applications, that include axiom pinpointing in description logics, fault localization in software, model-based diagnosis, optimization problems, but also explainability of machine learning models. This paper overviews approaches for analyzing inconsistent formulas, focusing on finding and enumerating explanations of and corrections for inconsistency, but also on solving optimization problems modeled as inconsistent formulas.",,0.457447,0.2625685,0.3893438,0.40636963,0.125,0.16666666666666666,0.0,,,,
0,2462,1215,True,1749,200,{Formal Reasoning Methods for Explainability in Machine Learning},"Marquez-Silva, J",2020,,,,,0.52283853,0.30010238,0.28627443,0.34541547,0.125,0.16666666666666666,0.0,,,,
0,2464,1217,True,1749,200,{GradTree: Learning Axis-Aligned Decision Trees with Gradient Descent},"Marton, S and L{\""{u}}dtke, S and Bartelt, C and Stuckenschmidt, H",2024,,10.1609/aaai.v38i13.29345,"Decision Trees (DTs) are commonly used for many machine learning tasks due to their high degree of interpretability. However, learning a DT from data is a difficult optimization problem, as it is non-convex and non-differentiable. Therefore, common approaches learn DTs using a greedy growth algorithm that minimizes the impurity locally at each internal node. Unfortunately, this greedy procedure can lead to inaccurate trees. In this paper, we present a novel approach for learning hard, axis-aligned DTs with gradient descent. The proposed method uses backpropagation with a straight-through operator on a dense DT representation, to jointly optimize all tree parameters. Our approach outperforms existing methods on binary classification benchmarks and achieves competitive results for multi-class tasks. Copyright {\textcopyright}2024, Association for the Advancement of Artificial Intelligence (www.aaai.org). All rights reserved.","Backpropagation,Decision trees,Gradient methods,Gradient-descent,Growth algorithms,Internal nodes,Interpretability,Learn+,Learning systems,Learning tasks,Machine-learning,Non-differentiable,Optimization,Optimization problems,Tree representation",0.54352474,0.31197605,0.27503288,0.34215584,0.125,0.08333333333333333,0.1111111111111111,,,,
0,2470,1220,True,1749,200,{Temporal Graph Signal Decomposition},"McNeil, M J and Zhang, L and Bogdanov, P",2021,,10.1145/3447548.3467379,"Temporal graph signals are multivariate time series with individual components associated with nodes of a fixed graph structure. Data of this kind arises in many domains including activity of social network users, sensor network readings over time, and time course gene expression within the interaction network of a model organism. Traditional matrix decomposition methods applied to such data fall short of exploiting structural regularities encoded in the underlying graph and also in the temporal patterns of the signal. How can we take into account such structure to obtain a succinct and interpretable representation of temporal graph signals? We propose a general, dictionary-based framework for temporal graph signal decomposition (TGSD). The key idea is to learn a low-rank, joint encoding of the data via a combination of graph and time dictionaries. We propose a highly scalable decomposition algorithm for both complete and incomplete data, and demonstrate its advantage for matrix decomposition, imputation of missing values, temporal interpolation, clustering, period estimation, and rank estimation in synthetic and real-world data ranging from traffic patterns to social media activity. Our framework achieves 28% reduction in RMSE compared to baselines for temporal interpolation when as many as 75% of the observations are missing. It scales best among baselines taking under 20 seconds on 3.5 million data points and produces the most parsimonious models. To the best of our knowledge, TGSD is the first framework to jointly model graph signals by temporal and graph dictionaries. {\textcopyright}2021 ACM.","Data mining,Decomposition algorithm,Gene expression,Graph structures,Imputation of missing values,Individual components,Interpolation,Interpretable representation,Learning to rank,Matrix algebra,Multivariate time series,Sensor networks,Signal decomposition,Signal distortion,Signal processing,Structural regularity,Temporal interpolation,dictionary coding,graph mining,interpolation,periodicity detection,signal processing,sparse decomposition,time series",0.40265763,0.23112015,0.36337566,0.37319615,0.125,0.08333333333333333,0.1111111111111111,,,,
0,2476,1224,True,1749,200,{Foreground Activation Maps for Weakly Supervised Object Localization},"Meng, M and Zhang, T and Tian, Q and Zhang, Y and Wu, F",2021,,10.1109/ICCV48922.2021.00337,"Weakly supervised object localization (WSOL) aims to localize objects with only image-level labels, which has better scalability and practicability than fully supervised methods in the actual deployment. However, with only image-level labels, learning object classification models tends to activate object parts and ignore the whole object, while expanding object parts into the whole object may deteriorate classification performance. To alleviate this problem, we propose foreground activation maps (FAM), whose aim is to optimize object localization and classification jointly via an object-aware attention module and a part-aware attention module in a unified model, where the two tasks can complement and enhance each other. To the best of our knowledge, this is the first work that can achieve remarkable performance for both tasks by optimizing them jointly via FAM for WSOL. Besides, the designed two modules can effectively highlight foreground objects for localization and discover discriminative parts for classification. Extensive experiments with four backbones on two standard benchmarks demonstrate that our FAM performs favorably against state-of-the-art WSOL methods.","Benchmark testing,Computational modeling,Computer vision,Detection and localization in 2D and 3D,Explainable AI,Location awareness,Recognition and classification,Scalability,Standards,Task analysis",0.5107021,0.29313627,0.34823835,0.38885427,0.125,0.08333333333333333,0.0,,,,
0,2489,1234,True,1749,200,{L1-Regularized Neural Ranking for Risk Stratification and Its Application to Prediction of Time to Distant Metastasis in Luminal Node Negative Chemotherapy Naive Breast Cancer Patients},"Minhas, F and Toss, M S and ul Wahab, N and Rakha, E and Rajpoot, N M",2021,,10.1007/978-3-030-93733-1_27,"""Can we predict if an early stage cancer patient is at high risk of developing distant metastasis and what clinicopathological factors are associated with such a risk?"" In this paper, we propose a ranking based censoring-aware machine learning model for answering such questions. The proposed model is able to generate an interpretable formula for risk stratification using a minimal number of clinicopathological covariates through L1-regulrization. Using this approach, we analyze the association of time to distant metastasis (TTDM) with various clinical parameters for early stage, luminal (ER + /HER2-) breast cancer patients who received endocrine therapy but no chemotherapy (n = 728). The TTDM risk stratification formula obtained using the proposed approach is primarily based on mitotic score, histological tumor type and lymphovascular invasion. These findings corroborate with the known role of these covariates in increased risk for distant metastasis. Our analysis shows that the proposed risk stratification formula can discriminate between cases with high and low risk of distant metastasis (p-value < 0.005) and can also rank cases based on their time to distant metastasis with a concordance-index of 0.73.",,0.4652624,0.2670545,0.41766512,0.42956445,0.125,0.0,0.1111111111111111,,,,
0,2493,1237,True,1749,200,{NETEVOLVE: Social Network Forecasting using Multi-Agent Reinforcement Learning with Interpretable Features},"Miyake, K and Ito, H and Faloutsos, C and Matsumoto, H and Morishima, A",2024,,10.1145/3589334.3647982,"Predicting how social networks change in the future is important in many applications. Results in social network research have shown that the change in the network can be explained by a small number of concepts, such as ""homophily""and ""transitivity"". However, existing prediction methods require many latent features that are not connected to such concepts, making the methods' black boxes and their prediction results difficult to interpret, making them harder to derive scientific knowledge about social networks. In this study, we propose NetEvolve a novel multi-agent reinforcement learning-based method that predicts changes in a given social network. Given a sequence of changes as training data, NetEvolve learns the characteristics of the nodes with interpretable features, such as how the node feels rewards for connecting with similar people and the cost of the connection itself. Based on the learned feature, NetEvolve makes a forecast based on multi-agent simulation. The method achieves comparable or better accuracy than existing methods in predicting network changes in real-world social networks while keeping the prediction results interpretable. {\textcopyright}2024 Owner/Author.","Black boxes,Forecasting,Homophily,Learning systems,Learning-based methods,Multi agent systems,Multi-agent reinforcement learning,Network science,Prediction methods,Reinforcement learning,Reinforcement learnings,Scientific knowledge,Times series,Training data,multi-agent system,network science,reinforcement learning,time-series",0.5025835,0.28847626,0.40626723,0.4303463,0.125,0.08333333333333333,0.1111111111111111,,,,
0,2502,1244,True,1749,200,{Confound Removal and Normalization in Practice: A Neuroimaging Based Sex Prediction Case Study},"More, S and Eickhoff, S B and Caspers, J and Patil, K R",2021,,10.1007/978-3-030-67670-4_1,"Machine learning (ML) methods are increasingly being used to predict pathologies and biological traits using neuroimaging data. Here controlling for confounds is essential to get unbiased estimates of generalization performance and to identify the features driving predictions. However, a systematic evaluation of the advantages and disadvantages of available alternatives is lacking. This makes it difficult to compare results across studies and to build deployment quality models. Here, we evaluated two commonly used confound removal schemes-whole data confound regression (WDCR) and cross-validated confound regression (CVCR)-to understand their effectiveness and biases induced in generalization performance estimation. Additionally, we study the interaction of the confound removal schemes with Z-score normalization, a common practice in ML modelling. We applied eight combinations of confound removal schemes and normalization (pipelines) to decode sex from resting-state functional MRI (rfMRI) data while controlling for two confounds, brain size and age. We show that both schemes effectively remove linear univariate and multivariate confounding effects resulting in reduced model performance with CVCR providing better generalization estimates, i.e., closer to out-of-sample performance than WDCR. We found no effect of normalizing before or after confound removal. In the presence of dataset and confound shift, four tested confound removal procedures yielded mixed results, raising new questions. We conclude that CVCR is a better method to control for confounding effects in neuroimaging studies. We believe that our in-depth analyses shed light on choices associated with confound removal and hope that it generates more interest in this problem instrumental to numerous applications.",,0.4337416,0.24896193,0.49401098,0.47894365,0.0,0.0,0.0,,,,
0,2504,1245,True,1749,200,{Connecting Interpretability and Robustness in Decision Trees through Separation},"Moshkovitz, M and Yang, Y Y and Chaudhuri, K",2021,,,"Recent research has recognized interpretability and robustness as essential properties of trust-worthy classification. Curiously, a connection between robustness and interpretability was empirically observed, but the theoretical reasoning behind it remained elusive. In this paper, we rigorously investigate this connection. Specifically, we focus on interpretation using decision trees and robustness to l(infinity)-perturbation. Previous works defined the notion of r-separation as a sufficient condition for robustness. We prove upper and lower bounds on the tree size in case the data is r-separated. We then show that a tighter bound on the size is possible when the data is linearly separated. We provide the first algorithm with provable guarantees both on robustness, interpretability, and accuracy in the context of decision trees. Experiments confirm that our algorithm yields classifiers that are both interpretable and robust and have high accuracy. The code for the experiments is available at https://github.com/yangarbiter/interpretable-robust-trees.",,0.45073527,0.25871605,0.27781343,0.3210439,0.125,0.16666666666666666,0.0,,,,
0,2523,1255,True,1749,200,{Discovering graph temporal association rules},"Namaki, M H and Wu, Y and Song, Q and Lin, P and Ge, T",2017,,10.1145/3132847.3133014,"Detecting regularities between complex events in temporal graphs is critical for emerging applications. This paper proposes graph temporal association rules (GTAR). A GTAR extends traditional association rules to discover temporal associations for complex events captured by a class of temporal pattern queries. We introduce notions of support and confidence for GTARs, and formalize the discovery problem for GTARs. We show that despite the enhanced expressive power, GTARs discovery is feasible over large temporal graphs. We develop an effective rule discovery algorithm, which integrates event mining and rule discovery as a single process, and reduces the redundant computation by leveraging their interaction. Using real-life and synthetic data, we experimentally verify the effectiveness and scalability of the algorithms. Our case study also verifies that GTARs demonstrate highly interpretable associations in real-world networks. {\textcopyright}2017 Association for Computing Machinery.","Association rules,Complex networks,Emerging applications,Knowledge management,Real-world networks,Redundant computation,Rule discovery algorithms,Support and confidence,Temporal association,Temporal association rule,Temporal pattern",0.47548178,0.27292025,0.35672778,0.38641626,0.125,0.3333333333333333,0.1111111111111111,,,,
0,2544,1263,True,1749,200,{Unveiling the Black Box of PLMs with Semantic Anchors: Towards Interpretable Neural Semantic Parsing},"Nie, L and Sun, J and Wang, Y and Du, L and Han, S and Zhang, D and Hou, L and Li, J and Zhai, J",2023,,10.1609/aaai.v37i11.26572,"The recent prevalence of pretrained language models (PLMs) has dramatically shifted the paradigm of semantic parsing, where the mapping from natural language utterances to structured logical forms is now formulated as a Seq2Seq task. Despite the promising performance, previous PLM-based approaches often suffer from hallucination problems due to their negligence of the structural information contained in the sentence, which essentially constitutes the key semantics of the logical forms. Furthermore, most works treat PLM as a black box in which the generation process of the target logical form is hidden beneath the decoder modules, which greatly hinders the model's intrinsic interpretability. To address these two issues, we propose to incorporate the current PLMs with a hierarchical decoder network. By taking the first-principle structures as the semantic anchors, we propose two novel intermediate supervision tasks, namely Semantic Anchor Extraction and Semantic Anchor Alignment, for training the hierarchical decoders and probing the model intermediate representations in a self-adaptive manner alongside the fine-tuning process. We conduct intensive experiments on several semantic parsing benchmarks and demonstrate that our approach can consistently outperform the baselines. More importantly, by analyzing the intermediate representations of the hierarchical decoders, our approach also makes a huge step toward the intrinsic interpretability of PLMs in the domain of semantic parsing. Copyright {\textcopyright}2023, Association for the Advancement of Artificial Intelligence (www.aaai.org). All rights reserved.","Anchors,Artificial intelligence,Black boxes,Decoding,Intermediate representations,Interpretability,Language model,Logical forms,Model based approach,Natural language processing systems,Natural languages,Performance,Semantic parsing,Semantics,Structural information,Syntactics",0.59158635,0.33956274,0.3211074,0.38872713,0.125,0.08333333333333333,0.2222222222222222,,,,
0,2563,1278,True,1749,200,{Speaker Information Can Guide Models to Better Inductive Biases: A Case Study On Predicting Code-Switching},"Ostapenko, A and Wintner, S and Fricke, M and Tsvetkov, Y",2022,,10.18653/v1/2022.acl-long.267,"Natural language processing (NLP) models trained on people-generated data can be unreliable because, without any constraints, they can learn from spurious correlations that are not relevant to the task. We hypothesize that enriching models with speaker information in a controlled, educated way can guide them to pick up on relevant inductive biases. For the speaker-driven task of predicting code-switching points in English-Spanish bilingual dialogues, we show that adding sociolinguistically-grounded speaker features as prepended prompts significantly improves accuracy. We find that by adding influential phrases to the input, speaker-informed models learn useful and explainable linguistic information. To our knowledge, we are the first to incorporate speaker characteristics in a neural model for code-switching, and more generally, take a step towards developing transparent, personalized models that use speaker information in a controlled way. {\textcopyright}2022 Association for Computational Linguistics.","Bilinguals,Case-studies,Code-switching,Codes (symbols),Computational linguistics,Guide models,Inductive bias,Language processing,Learn+,Natural language processing systems,Natural languages,Processing model,Switching points",0.5394885,0.30965927,0.4041894,0.4380142,0.25,0.25,0.1111111111111111,,,,
0,2579,1290,True,1749,200,{A Symbolic Rule Integration Framework with Logic Transformer for Inductive Relation Prediction},"Pan, Y and Liu, J and Zhao, T and Zhang, L and Lin, Y and Dong, J S",2024,,10.1145/3589334.3645594,"Relation prediction in knowledge graphs (KGs) aims at predicting missing relations in incomplete triples, whereas the dominant paradigm by KG embeddings has a limitation to predict the relation between unseen entities. This situation is called an inductive setting, which is more common in the real-world scenario. To handle this issue, implicit symbolic rules have shown great potential in capturing the inductive capability. However, it is still challenging to obtain precise representations of logic rules from KGs. The argument variability and predicate non-commutativity in symbolic rule integration make the modeling of component symbols difficult. To this end, we propose a novel inductive relation prediction model named SymRITa with a logic transformer integrating rules. SymRITa firstly extracts the subgraph, whose embeddings are captured by a graph network. Meanwhile, symbolic rule graphs in the subgraph can be generated. Then, the symbolic rules are modeled by a proposed logic transformer. Specifically, the input format based on the subgraph-based embeddings is to focus on the argument variability in symbolic rules. In addition, a conjunction attention mechanism in the logic transformer can resolve predicate non-commutativity in the symbolic rule integration process. Finally, the subgraph-based and symbol-based embeddings obtained from the previous steps are combined for the training regime, and prediction results as well as rules explaining the reasoning process are explicitly output. Extensive experiments on twelve inductive datasets show that SymRITa achieves outstanding effectiveness compared to state-of-the-art inductive baselines. Moreover, the logic rules with corresponding confidences provide an interpretable paradigm. {\textcopyright}2024 ACM.","Commutativity,Computer circuits,Embeddings,First order logic,Forecasting,Formal logic,Graph embeddings,Inductive relation prediction,Integration,Integration frameworks,Knowledge graph,Knowledge graphs,Logic rules,Logic transformer,Subgraphs,first-order logic,inductive relation prediction,knowledge graph,logic transformer",0.5645597,0.32404977,0.28128707,0.35210523,0.125,0.5833333333333334,0.1111111111111111,,,,
0,2588,1293,True,1749,200,{Distilling Linguistic Context for Language Model Compression},"Park, G and Kim, G and Yang, E O and Linguist, Assoc Computat",2021,,,"A computationally expensive and memory intensive neural network lies behind the recent success of language representation learning. Knowledge distillation, a major technique for deploying such a vast language model in resource-scarce environments, transfers the knowledge on individual word representations learned without restrictions. In this paper, inspired by the recent observations that language representations are relatively positioned and have more semantic knowledge as a whole, we present a new knowledge distillation objective for language representation learning that transfers the contextual knowledge via two types of relationships across representations: Word Relation and Layer Transforming Relation. Unlike other recent distillation techniques for the language models, our contextual distillation does not have any restrictions on architectural changes between teacher and student. We validate the effectiveness of our method on challenging benchmarks of language understanding tasks, not only in architectures of various sizes, but also in combination with DynaBERT, the recently proposed adaptive size pruning method.",,0.5884565,0.3377663,0.35328543,0.4120782,0.0,0.08333333333333333,0.3333333333333333,,,,
0,2682,1349,True,1749,200,{Question Answering over Curated and Open Web Sources},"Roy, R S and Anand, A and ACM",2020,,10.1145/3409256.3409809,"The last few years have seen an explosion of research on the topic of automated question answering (QA), spanning the communities of information retrieval, natural language processing, and artificial intelligence. This tutorial would cover the highlights of this really active period of growth for QA to give the audience a grasp over the families of algorithms that are currently being used. We partition research contributions by the underlying source from where answers are retrieved: curated knowledge graphs, unstructured text, or hybrid corpora. We choose this dimension of partitioning as it is the most discriminative when it comes to algorithm design. Other key dimensions are covered within each sub-topic: like the complexity of questions addressed, and degrees of explainability and interactivity introduced in the systems. We would conclude the tutorial with the most promising emerging trends in the expanse of QA, that would help new entrants into this field make the best decisions to take the community forward. Much has changed in the community since the last tutorial on QA in SIGIR 2016, and we believe that this timely overview will indeed benefit a large number of conference participants.",,0.49202865,0.28241795,0.29974377,0.34781498,0.125,0.08333333333333333,0.0,,,,
0,2773,1397,True,1749,200,{Bilingual Lexicon Induction via Unsupervised Bitext Construction and Word Alignment},"Shi, H Y and Zettlemoyer, L and Wang, S I and Linguist, Assoc Computat",2021,,,"Bilingual lexicons map words in one language to their translations in another, and are typically induced by learning linear projections to align monolingual word embedding spaces. In this paper, we show it is possible to produce much higher quality lexicons with methods that combine (1) unsupervised bitext mining and (2) unsupervised word alignment. Directly applying a pipeline that uses recent algorithms for both subproblems significantly improves induced lexicon quality and further gains are possible by learning to filter the resulting lexical entries, with both unsupervised and semisupervised schemes. Our final model outperforms the state of the art on the BUCC 2020 shared task by 14 F1 points averaged over 12 language pairs, while also providing a more interpretable approach that allows for rich reasoning of word meaning in context. Further analysis of our output and the standard reference lexicons suggests they are of comparable quality, and new benchmarks may be needed to measure further progress on this task.(1)",,0.43896818,0.25196195,0.36822397,0.38591003,0.125,0.08333333333333333,0.0,,,,
0,2796,1413,True,1749,200,{Mental Actions and Explainability in Kripkean Semantics: What Else Do I Know? (Student Abstract)},"Singh, S and Khemani, D and Intelligence, Assoc Advancement Artificial",2021,,,"The ability of an agent to distinguish the ramification effects of an action from its direct effects adds value to the explainability of its decisions. In this work, we propose to encode the ramification effects of ontic and epistemic actions as single-point update models in an epistemic planning domain modeled with Kripkean semantics of Knowledge and Belief. We call them ""mental actions"". We discuss a preliminary approach to realize our idea, and we conclude by pointing out some optimizations as our ongoing pursuit.",,0.35265237,0.20241778,0.476969,0.44588983,0.125,0.08333333333333333,0.0,,,,
0,2833,1432,True,1749,200,{Benchmarking Machine Reading Comprehension: A Psychological Perspective},"Sugawara, S and Stenetorp, P and Aizawa, A and Linguist, Assoc Computat",2021,,,"Machine reading comprehension (MRC) has received considerable attention as a benchmark for natural language understanding. However, the conventional task design of MRC lacks explainability beyond the model interpretation, i.e., reading comprehension by a model cannot be explained in human terms. To this end, this position paper provides a theoretical basis for the design of MRC datasets based on psychology as well as psychometrics, and summarizes it in terms of the prerequisites for benchmarking MRC. We conclude that future datasets should (i) evaluate the capability of the model for constructing a coherent and grounded representation to understand context-dependent situations and (ii) ensure substantive validity by shortcut-proof questions and explanation as a part of the task design.",,0.5212357,0.29918242,0.33760738,0.38351446,0.125,0.0,0.0,,,,
0,2844,1441,True,1749,200,{Learning Rope Manipulation Policies Using Dense Object Descriptors Trained on Synthetic Depth Data},"Sundaresan, P and Grannen, J and Thananjeyan, B and Balakrishna, A and Laskey, M and Stone, K and Gonzalez, J E and Goldberg, K and IEEE",2020,,10.1109/icra40945.2020.9197121,"Robotic manipulation of deformable 1D objects such as ropes, cables, and hoses is challenging due to the lack of high-fidelity analytic models and large configuration spaces. Furthermore, learning end-to-end manipulation policies directly from images and physical interaction requires significant time on a robot and can fail to generalize across tasks. We address these challenges using interpretable deep visual representations for rope, extending recent work on dense object descriptors for robot manipulation. This facilitates the design of interpretable and transferable geometric policies built on top of the learned representations, decoupling visual reasoning and control. We present an approach that learns point-pair correspondences between initial and goal rope configurations, which implicitly encodes geometric structure, entirely in simulation from synthetic depth images. We demonstrate that the learned representation - dense depth object descriptors (DDODs) can be used to manipulate a real rope into a variety of different arrangements either by learning from demonstrations or using interpretable geometric policies. In 50 trials of a knot-tying task with the ABB YuMi Robot, the system achieves a 66% knot-tying success rate from previously unseen configurations. See https://tinyurl.com/rope-learning for supplementary material and videos.",,0.5164237,0.29642037,0.32479632,0.37270316,0.125,0.08333333333333333,0.0,,,,
0,2849,1446,True,1749,200,{Recurrent Neural Language Models as Probabilistic Finite-state Automata},"Svete, A and Cotterell, R",2023,,,"Studying language models (LMs) in terms of well-understood formalisms allows us to precisely characterize their abilities and limitations. Previous work has investigated the representational capacity of recurrent neural network (RNN) LMs in terms of their capacity to recognize unweighted formal languages. However, LMs do not describe unweighted formal languages-rather, they define probability distributions over strings. In this work, we study what classes of such probability distributions RNN LMs can represent, which allows us to make more direct statements about their capabilities. We show that simple RNNs are equivalent to a subclass of probabilistic finitestate automata, and can thus model a strict subset of probability distributions expressible by finite-state models. Furthermore, we study the space complexity of representing finite-state LMs with RNNs. We show that, to represent an arbitrary deterministic finite-state LM with N states over an alphabet S, an RNN requires OpN|S| q neurons. These results present a first step towards characterizing the classes of distributions RNN LMs can represent and thus help us understand their capabilities and limitations.",,0.49063003,0.28161517,0.25752008,0.31579757,0.0,0.08333333333333333,0.2222222222222222,,,,
0,2853,1448,True,1749,200,{Adapting language models for non-parallel author-stylized rewriting},"Syed, B and Verma, G and Srinivasan, B V and Natarajan, A and Varma, V",2020,,,"Given the recent progress in language modeling using Transformer-based neural models and an active interest in generating stylized text, we present an approach to leverage the generalization capabilities of a language model to rewrite an input text in a target author's style. Our proposed approach adapts a pre-trained language model to generate author-stylized text by fine-tuning on the author-specific corpus using a denoising autoencoder (DAE) loss in a cascaded encoder-decoder framework. Optimizing over DAE loss allows our model to learn the nuances of an author's style without relying on parallel data, which has been a severe limitation of the previous related works in this space. To evaluate the efficacy of our approach, we propose a linguisticallymotivated framework to quantify stylistic alignment of the generated text to the target author at lexical, syntactic and surface levels. The evaluation framework is both interpretable as it leads to several insights about the model, and self-contained as it does not rely on external classifiers, e.g. sentiment or formality classifiers. Qualitative and quantitative assessment indicates that the proposed approach rewrites the input text with better alignment to the target style while preserving the original content better than state-of-the-art baselines. Copyright {\textcopyright}2020 Association for the Advancement of Artificial Intelligence. All rights reserved.","Alignment,Artificial intelligence,Computational linguistics,Encoder-decoder,Evaluation framework,Generalization capability,Language model,Modeling languages,Neural models,Qualitative and quantitative assessments,Recent progress,State of the art",0.5157914,0.2960575,0.36546874,0.4030494,0.125,0.08333333333333333,0.1111111111111111,,,,
0,2856,1449,True,1749,200,{CAM-Based Methods Can See Through Walls},"Taimeskhanov, M and Sicre, R and Garreau, D",2024,,10.1007/978-3-031-70368-3_20,"CAM-based methods are widely-used post-hoc interpretability method that produce a saliency map to explain the decision of an image classification model. The saliency map highlights the important areas of the image relevant to the prediction. In this paper, we show that most of these methods can incorrectly attribute an important score to parts of the image that the model cannot see. We show that this phenomenon occurs both theoretically and experimentally. On the theory side, we analyze the behavior of GradCAM on a simple masked CNN model at initialization. Experimentally, we train a VGG-like model constrained to not use the lower part of the image and nevertheless observe positive scores in the unseen part of the image. This behavior is evaluated quantitatively on two new datasets. We believe that this is problematic, potentially leading to mis-interpretation of the model's behavior.",,0.5297525,0.30407095,0.29354918,0.3526,0.125,0.0,0.0,,,,
0,2878,1463,True,1749,200,{Lifting Symmetry Breaking Constraints with Inductive Logic Programming},"Tarzariol, A and Gebser, M and Schekotihin, K",2021,,,"Efficient omission of symmetric solution candidates is essential for combinatorial problem solving. Most of the existing approaches are instance-specific and focus on the automatic computation of Symmetry Breaking Constraints (SBCs) for each given problem instance. However, the application of such approaches to large-scale instances or advanced problem encodings might be problematic. Moreover, the computed SBCs are propositional and, therefore, can neither be meaningfully interpreted nor transferred to other instances. To overcome these limitations, we introduce a new modeloriented approach for Answer Set Programming that lifts the SBCs of small problem instances into a set of interpretable first-order constraints using the Inductive Logic Programming paradigm. Experiments demonstrate the ability of our framework to learn general constraints from instance-specific SBCs for a collection of combinatorial problems. The obtained results indicate that our approach significantly outperforms a state-of-the-art instancespecific method as well as the direct application of a solver.",,0.47124624,0.2704891,0.36075318,0.38837644,0.125,0.16666666666666666,0.0,,,,
0,2895,1469,True,1749,200,{TENSOR TRUST: INTERPRETABLE PROMPT INJECTION ATTACKS FROM AN ONLINE GAME},"Toyer, S and Watkins, O and Mendes, E and Svegliato, J and Bailey, L and Wang, T and Ong, I and Elmaaroufi, K and Abbeel, P and Darrell, T and Ritter, A and Russell, S",2024,,,"While Large Language Models (LLMs) are increasingly being used in real-world applications, they remain vulnerable to prompt injection attacks: malicious third party prompts that subvert the intent of the system designer. To help researchers study this problem, we present a dataset of over 563,000 prompt injection attacks and 118,000 prompt-based “defenses” against prompt injection, all created by players of an online game called Tensor Trust. To the best of our knowledge, this is the first dataset that includes both human-generated attacks and defenses for instruction-following LLMs. The attacks in our dataset have easily interpretable structure, and shed light on the weaknesses of LLMs. We also use the dataset to create a benchmark for resistance to two types of prompt injection, which we refer to as prompt extraction and prompt hijacking. Our benchmark results show that many models are vulnerable to the attack strategies in the Tensor Trust dataset. Furthermore, we show that some attack strategies from the dataset generalize to deployed LLM-based applications, even though they have a very different set of constraints to the game. We release data and code at tensortrust.ai/paper. {\textcopyright}2024 12th International Conference on Learning Representations, ICLR 2024. All rights reserved.","Attack strategies,Language model,Model-based OPC,On-line games,Real-world,Social networking (online),System designers,Tensors,Third parties",0.4219228,0.24217811,0.3511771,0.36886352,0.125,0.16666666666666666,0.2222222222222222,,,,
0,2901,1472,True,1749,200,{Learning strategic network emergence games},"Trivedi, R and Zha, H",2020,,,"Real-world networks, especially the ones that emerge due to actions of animate agents (e.g. humans, animals), are the result of underlying strategic mechanisms aimed at maximizing individual or collective benefits. Learning approaches built to capture these strategic insights would gain interpretability and flexibility benefits that are required to generalize beyond observations. To this end, we consider a game-theoretic formalism of network emergence that accounts for the underlying strategic mechanisms and take it to the observed data. We propose MINE (Multi-agent Inverse models of Network Emergence mechanism), a new learning framework that solves Markov-Perfect network emergence games using multi-agent inverse reinforcement learning. MINE jointly discovers agents' strategy profiles in the form of network emergence policy and the latent payoff mechanism in the form of learned reward function. In the experiments, we demonstrate that MINE learns versatile payoff mechanisms that: highly correlates with the ground truth for a synthetic case; can be used to analyze the observed network structure; and enable effective transfer in specific settings. Further, we show that the network emergence game as a learned model supports meaningful strategic predictions, thereby signifying its applicability to a variety of network analysis tasks. {\textcopyright}2020 Neural information processing systems foundation. All rights reserved.","Game theory,Interpretability,Inverse models,Inverse reinforcement learning,Learning approach,Learning frameworks,Multi agent systems,Network structures,Real-world networks,Reinforcement learning,Reward function",0.50855446,0.29190353,0.37765658,0.41038105,0.125,0.08333333333333333,0.2222222222222222,,,,
0,2906,1476,True,1749,200,{A Tensor-Based Formalization of the Event Calculus*},"Tsilionis, E and Artikis, A and Paliouras, G",2024,,,"We present a formalization of the Event Calculus (EC) in tensor spaces. The motivation for a tensorbased predicate calculus comes from the area of composite event recognition (CER). As a CER engine, we adopt a logic programming implementation of EC with optimizations for continuous narrative assimilation on data streams. We show how to evaluate EC rules algebraically and solve a linear equation to compute the corresponding models. We demonstrate the scalability of our approach with the use of large datasets from a real-world application domain, and show it outperforms significantly symbolic EC, in terms of processing time.",,0.4793865,0.2751615,0.4440298,0.452869,0.0,0.3333333333333333,0.1111111111111111,,,,
0,2911,1478,True,1749,200,{Language Models Don't Always Say What They Think: Unfaithful Explanations in Chain-of-Thought Prompting},"Turpin, M and Michael, J and Perez, E and Bowman, S R",2023,,,"Large Language Models (LLMs) can achieve strong performance on many tasks by producing step-by-step reasoning before giving a final output, often referred to as chain-of-thought reasoning (CoT). It is tempting to interpret these CoT explanations as the LLM's process for solving a task. This level of transparency into LLMs' predictions would yield significant safety benefits. However, we find that CoT explanations can systematically misrepresent the true reason for a model's prediction. We demonstrate that CoT explanations can be heavily influenced by adding biasing features to model inputs-e.g., by reordering the multiple-choice options in a few-shot prompt to make the answer always ""(A)""-which models systematically fail to mention in their explanations. When we bias models toward incorrect answers, they frequently generate CoT explanations rationalizing those answers. This causes accuracy to drop by as much as 36% on a suite of 13 tasks from BIG-Bench Hard, when testing with GPT-3.5 from OpenAI and Claude 1.0 from Anthropic. On a social-bias task, model explanations justify giving answers in line with stereotypes without mentioning the influence of these social biases. Our findings indicate that CoT explanations can be plausible yet misleading, which risks increasing our trust in LLMs without guaranteeing their safety. Building more transparent and explainable systems will require either improving CoT faithfulness through targeted efforts or abandoning CoT in favor of alternative methods.",,0.55254316,0.31715247,0.3025614,0.36505684,0.25,0.08333333333333333,0.0,,,,
0,2953,1505,True,1749,200,{Attentive Fashion Grammar Network for Fashion Landmark Detection and Clothing Category Classification},"Wang, W G and Xu, Y L and Shen, J B and Zhu, S C and IEEE",2018,,10.1109/CVPR.2018.00449,"This paper proposes a knowledge-guided fashion network to solve the problem of visual fashion analysis, e.g., fashion landmark localization and clothing category classification. The suggested fashion model is leveraged with high-level human knowledge in this domain. We propose two important fashion grammars: (i) dependency grammar capturing kinematics-like relation, and (ii) symmetry grammar accounting for the bilateral symmetry of clothes. We introduce Bidirectional Convolutional Recurrent Neural Networks (BCRNNs) for efficiently approaching message passing over grammar topologies, and producing regularized landmark layouts. For enhancing clothing category classification, our fashion network is encoded with two novel attention mechanisms, i.e., landmark-aware attention and category-driven attention. The former enforces our network to focus on the functional parts of clothes, and learns domain-knowledge centered representations, leading to a supervised attention mechanism. The latter is goal-driven, which directly enhances task-related features and can be learned in an implicit, top-down manner. Experimental results on large-scale fashion datasets demonstrate the superior performance of our fashion grammar network.",,0.5409212,0.3104816,0.38667512,0.42523664,0.0,0.08333333333333333,0.2222222222222222,,,,
0,2998,1526,True,1749,200,{Deep Inductive Logic Reasoning for Multi-Hop Reading Comprehension},"Wang, W and Pan, S J",2022,,10.18653/v1/2022.acl-long.343,"Multi-hop reading comprehension requires an ability to reason across multiple documents. On the one hand, deep learning approaches only implicitly encode query-related information into distributed embeddings which fail to uncover the discrete relational reasoning process to infer the correct answer. On the other hand, logic-based approaches provide interpretable rules to infer the target answer, but mostly work on structured data where entities and relations are well-defined. In this paper, we propose a deep-learning based inductive logic reasoning method that firstly extracts query-related (candidate-related) information, and then conducts logic reasoning among the filtered information by inducing feasible rules that entail the target relation. The reasoning process is accomplished via attentive memories with novel differentiable logic operators. To demonstrate the effectiveness of our model, we evaluate it on two reading comprehension datasets, namely WikiHop and MedHop. {\textcopyright}2022 Association for Computational Linguistics.","Computer circuits,Deep learning,Embeddings,Inductive logic,Information filtering,Learning approach,Learning systems,Logic reasoning,Logic-based approach,Multi-hops,Multiple documents,Query processing,Reading comprehension,Reasoning process,Relational reasoning",0.6467996,0.37125444,0.28087777,0.37235823,0.125,0.25,0.1111111111111111,,,,
0,2999,1527,True,1749,200,{Adaptive Convolutional Dictionary Network for CT Metal Artifact Reduction},"Wang, H and Li, Y and Meng, D and Zheng, Y",2022,,10.24963/ijcai.2022/195,"Inspired by the great success of deep neural networks, learning-based methods have gained promising performances for metal artifact reduction (MAR) in computed tomography (CT) images. However, most of the existing approaches put less emphasis on modelling and embedding the intrinsic prior knowledge underlying this specific MAR task into their network designs. Against this issue, we propose an adaptive convolutional dictionary network (ACDNet), which leverages both model-based and learning-based methods. Specifically, we explore the prior structures of metal artifacts, e.g., non-local repetitive streaking patterns, and encode them as an explicit weighted convolutional dictionary model. Then, a simple-yet-effective algorithm is carefully designed to solve the model. By unfolding every iterative substep of the proposed algorithm into a network module, we explicitly embed the prior structure into a deep network, i.e., a clear interpretability for the MAR task. Furthermore, our ACDNet can automatically learn the prior for artifact-free CT images via training data and adaptively adjust the representation kernels for each input CT image based on its content. Hence, our method inherits the clear interpretability of model-based methods and maintains the powerful representation ability of learning-based methods. Comprehensive experiments executed on synthetic and clinical datasets show the superiority of our ACDNet in terms of effectiveness and model generalization. Code and supplementary material are available at https://github.com/hongwang01/ACDNet. {\textcopyright}2022 International Joint Conferences on Artificial Intelligence. All rights reserved.","Computed tomography images,Computerized tomography,Convolution,Deep neural networks,Embeddings,Interpretability,Iterative methods,Learning systems,Learning-based methods,Metal artifact reduction,Model-based OPC,Network design,Neural network learning,Performance,Prior-knowledge",0.5163939,0.2964033,0.35479355,0.39519364,0.125,0.08333333333333333,0.2222222222222222,,,,
0,3009,1530,True,1749,200,{A Practical Upper Bound for the Worst-Case Attribution Deviations},"Wang, F and Kong, A W -K.",2023,,10.1109/CVPR52729.2023.02358,"Model attribution is a critical component of deep neural networks (DNNs) for its interpretability to complex models. Recent studies bring up attention to the security of attribution methods as they are vulnerable to attribution attacks that generate similar images with dramatically different attributions. Existing works have been investigating empirically improving the robustness of DNNs against those attacks; however, none of them explicitly quantifies the actual deviations of attributions. In this work, for the first time, a constrained optimization problem is formulated to derive an upper bound that measures the largest dissimilarity of attributions after the samples are perturbed by any noises within a certain region while the classification results remain the same. Based on the formulation, different practical approaches are introduced to bound the attributions above using Euclidean distance and cosine similarity under both $\ell_{2}$ and $\ell_{\infty}$-norm perturbations constraints. The bounds developed by our theoretical study are validated on various datasets and two different types of attacks (PGD attack and IFIA attribution attack). Over 10 million attacks in the experiments indicate that the proposed upper bounds effectively quantify the robustness of models based on the worst-case attribution dissimilarities.","Explainable computer vision,Pattern recognition,Perturbation methods,Robustness,Taylor series,Time factors,Time measurement,Upper bound",0.5333334,0.3061264,0.31222057,0.3674988,0.25,0.08333333333333333,0.2222222222222222,,,,
0,3041,1547,True,1749,200,{Local Explanations via Necessity and Sufficiency: Unifying Theory and Practice},"Watson, D S and Gultchin, L and Taly, A and Floridi, L",2021,,,"Necessity and sufficiency are the building blocks of all successful explanations. Yet despite their importance, these notions have been conceptually underdeveloped and inconsistently applied in explainable artificial intelligence (XAI), a fast-growing research area that is so far lacking in firm theoretical foundations. Building on work in logic, probability, and causality, we establish the central role of necessity and sufficiency in XAI, unifying seemingly disparate methods in a single formal framework. We provide a sound and complete algorithm for computing explanatory factors with respect to a given context, and demonstrate its flexibility and competitive performance against state of the art alternatives on various tasks.",,0.5153351,0.29579553,0.28546107,0.34292957,0.25,0.16666666666666666,0.0,,,,
0,3046,1550,True,1749,200,{On the Safety of Interpretable Machine Learning: A Maximum Deviation Approach},"Wei, D and Nair, R and Dhurandhar, A and Varshney, K R and Daly, E M and Singh, M",2022,,,"Interpretable and explainable machine learning has seen a recent surge of interest. We focus on safety as a key motivation behind the surge and make the relationship between interpretability and safety more quantitative. Toward assessing safety, we introduce the concept of maximum deviation via an optimization problem to find the largest deviation of a supervised learning model from a reference model regarded as safe. We then show how interpretability facilitates this safety assessment. For models including decision trees, generalized linear and additive models, the maximum deviation can be computed exactly and efficiently. For tree ensembles, which are not regarded as interpretable, discrete optimization techniques can still provide informative bounds. For a broader class of piecewise Lipschitz functions, we leverage the multi-armed bandit literature to show that interpretability produces tighter (regret) bounds on the maximum deviation. We present case studies, including one on mortgage approval, to illustrate our methods and the insights about models that may be obtained from deviation maximization.",,0.5192603,0.29804856,0.34963673,0.3920426,0.25,0.08333333333333333,0.0,,,,
0,3087,1576,True,1749,200,{Trustworthy Transfer Learning: Transferability and Trustworthiness},"Wu, J and He, J",2023,,10.1145/3580305.3599576,"Deep transfer learning investigates the transfer of knowledge or information from a source domain to a relevant target domain via deep neural networks. In this tutorial, we dive into understanding deep transfer learning from the perspective of knowledge transferability and trustworthiness (e.g., privacy, robustness, fairness, transparency, etc.). To this end, we provide a comprehensive review of state-of-the-art theoretical analysis and algorithms for deep transfer learning. To be specific, we start by introducing the concepts of transferability and trustworthiness in the context of deep transfer learning. Then we summarize recent theories and algorithms for understanding knowledge transferability from two aspects: (1) IID transferability: the samples within each domain are independent and identically distributed (e.g., individual images), and (2) non-IID transferability: The samples within each domain are interdependent (e.g., connected nodes within a graph). In addition to knowledge transferability, we also review the impact of trustworthiness on deep transfer learning, e.g., whether the transferred knowledge is adversarially robust or algorithmically fair, how to transfer the knowledge under privacy-preserving constraints, etc. Finally, we highlight the open questions and future directions for understanding deep transfer learning in real-world applications. We believe this tutorial can benefit researchers and practitioners by rethinking the trade-off between knowledge transferability and trustworthiness in developing trustworthy transfer learning systems. {\textcopyright}2023 Owner/Author.","Deep neural networks,Domain adaptation,Economic and social effects,Fairness,Knowledge management,Learning algorithms,Learning systems,Privacy,Privacy-preserving techniques,Relevant target,Robustness,State of the art,Target domain,Transfer learning,Transfer of information,Transfer of knowledge,domain adaptation,fairness,privacy,robustness,transfer learning",0.5487869,0.3149964,0.37793362,0.42064694,0.125,0.16666666666666666,0.2222222222222222,,,,
0,3097,1583,True,1749,200,{INTERPRETABLE COMPLEX-VALUED NEURAL NETWORKS FOR PRIVACY PROTECTION},"Xiang, L and Zhang, H and Ma, H and Zhang, Y and Ren, J and Zhang, Q",2020,,,"Previous studies have found that an adversary attacker can often infer unintended input information from intermediate-layer features. We study the possibility of preventing such adversarial inference, yet without too much accuracy degradation. We propose a generic method to revise the neural network to boost the challenge of inferring input attributes from features, while maintaining highly accurate outputs. In particular, the method transforms real-valued features into complex-valued ones, in which the input is hidden in a randomized phase of the transformed features. The knowledge of the phase acts like a key, with which any party can easily recover the output from the processing result, but without which the party can neither recover the output nor distinguish the original input. Preliminary experiments on various datasets and network structures have shown that our method significantly diminishes the adversary's ability in inferring about the input while largely preserves the resulting accuracy. {\textcopyright}2020 8th International Conference on Learning Representations, ICLR 2020. All rights reserved.","Complex-valued,Complex-valued neural networks,Generic method,Highly accurate,Intermediate layers,Network structures,Neural-networks,Privacy protection",0.53566766,0.30746618,0.31001937,0.36643144,0.125,0.08333333333333333,0.3333333333333333,,,,
0,3116,1596,True,1749,200,{Joint Group Feature Selection and Discriminative Filter Learning for Robust Visual Object Tracking},"Xu, T and Feng, Z -H. and Wu, X -J. and Kittler, J",2019,,10.1109/ICCV.2019.00804,"We propose a new Group Feature Selection method for Discriminative Correlation Filters (GFS-DCF) based visual object tracking. The key innovation of the proposed method is to perform group feature selection across both channel and spatial dimensions, thus to pinpoint the structural relevance of multi-channel features to the filtering system. In contrast to the widely used spatial regularisation or feature selection methods, to the best of our knowledge, this is the first time that channel selection has been advocated for DCF-based tracking. We demonstrate that our GFS-DCF method is able to significantly improve the performance of a DCF tracker equipped with deep neural network features. In addition, our GFS-DCF enables joint feature selection and filter learning, achieving enhanced discrimination and interpretability of the learned filters. To further improve the performance, we adaptively integrate historical information by constraining filters to be smooth across temporal frames, using an efficient low-rank approximation. By design, specific temporal-spatial-channel configurations are dynamically learned in the tracking process, highlighting the relevant features, and alleviating the performance degrading impact of less discriminative representations and reducing information redundancy. The experimental results obtained on OTB2013, OTB2015, VOT2017, VOT2018 and TrackingNet demonstrate the merits of our GFS-DCF and its superiority over the state-of-the-art trackers. The code is publicly available at \url{https://github.com/XU-TIANYANG/GFS-DCF}.","Correlation,Feature extraction,Object tracking,Redundancy,Robustness,Task analysis,Visualization",0.48228222,0.2768236,0.37252516,0.3999644,0.125,0.08333333333333333,0.2222222222222222,,,,
0,3123,1599,True,1749,200,{Logiformer: A Two-Branch Graph Transformer Network for Interpretable Logical Reasoning},"Xu, F and Liu, J and Lin, Q and Pan, Y and Zhang, L",2022,,10.1145/3477495.3532016,"Machine reading comprehension has aroused wide concerns, since it explores the potential of model for text understanding. To further equip the machine with the reasoning capability, the challenging task of logical reasoning is proposed. Previous works on logical reasoning have proposed some strategies to extract the logical units from different aspects. However, there still remains a challenge to model the long distance dependency among the logical units. Also, it is demanding to uncover the logical structures of the text and further fuse the discrete logic to the continuous text embedding. To tackle the above issues, we propose an end-to-end model Logiformer which utilizes a two-branch graph transformer network for logical reasoning of text. Firstly, we introduce different extraction strategies to split the text into two sets of logical units, and construct the logical graph and the syntax graph respectively. The logical graph models the causal relations for the logical branch while the syntax graph captures the co-occurrence relations for the syntax branch. Secondly, to model the long distance dependency, the node sequence from each graph is fed into the fully connected graph transformer structures. The two adjacent matrices are viewed as the attention biases for the graph transformer layers, which map the discrete logical structures to the continuous text embedding space. Thirdly, a dynamic gate mechanism and a question-aware self-attention module are introduced before the answer prediction to update the features. The reasoning process provides the interpretability by employing the logical units, which are consistent with human cognition. The experimental results show the superiority of our model, which outperforms the state-of-the-art single model on two logical reasoning benchmarks. {\textcopyright}2022 ACM.","Discrete logic,Embeddings,Graph theory,Graph transformer,Logical reasoning,Logical structure,Long-distance dependencies,Machine reading comprehension,Reading comprehension,Reasoning capabilities,Syntactics,Syntax graphs,graph transformer,logical reasoning,machine reading comprehension",0.56189406,0.32251975,0.33617485,0.39260465,0.125,0.16666666666666666,0.2222222222222222,,,,
0,3126,1601,True,1749,200,{Contrasformer: A Brain Network Contrastive Transformer for Neurodegenerative Condition Identification},"Xu, J and He, K and Lan, M and Bian, Q and Li, W and Li, T and Ke, Y and Qiao, M",2024,,10.1145/3627673.3679560,"Understanding neurological disorder is a fundamental problem in neuroscience, which often requires the analysis of brain networks derived from functional magnetic resonance imaging (fMRI) data. Despite the prevalence of Graph Neural Networks (GNNs) and Graph Transformers in various domains, applying them to brain networks faces challenges. Specifically, the datasets are severely impacted by the noises caused by distribution shifts across sub-populations and the neglect of node identities, both obstruct the identification of disease-specific patterns. To tackle these challenges, we propose Contrasformer, a novel contrastive brain network Transformer. It generates a prior-knowledge-enhanced contrast graph to address the distribution shifts across sub-populations by a two-stream attention mechanism. A cross attention with identity embedding highlights the identity of nodes, and three auxiliary losses ensure group consistency. Evaluated on 4 functional brain network datasets over 4 different diseases, Contrasformer outperforms the state-of-the-art methods for brain networks by achieving up to 10.8% improvement in accuracy, which demonstrates its efficacy in neurological disorder identification. Case studies illustrate its interpretability, especially in the context of neuroscience. This paper provides a solution for analyzing brain networks, offering valuable insights into neurological disorders. Our code is available at https://github.com/AngusMonroe/Contrasformer. {\textcopyright}2024 Owner/Author.","Brain networks,Condition identification,Distribution transformers,Functional magnetic resonance imaging,Functional neuroimaging,Graph neural networks,Graph transformer,Magnetic resonance imaging,Networks and graphs,Neurodegenerative,Neurodegenerative diseases,Neurological disorders,Neurophysiology,Resonance imaging data,Sub-populations,brain network,graph neural network,graph transformer,neurological disorder",0.5192125,0.29802114,0.29383838,0.3501819,0.125,0.08333333333333333,0.2222222222222222,,,,
0,3139,1609,True,1749,200,{Control Image Captioning Spatially and Temporally},"Yan, K and Ji, L and Luo, H S and Zhou, M and Duan, N and Ma, S and Linguist, Assoc Computat",2021,,,"Generating image captions with user intention is an emerging need. The recently published Localized Narratives dataset takes mouse traces as another input to the image captioning task, which is an intuitive and efficient way for a user to control what to describe in the image. However, how to effectively employ traces to improve generation quality and controllability is still under exploration. This paper aims to solve this problem by proposing a novel model called LoopCAG, which connects Contrastive constraints and Attention Guidance in a Loop manner, engaged explicit spatial and temporal constraints to the generating process. Precisely, each generated sentence is temporally aligned to the corresponding trace sequence through a contrastive learning strategy. Besides, each generated text token is supervised to attend to the correct visual objects under heuristic spatial attention guidance. Comprehensive experimental results demonstrate that our LoopCAG model learns better correspondence among the three modalities(vision, language, and traces) and achieves SOTA performance on trace controlled image captioning task. Moreover, the controllability and explainability of LoopCAG are validated by analyzing spatial and temporal sensitivity during the generation process.",,0.527274,0.3026483,0.3207677,0.37239426,0.125,0.08333333333333333,0.0,,,,
0,3160,1625,True,1749,200,{Constrained Update Projection Approach to Safe Policy Optimization},"Yang, L and Ji, J M and Dai, J T and Zhang, L R and Zhou, B B and Li, P F and Yang, Y D and Pan, G",2022,,,"Safe reinforcement learning (RL) studies problems where an intelligent agent has to not only maximize reward but also avoid exploring unsafe areas. In this study, we propose CUP, a novel policy optimization method based on Constrained Update Projection framework that enjoys rigorous safety guarantee. Central to our CUP development is the newly proposed surrogate functions along with the performance bound. Compared to previous safe reinforcement learning methods, CUP enjoys the benefits of 1) CUP generalizes the surrogate functions to generalized advantage estimator (GAE), leading to strong empirical performance. 2) CUP unifies performance bounds, providing a better understanding and interpretability for some existing algorithms; 3) CUP provides a non-convex implementation via only first-order optimizers, which does not require any strong approximation on the convexity of the objectives. To validate our CUP method, we compared CUP against a comprehensive list of safe RL baselines on a wide range of tasks. Experiments show the effectiveness of CUP both in terms of reward and safety constraint satisfaction. We have opened the source code of CUP at https://github.com/zmsn-2077/CUP-safe-rl.",,0.4812319,0.27622077,0.4042769,0.42351568,0.125,0.08333333333333333,0.0,,,,
0,3205,1652,True,1749,200,{Linear TreeShap},"Yu, P and Xu, C and Bifet, A and Read, J",2022,,,"Decision trees are well-known due to their ease of interpretability. To improve accuracy, we need to grow deep trees or ensembles of trees. These are hard to interpret, offsetting their original benefits. Shapley values have recently become a popular way to explain the predictions of tree-based machine learning models. It provides a linear weighting to features independent of the tree structure. The rise in popularity is mainly due to TreeShap, which solves a general exponential complexity problem in polynomial time. Following extensive adoption in the industry, more efficient algorithms are required. This paper presents a more efficient and straightforward algorithm: Linear TreeShap. Like TreeShap, Linear TreeShap is exact and requires the same amount of memory.",,0.474843,0.2725536,0.28050607,0.3290903,0.125,0.08333333333333333,0.0,,,,
0,3248,1678,True,1749,200,{CommDGI: Community Detection Oriented Deep Graph Infomax},"Zhang, T and Xiong, Y and Zhang, J and Zhang, Y and Jiao, Y and Zhu, Y",2020,,10.1145/3340531.3412042,"Graph Neural Networks(GNNs), like GCN and GAT, have achieved great success in a number of supervised or semi-supervised tasks including node classification and link prediction. These existing graph neural networks can effectively encode neighborhood information of graph nodes through their message aggregating mechanisms. However, there are some unsupervised and structure-related tasks like community detection, which is a fundamental problem in network analysis that finds densely-connected groups of nodes and separates them from others in graphs. It is still difficult for these general-purposed GNNs to learn the needed structural information in these particular problems. To overcome the shortcomings of general-purposed graph representation learning methods, we propose the Community Deep Graph Infomax (CommDGI), a graph neural network designed to handle community detection problems. Inspired by the success of deep graph infomax in self-supervised graph learning, we design a novel mutual information mechanism to capture neighborhood as well as community information in graphs. A trainable clustering layer is employed to learn the community partition in an end-to-end manner. Disentangled representation learning is applied in our graph neural network so that the model can improve interpretability and generalization. Throughout the whole learning process, joint optimization is applied to learn the community-related node representations. The experimental results show that our algorithm outperforms state-of-the-art community detection methods. {\textcopyright}2020 ACM.","Community detection,Graph neural networks,Graph representation,Graph structures,Graph theory,In-network analysis,Joint optimization,Knowledge management,Learning systems,Mutual informations,Neighborhood information,Neural networks,Population dynamics,Structural information,community detection,graph clustering,graph neural networks,self-supervised learning",0.592326,0.3399873,0.27501804,0.35434502,0.125,0.08333333333333333,0.3333333333333333,,,,
0,3290,1706,True,1749,200,{PRoA: A Probabilistic Robustness Assessment Against Functional Perturbations},"Zhang, T L and Ruan, W J and Fieldsend, J E",2023,,10.1007/978-3-031-26409-2_10,"In safety-critical deep learning applications robustness measurement is a vital pre-deployment phase. However, existing robustness verification methods are not sufficiently practical for deploying machine learning systems in the real world. On the one hand, these methods attempt to claim that no perturbations can ""fool"" deep neural networks (DNNs), which may be too stringent in practice. On the other hand, existing works rigorously consider Lp bounded additive perturbations on the pixel space, although perturbations, such as colour shifting and geometric transformations, are more practically and frequently occurring in the real world. Thus, from the practical standpoint, we present a novel and general probabilistic robustness assessment method (PRoA) based on the adaptive concentration, and it can measure the robustness of deep learning models against functional perturbations. PRoA can provide statistical guarantees on the probabilistic robustness of a model, i.e., the probability of failure encountered by the trained model after deployment. Our experiments demonstrate the effectiveness and flexibility of PRoA in terms of evaluating the probabilistic robustness against a broad range of functional perturbations, and PRoA can scale well to various large-scale deep neural networks compared to existing state-of-the-art baselines. For the purpose of reproducibility, we release our tool on GitHub: https:// github.com/TrustAI/PRoA.",,0.5581534,0.32037267,0.28172147,0.35082945,0.0,0.0,0.2222222222222222,,,,
0,3293,1708,True,1749,200,{Diet-ODIN: A Novel Framework for Opioid Misuse Detection with Interpretable Dietary Patterns},"Zhang, Z and Wang, Z and Hou, S and Hall, E and Bachman, L and White, J and Galassi, V and Chawla, N V and Zha, C and Ye, Y",2024,,10.1145/3637528.3671587,"The opioid crisis has been one of the most critical society concerns in the United States. Although the medication assisted treatment (MAT) is recognized as the most effective treatment for opioid misuse and addiction, the various side effects can trigger opioid relapse. In addition to MAT, the dietary nutrition intervention has been demonstrated its importance in opioid misuse prevention and recovery. However, research on the alarming connections between dietary patterns and opioid misuse remain under-explored. In response to this gap, in this paper, we first establish a large-scale multifaceted dietary benchmark dataset related to opioid users at the first attempt and then develop a novel framework - i.e., namely Opioid Misuse Detection with INterpretable Dietary Patterns (Diet-ODIN) - to bridge heterogeneous graph (HG) and large language model (LLM) for the identification of users with opioid misuse and the interpretation of their associated dietary patterns. Specifically, in Diet-ODIN, we first construct an HG to comprehensively incorporate both dietary and health-related information, and then we devise a holistic graph learning framework with noise reduction to fully capitalize both users' individual dietary habits and shared dietary patterns for the detection of users with opioid misuse. To further delve into the intricate correlations between dietary patterns and opioid misuse, we exploit an LLM by utilizing the knowledge obtained from the graph learning model for interpretation. The extensive experimental results based on our established benchmark with quantitative and qualitative measures demonstrate the outstanding performance of Diet-ODIN on exploring the complex interplay between opioid misuse and dietary patterns, by comparison with state-of-the-art baseline methods. Our code, built benchmark and system demo are available at https://github.com/JasonZhangzy1757/Diet-ODIN. {\textcopyright}2024 Copyright held by the owner/author(s). Publication rights licensed to ACM.","Dietary patterns,Graph neural networks,Heterogeneous graph,Language model,Large language model,Large-scales,Misuse detection,Opioid misuse detection,Opioids,Side effect,dietary pattern,graph neural network,large language model,opioid misuse detection",0.4093662,0.2349708,0.4126379,0.41181993,0.125,0.08333333333333333,0.2222222222222222,,,,
0,3308,1718,True,1749,200,{Single View Refractive Index Tomography with Neural Fields},"Zhao, B and Levis, A and Connor, L and Srinivasan, P P and Bouman, K L",2024,,10.1109/CVPR52733.2024.02396,"Refractive Index Tomography is the inverse problem of reconstructing the continuously-varying 3D refractive in-dex in a scene using 2D projected image measurements. Although a purely refractive field is not directly visible, it bends light rays as they travel through space, thus providing a signal for reconstruction. The effects of such fields appear in many scientific computer vision settings, ranging from refraction due to transparent cells in microscopy to the lensing of distant galaxies caused by dark matter in astro-physics. Reconstructing these fields is particularly difficult due to the complex nonlinear effects of the refractive field on observed images. Furthermore, while standard 3D reconstruction and tomography settings typically have access to observations of the scene from many viewpoints, many refractive index tomography problem settings only have access to images observed from a single viewpoint. We in-troduce a method that leverages prior knowledge of light sources scattered throughout the refractive medium to help disambiguate the single-view refractive index tomography problem. We differentiably trace curved rays through a neural field representation of the refractive field, and optimize its parameters to best reproduce the observed image. We demonstrate the efficacy of our approach by reconstructing simulated refractive fields, analyze the effects of light source distribution on the recovered field, and test our method on a simulated dark matter mapping problem where we successfully recover the 3D refractive field caused by a realistic dark matter distribution.","Computational Imaging,Computer vision,Cosmology,Dark matter,Extraterrestrial measurements,Refractive Tomography,Refractive index,Surveys,Three-dimensional displays,Tomography",0.29182976,0.16750643,0.36722612,0.34837705,0.125,0.08333333333333333,0.2222222222222222,,,,
0,3333,1734,True,1749,200,{Non-crossing quantile regression for deep reinforcement learning},"Zhou, F and Wang, J and Feng, X",2020,,,"Distributional reinforcement learning (DRL) estimates the distribution over future returns instead of the mean to more efficiently capture the intrinsic uncertainty of MDPs. However, batch-based DRL algorithms cannot guarantee the non-decreasing property of learned quantile curves especially at the early training stage, leading to abnormal distribution estimates and reduced model interpretability. To address these issues, we introduce a general DRL framework by using non-crossing quantile regression to ensure the monotonicity constraint within each sampled batch, which can be incorporated with some well-known DRL algorithm. We demonstrate the validity of our method from both the theory and model implementation perspectives. Experiments on Atari 2600 Games show that some state-of-art DRL algorithms with the non-crossing modification can significantly outperform their baselines in terms of faster convergence speeds and better testing performance. In particular, our method can effectively recover the distribution information and thus dramatically increase the exploration efficiency when the reward space is extremely sparse. {\textcopyright}2020 Neural information processing systems foundation. All rights reserved.","Deep learning,Faster convergence,Interpretability,Monotonicity constraint,Non-crossing quantile regression,Reduced model,Reinforcement learning,Testing performance,Theory and modeling,Uncertainty analysis",0.46740925,0.26828673,0.3762046,0.39900577,0.125,0.08333333333333333,0.2222222222222222,,,,
1,31,2,True,182,27,{Relational social recommendation: Application to the academic domain},"Amal, S and Tsai, C H and Brusilovsky, P and Kuflik, T and Minkov, E",2019,EXPERT SYSTEMS WITH APPLICATIONS,10.1016/j.eswa.2019.01.061,"This paper outlines RSR, a relational social recommendation approach applied to a social graph comprised of relational entity profiles. RSR uses information extraction and learning methods to obtain relational facts about persons of interest from the Web, and generates an associative entity-relation social network from their extracted personal profiles. As a case study, we consider the task of peer recommendation at scientific conferences. Given a social graph of scholars, RSR employs graph similarity measures to rank conference participants by their relatedness to a user. Unlike other recommender systems that perform social rankings, RSR provides the user with detailed supporting explanations in the form of relational connecting paths. In a set of user studies, we collected feedbacks from participants onsite of scientific conferences, pertaining to RSR quality of recommendations and explanations. The feedbacks indicate that users appreciate and benefit from RSR explainability features. The feedbacks further indicate on recommendation serendipity using RSR, having it recommend persons of interest who are not apriori known to the user, oftentimes exposing surprising inter-personal associations. Finally, we outline and assess potential gains in recommendation relevance and serendipity using path-based relational learning within RSR. (C) 2019 Elsevier Ltd. All rights reserved.",,0.70241106,0.49426413,0.32592404,0.4200458,0.125,0.0,0.1111111111111111,,,,
1,125,3,True,182,27,{KGTN: Knowledge Graph Transformer Network for explainable multi-category item recommendation},"Chang, C and Zhou, J and Weng, Y and Zeng, X and Wu, Z and Wang, C.-D. and Tang, Y",2023,Knowledge-Based Systems,10.1016/j.knosys.2023.110854,"Most existing methods for recommendation assume that all the items are of the same category. However, single-category recommendations are no longer sufficient to fulfill the diverse needs of users in the real world. Existing methods cannot be directly applied to recommend multiple categories of items due to the different properties and complex relationships among them. However, a drawback of these approaches is their assumption of a fixed and homogeneous data format, making them incapable of addressing the challenge of recommending multiple categories of items. Recommendation of multiple categories of items to users concurrently has become a challenging task. To tackle this problem, we design a novel method Knowledge Graph Transformer Network (KGTN) for explainable multi-category item recommendation, inspired by advances in knowledge graph in the field of recommendation. Knowledge graph and neural network methods have shown advantages in addressing recommendation problems in heterogeneous graph structures. This is because different categories of items have unique attributes and dimensions, which can be effectively represented and integrated by incorporating knowledge graph and graph neural network techniques. That is, our approach can handle heterogeneous collaborative knowledge graphs composed of users and items, and can mine hidden path relationships without defining original paths. In addition, its algorithmic process has interpretability. Specifically, graph transformer layer converts the heterogeneous input graph into a useful meta-path graph for recommended task; graph convolution layer learns the node representation on the new meta-path graph. Finally, we calculate the inner product of user and item vector representations to output the probability for the recommendation. At the same time, we use the critical path in the learned useful meta-path graph as the explanation. Comprehensive experiments on three datasets demonstrate that KGTN achieves state-of-the-art performance over existing baselines. {\textcopyright}2023 Elsevier B.V.","Complex relationships,Explainable,Graph neural networks,Graph theory,Graph transformer network,Knowledge graph,Knowledge graphs,Multi-category item recommendation,Multilayer neural networks,Network knowledge,Novel methods,Path graphs,Property,Real-world",0.73692685,0.51855165,0.28639853,0.39903063,0.25,0.08333333333333333,0.3333333333333333,,,,
1,661,14,True,182,27,{Knowledge-aware reasoning with self-supervised reinforcement learning for explainable recommendation in MOOCs},"Lin, Y G and Zhang, W and Lin, F and Zeng, W H and Zhou, X Z and Wu, P C",2024,NEURAL COMPUTING & APPLICATIONS,10.1007/s00521-023-09257-7,"Explainable recommendation is important but not yet explored in Massive Open Online Courses (MOOCs). Recently, knowledge graph (KG) has achieved great success in explainable recommendations. However, the e-learning scenario has some unique constraints, such as learners' knowledge structure and course prerequisite requirements, leading the existing KG-based recommendation methods to work poorly in MOOCs. To address these issues, we propose a novel explainable recommendation model, namely Knowledge-aware Reasoning with self-supervised Reinforcement Learning (KRRL). Specifically, to enhance the semantic representation and relation in the KG, a multi-level representation learning method enriches the perceptual information of semantic interactions. Afterward, a self-supervised reinforcement learning method effectively guides the path reasoning over the KG, to match the unique constraints in the e-learning scenario. We evaluate the KRRL model on two real-world MOOCs datasets. The experimental results show that KRRL evidently outperforms state-of-the-art baselines in terms of the recommendation accuracy and explainability.",,0.70823693,0.49836352,0.26410788,0.37514013,0.125,0.25,0.0,,,,
1,907,26,True,182,27,{Scratch-RL: A preference-driven adversarial reinforcement reasoning framework over knowledge graphs for explainable recommendation of Scratch},"Qi, P and Sun, Y and Luo, H",2022,International Journal of Intelligent Systems,10.1002/int.22931,"Nowadays, Scratch, as a widely-used educational programming platform, has gathered a huge number of programming users all over the world. Facing massive programming resources, how to make satisfactory programming recommendations has attracted increasing attention, especially on explainable recommendations. Existing Scratch recommendation systems overlook to provide why a project is recommended, which prevents users from making better decisions and trusting in the system. To resolve this problem, we design the Scratch-RL, an explainable reinforcement learning framework over knowledge graphs for Scratch recommendation. First, we devise a preference-driven Actor-Critic network to simulate users' local preferences and explore the potential interested projects along the reasoning paths. In the Actor-Critic network, we elaborate a preference state function, a preference-based reward function, and a preference-conditional action pruning strategy for the agent. Then, we leverage a directive discriminator network to help evaluate the correctness of recommendations from the agent and return an extra guidance reward accordingly. A high guidance reward is given when the agent generates correct recommendations, which guarantees that the agent quickly and accurately comprehends the preferences of users. Finally, we jointly train the Actor-Critic network and the discriminator, when the whole training is done, the reasoning paths are taken as the interpretability of the recommendations. Extensive experiments on both the Scratch data set and public data set show that, Scratch-RL obtains favorable recommendation results compared with the state-of-the-art models. {\textcopyright}2022 Wiley Periodicals LLC.","A directive discriminator network,A preference-driven actor-critic network,Actor critic,Critic network,Data set,Discriminators,Educational programming,Explainable scratch recommendation,Knowledge graph,Knowledge graphs,Reasoning framework,Reinforcement learning,State functions,a directive discriminator network,a preference-driven Actor-Critic network,explainable Scratch recommendation",0.68676525,0.48325458,0.25896,0.3659113,0.25,0.16666666666666666,0.1111111111111111,,,,
1,1289,37,True,182,27,{Accurate and Explainable Recommendation via Hierarchical Attention Network Oriented Towards Crowd Intelligence},"Yang, C and Zhou, W X and Wang, Z Y and Jiang, B and Li, D S and Shen, H W",2021,KNOWLEDGE-BASED SYSTEMS,10.1016/j.knosys.2020.106687,"Review-based recommendation algorithms can alleviate the data sparsity issue in collaborative filtering by combining user ratings and reviews in model learning. However, most existing methods simplify the feature extraction process from reviews by assuming that different granularities of information (e.g., word, review, and feature) are equally important, which cannot optimally leverage the most important information and thus achieves suboptimal recommendation accuracy. Besides, many existing works directly regard text features as users or items representations, which may not be enough to make precise representations due to the large amount of redundant information in reviews. To tackle the two problems mentioned above, we propose a deep learning-based method named Hierarchical Attention Network Oriented Towards Crowd Intelligence (HANCI). First, HANCI replaces the commonly-used topic models or CNN text processor with an RNN text processor in review feature extraction, which can fully exploit the advantages of the sequential dependencies of reviews by using the whole hidden layers of the bidirectional LSTM as outputs. Second, HANCI weighs the importance of features guided by crowd intelligence to more accurately represent each user on each item, and vice versa. Third, HANCI utilizes a hierarchical attention network based on multi-level review text analysis to extract more precise user preferences and item latent features, so that HANCI can explore the importance of words, the usefulness of reviews and the importance of features to achieve more accurate recommendation. Extensive experiments on three public datasets show that HANCI outperforms the state-of-the-art review-based recommendation algorithms in accuracy and meanwhile provides insightful explanations. (C) 2020 Elsevier B.V. All rights reserved.",,0.68847585,0.48445824,0.2882682,0.38832012,0.125,0.0,0.2222222222222222,,,,
1,1911,70,True,182,27,{Behavior Based Dynamic Summarization on Product Aspects via Reinforcement Neighbour Selection},"Gao, Z and Zhao, L J and Huang, H and Li, H S and Sun, C L and Si, L and Liu, X Z",2020,,10.3233/FAIA200323,"Dynamic summarization on product aspects, as a newly proposed topic, is an important task in E-commerce for tracking and understanding the nature of products. This can benefit both customers and sellers in different downstream tasks, such as explainable recommendations. However, most existing research works focus on analyzing product static reviews but miss dynamic sentiment changes. In this paper, we propose an innovative multi-task model to sample neighbour products whose information is simultaneously utilized to generate product summarization. In detail, a reinforcement learning approach selects neighbour products from a group of seed products by considering their pairwise similarities calculated from user behaviors. Meanwhile, a generative model helps to summarize product aspects via product descriptive phrases and selected neighbour products' sentimental phrases. To the best of our knowledge, this is the first work that studies dynamic product summarization leveraging user behaviors instead of self-reviews. It means that the proposed approach can naturally address the cold-start scenario where few recent product reviews are available. Extensive experiments are conducted with real-world reviews plus behavior data to validate the proposed method against several strong alternatives.",,0.62992615,0.44325876,0.32767558,0.40323824,0.125,0.08333333333333333,0.0,,,,
1,1943,73,True,182,27,{Prospective Modeling of Users for Online Display Advertising via Deep Time-Aware Model},"Gligorijevic, D and Gligorijevic, J and Flores, A and MACHINERY, ASSOC COMP",2020,,,"Prospective display advertising poses a particular challenge for large advertising platforms. The existing machine learning algorithms are easily biased towards the highly predictable retargeting events that are often non-eligible for the prospective campaigns, thus exhibiting a decline in advertising performance. To that end, efforts are made to design powerful models that can learn from signals of various strength and temporal impact collected about each user from different data sources and provide a good quality and early estimation of users' conversion rates. In this study, we propose a novel deep time-aware approach designed to model sequences of users' activities and capture implicit temporal signals of users' conversion intents. On several real-world datasets, we show that the proposed approach consistently outperforms other, previously proposed approaches by a significant margin while providing interpretability of signal impact to conversion probability.",,0.49975833,0.35166392,0.34348708,0.38255492,0.125,0.0,0.0,,,,
1,2101,82,True,182,27,{Personal Knowledge Graphs: Use Cases in e-learning Platforms},"Ilkou, E and ACM",2022,,10.1145/3487553.3524196,"Personal Knowledge Graphs (PKGs) are introduced by the semantic web community as small-sized user-centric knowledge graphs (KGs). PKGs fill the gap of personalised representation of user data and interests on the top of big, well-established encyclopedic KGs, such as DBpedia [21]. Inspired by the widely recent usage of PKGs in the medical domain to represent patient data, this PhD proposal aims to adopt a similar technique in the educational domain in e-learning platforms by deploying PKGs to represent users and learners. We propose a novel PKG development that relies on ontology and interlinks to Linked Open Data. Hence, adding the dimension of personalisation and explainability in users' featured data while respecting privacy. This research design is developed in two use cases: a collaborative search learning platform and an e-learning platform. Our preliminary results show that e-learning platforms can get benefited from our approach by providing personalised recommendations and more user and group-specific data.",,0.55129,0.38792503,0.44597894,0.47230673,0.125,0.16666666666666666,0.0,,,,
1,2134,83,True,182,27,{Semi Nonnegative Matrix Factorization Recommendation Algorithm Based On Bayesian Probability Model},"Jiang, Y and Xiong, J and Lang, X",2020,,10.1109/MLBDBI51377.2020.00046,"Despite model-based Collaborative Filtering (CF) methods are popular in recommendation systems, the latent factorization is extensively concerned. However, due to lack of nonnegative constraints and intrinsic probability semantics, traditional latent factorization methods have problems of low internal semantic interpretability and prediction accuracy with unsatisfactory running time per iteration times. In this paper, we propose a semi nonnegative matrix factorization algorithm based on Bayesian probability model. Using semi supervised learning method, the original rating matrix is initialized into positive and negative mixed which guarantees intrinsic interpretable semantics. Then, in order to add probability interpretation and improve the accuracy of prediction, we utilize the Gauss-Wishart distribution as a prior distribution and use Markov Chain Monte Carlo (MCMC) to achieve Bayesian random approximation inference. The whole experiment mainly considers the number of latent factors D and differences between best results and final results under a certain number of iterations. Facing the sparsity and imbalance in large data sets, the proposed algorithm guarantees the internal interpretability and has high prediction accuracy in the real world data set under the different number of latent factors and iterations with a small convergence time.","Bayes methods,Bayesian Probability,Collaborative Filtering,Machine learning algorithms,Markov processes,Matrix Factorization,Monte Carlo methods,Prediction algorithms,Recommendation System,Semantics,Semi Supervised Learning,Supervised learning",0.6463806,0.45483726,0.2883594,0.37786472,0.125,0.08333333333333333,0.0,,,,
1,2200,88,True,182,27,{Is It Enough Just Looking at the Title?: Leveraging Body Text To Enrich TitleWords Towards Accurate News Recommendation},"Kim, T and Kim, Y and Lee, Y.-C. C and Shin, W.-Y. Y and Kim, S.-W. W and ACM",2022,,10.1145/3511808.3557619,"In a news recommender system, a user tends to click on a news article if she is interested in its topic understood by looking at its title. Such a behavior is possible since, when viewing the title, humans naturally think of the contextual meaning of each titleword by leveraging their own background knowledge. Motivated by this, we propose a novel personalized news recommendation framework CAST (Context-aware Attention network with a Selection module for Title word representation), which is capable of enriching title words by leveraging body text that fully provides the whole content of a given article as the context. Through extensive experiments, we demonstrate (1) the effectiveness of core modules in CAST, (2) the superiority of CAST over 9 state-of-the-art news recommendation methods, and (3) the interpretability with CAST.","Background knowledge,Context-Aware,Context-aware attention network,Knowledge management,News articles,News recommendation,News recommender systems,Personalized news,Recommendation methods,State of the art,Word representations,context-aware attention network,news recommendation",0.6706135,0.4718892,0.32294816,0.4098645,0.125,0.08333333333333333,0.1111111111111111,,,,
1,2211,89,True,182,27,{Describing and Predicting Online Items with Reshare Cascades via Dual Mixture Self-exciting Processes},"Kong, Q Y and Rizoiu, M A and Xie, L X and MACHINERY, ASSOC COMP",2020,,10.1145/3340531.3411861,"It is well-known that online behavior is long-tailed, with most cascaded actions being short and a few being very long. A prominent drawback in generative models for online events is the inability to describe unpopular items well. This work addresses these shortcomings by proposing dual mixture self-exciting processes to jointly learn from groups of cascades. We first start from the observation that maximum likelihood estimates for content virality and influence decay are separable in a Hawkes process. Next, our proposed model, which leverages a Borel mixture model and a kernel mixture model, jointly models the unfolding of a heterogeneous set of cascades. When applied to cascades of the same online items, the model directly characterizes their spread dynamics and supplies interpretable quantities, such as content virality and content influence decay, as well as methods for predicting the final content popularities. On two retweet cascade datasets - one relating to YouTube videos and the second relating to controversial news articles - we show that our models capture the differences between online items at the granularity of items, publishers and categories. In particular, we are able to distinguish between far-right, conspiracy, controversial and reputable online news articles based on how they diffuse through social media, achieving an F1 score of 0.945. On holdout datasets, we show that the dual mixture model provides, for reshare diffusion cascades especially unpopular ones, better generalization performance and, for online items, accurate item popularity predictions.",,0.54634905,0.3844483,0.28296405,0.34881032,0.125,0.0,0.0,,,,
1,2283,92,True,182,27,{Generate Neural Template Explanations for Recommendation},"Li, L and Zhang, Y and Chen, L",2020,,10.1145/3340531.3411992,"Personalized recommender systems are important to assist user decision-making in the era of information overload. Meanwhile, explanations of the recommendations further help users to better understand the recommended items so as to make informed choices, which gives rise to the importance of explainable recommendation research. Textual sentence-based explanation has been an important form of explanations for recommender systems due to its advantage in communicating rich information to users. However, current approaches to generating sentence explanations are either limited to predefined sentence templates, which restricts the sentence expressiveness, or opt for free-style sentence generation, which makes it difficult for sentence quality control. In an attempt to benefit both sentence expressiveness and quality, we propose a Neural Template (NETE) explanation generation framework, which brings the best of both worlds by learning sentence templates from data and generating template-controlled sentences that comment about specific features. Experimental results on real-world datasets show that NETE consistently outperforms state-of-the-art explanation generation approaches in terms of sentence quality and expressiveness. Further analysis on case study also shows the advantages of NETE on generating diverse and controllable explanations. {\textcopyright}2020 ACM.","Decision making,Free style,Information overloads,Knowledge management,Neural templates,Personalized recommender systems,Quality control,Real-world datasets,Recommender systems,Sentence-based,State of the art,explainable recommendation,natural language generation,neural template explanation,recommender systems",0.6575379,0.4626882,0.30283278,0.39150906,0.125,0.08333333333333333,0.1111111111111111,,,,
1,2300,97,True,182,27,{Automatically Discovering User Consumption Intents in Meituan},"Li, Y and Gao, C and Du, X and Wei, H and Luo, H and Jin, D and Li, Y",2022,,10.1145/3534678.3539122,"Consumption intent, defined as the decision-driven force of consumption behaviors, is crucial for improving the explainability and performance of user-modeling systems, with various downstream applications like recommendation and targeted marketing. However, consumption intent is implicit, and only a few known intents have been explored from the user consumption data in Meituan. Hence, discovering new consumption intents is a crucial but challenging task, which suffers from two critical challenges: 1) how to encode the consumption intent related to multiple aspects of preferences, and 2) how to discover the new intents with only a few known ones. In Meituan, we designed the AutoIntent system, consisting of the disentangled intent encoder and intent discovery decoder, to address the above challenges. Specifically, for the disentangled intent encoder, we construct three groups of dual hypergraphs to capture the high-order relations under the three aspects of preferences and then utilize the designed hypergraph neural networks to extract disentangled intent features. For the intent discovery decoder, we propose to build intent-pair pseudo labels based on the denoised feature similarities to transfer knowledge from known intents to new ones. Extensive offline evaluations verify that AutoIntent can effectively discover unknown consumption intents. Moreover, we deploy AutoIntent in the recommendation engine of the Meituan APP, and the further online evaluation verifies its effectiveness. {\textcopyright}2022 ACM.","Consumption intent discovery,Decoding,Disentangled representation learning,Downstream applications,Driven force,Graph neural networks,Graph structures,Hyper graph,Modelling systems,Performance,Self-supervised learning,Signal encoding,User Modelling,consumption intents discovery,disentangled representation learning,graph neural networks,self-supervised learning",0.6834987,0.48095608,0.3116191,0.404589,0.125,0.08333333333333333,0.2222222222222222,,,,
1,2515,111,True,182,27,{Mining Reaction and Diffusion Dynamics in Social Activities},"Murayama, T and Matsubara, Y and Sakurai, Y and ACM",2022,,10.1145/3511808.3557396,"Large quantifies of online user activity data, such as weekly web search volumes, which co-evolve with the mutual influence of several queries and locations, serve as an important social sensor. It is an important task to accurately forecast the future activity by discovering latent interactions from such data, i.e., the ecosystems between each query and the flow of influences between each area. However, this is a difficult problem in terms of data quantity and complex patterns covering the dynamics. To tackle the problem, we propose FluxCube, which is an effective mining method that forecasts large collections of co-evolving online user activity and provides good interpretability. Our model is the expansion of a combination of two mathematical models: a reaction-diffusion system provides a framework for modeling the flow of influences between local area groups and an ecological system models the latent interactions between each query. Also, by leveraging the concept of physics-informed neural networks, FluxCube achieves high interpretability obtained from the parameters and high forecasting performance, together. Extensive experiments on real datasets showed that FluxCube outperforms comparable models in terms of the forecasting accuracy, and each component in FluxCube contributes to the enhanced performance. We then show some case studies that FluxCube can extract useful latent interactions between queries and area groups.",,0.52288604,0.3679381,0.37670058,0.41324693,0.125,0.0,0.2222222222222222,,,,
1,2827,129,True,182,27,{On Recommending Evolution Measures: A Human-Aware Approach},"Stefanidis, K and Kondylakis, H and Troullinou, G",2017,,10.1109/ICDE.2017.231,"As knowledge bases are constantly evolving, there is a clear need for monitoring and analyzing the changes that occur on them. Traditional approaches for studying the evolution of data focus on providing humans with deltas that include loads of information. In this work, we envision a processing model that recommends evolution measures taking into account particular challenges, such as relatedness, transparency, diversity, fairness and anonymity. We target at supporting humans with complementary measures that offer high-level overviews of the changes to help them understand how data of interest evolves.","Data models,Knowledge based systems,Semantics,Sensors,Social network services,Synchronization",0.55002725,0.38703647,0.426852,0.4576458,0.125,0.08333333333333333,0.1111111111111111,,,,
1,2858,131,True,182,27,{Educational Explainable Recommender Usage and its Effectiveness in High School Summer Vacation Assignment},"Takami, K and Dai, Y L and Flanagan, B and Ogata, H and Machinery, Assoc Comp",2022,,10.1145/3506860.3506882,"Explainable recommendations, which provide explanations about why an item is recommended, help to improve the transparency, persuasiveness, and trustworthiness. However, few research in educational technology utilize explainable recommendations. We developed an explanation generator using the parameters from Bayesian knowledge tracing models. We used this educational explainable recommendation system to investigate the effects of explanation on the summer vacation assignment for high school students. Comparing the click counts of recommended quizzes with and without explanations, we found that the number of clicks was significantly higher for quizzes with explanations. Furthermore, system usage pattern mining revealed that students can be divided to three clusters- none, steady and late users. In the cluster of steady users, recommended quizzes with explanations were continuously used. These results suggest the effectiveness of an explainable recommendation system in the field of education.",,0.5890194,0.41447398,0.37194717,0.42621523,0.25,0.08333333333333333,0.0,,,,
1,2888,135,True,182,27,{Learning Interpretable Feature Context Effects in Discrete Choice},"Tomlinson, K and Benson, A R and MACHINERY, ASSOC COMP",2021,,10.1145/3447548.3467250,"Individuals are constantly making choices-purchasing products, consuming Web content, making social connections-so understanding what contributes to these decisions is crucial in many settings. A major interest is understanding context effects, which occur when the set of available options itself affects an individual's relative preferences. These violate traditional rationality assumptions but are commonly observed in human behavior. At the same time, identifying context effects from choice data remains a challenge; existing models posit a specific context effect a priori and then measure its effect from (often effect-targeting) data. Here, we develop discrete choice models that capture a broad range of context effects, which are learned from choice data rather than baked into the model. Our models yield intuitive, interpretable, and statistically testable context effects, all while being simple to train. We evaluate our model on several empirical choice datasets, discovering, e.g., that people are more willing to book higher-priced hotels when presented with options that are on sale. We also provide the first analysis of context effects in online social network growth, finding that users forming connections place relatively more emphasis on shared neighbors when popular users are an option.",,0.57273144,0.4030127,0.44118404,0.4740709,0.125,0.0,0.1111111111111111,,,,
1,2965,141,True,182,27,{Towards accurate and interpretable sequential prediction: A CNN & Attention-based feature extractor},"Wang, J and Liu, Z and Liu, Q and Wu, S",2019,,10.1145/3357384.3357887,"With the influence of information explosion, there are more and more choices exposed to public view. Next item recommendation is being a significant and challenging task. Recently, attention mechanism, Convolutional Neural Networks (CNN) and other kinds of deep components are used to model user behaviors. However, the proposed models often fail to extract the feature of user behaviors in different time periods and the CNN-based models before are hard to make the used CNN interpretable. In this paper, we propose a CNN & Attention-based Sequential Feature Extractor (CASFE) module to capture the possible features of user behaviors at different time intervals. Specifically, we import CNN to extract multi-level features of user behaviors with different time periods. After each CNN layer, we use attention module to emphasize the different effect of behaviors on the prediction result. Besides, the features we try to extract here have the similar concept and meaning with the hand-crafted features in Feature Engineering, which proves the validity of CASFE. Accordingly, CASFE becomes a general sequential feature extractor that can be used in various sequential prediction tasks. With Multi-Layer Perceptron (MLP), CASFE would be a state-of-the-art next item recommendation model. The model obtains good performance on Last.fm 1K dataset and MovieLens 1M dataset. Besides, as a compatible extractor module, it can also promote CTR prediction models as well as other sequential prediction tasks. {\textcopyright}2019 Association for Computing Machinery.","Attention mechanisms,Behavioral research,CTR prediction,Convolutional neural network,Different effects,Feature engineerings,Feature extractor,Forecasting,Information explosion,Knowledge management,Multi layer perceptron,Neural networks,Recommender systems,Sequential feature extractor,Sequential prediction",0.6402714,0.4505384,0.33348632,0.4101826,0.125,0.08333333333333333,0.3333333333333333,,,,
1,2972,145,True,182,27,{Directional Multivariate Ranking},"Wang, N and Wang, H N and MACHINERY, ASSOC COMP",2020,,10.1145/3394486.3403051,"User-provided multi-aspect evaluations manifest users' detailed feedback on the recommended items and enable fine-grained understanding of their preferences. Extensive studies have shown that modeling such data greatly improves the effectiveness and explainability of the recommendations. However, as ranking is essential in recommendation, there is no principled solution yet for collectively generating multiple item rankings over different aspects. In this work, we propose a directional multi-aspect ranking criterion to enable a holistic ranking of items with respect to multiple aspects. Specifically, we view multi-aspect evaluation as an integral effort from a user that forms a vector of his/her preferences over aspects. Our key insight is that the direction of the difference vector between two multi-aspect preference vectors reveals the pairwise order of comparison. Hence, it is necessary for a multi-aspect ranking criterion to preserve the observed directions from such pairwise comparisons. We further derive a complete solution for the multi-aspect ranking problem based on a probabilistic multivariate tensor factorization model. Comprehensive experimental analysis on a large TripAdvisor multi-aspect rating dataset and a Yelp review text dataset confirms the effectiveness of our solution.",,0.66818357,0.4701792,0.32859313,0.41349074,0.125,0.0,0.1111111111111111,,,,
1,3002,151,True,182,27,{Spatial-Temporal Interval Aware Sequential POI Recommendation},"Wang, E and Jiang, Y and Xu, Y and Wang, L and Yang, Y",2022,,10.1109/ICDE53745.2022.00202,"The past flourishing years of sequential point-of-interest (POI) recommendation began with the introduction of Self-Attention Network (SAN), which quickly superseded CNN or RNN as the state-of-the-art backbone. To realize the fine-grained users' behavior patterns modeling, recent works utilize modified attention mechanisms or neural network layers to process spatial-temporal factors. However, due to the significant increase on either model's parameter scale or computational burden, we argue that these methods can be further improved. In this paper, we exploit two lightweight approaches, Time Aware Position Encoder (TAPE) and Interval Aware Attention Block (IAAB), to impel SAN by considering the spatial-temporal intervals among POIs separately, where requiring neither extra parameters nor high computational cost. On the one hand, TAPE, adjusting the positions in sequences based on the timestamps dynamically and generating positional representations with sinusoidal transformation, can enhance sequence representations to reflect both the absolute order and relative temporal proximity among all POIs. On the other hand, IAAB, point-wise adding the scaled spatial-temporal intervals to the attention map, can promote the attention mechanism attaching importance to the spatial relation among all POIs under the constraints of time conditions and providing more explainable recommendation. We integrate these two modules into SAN and propose a Spatial-Temporal Interval-Aware sequential POI recommender, namely STiSAN, as an end-to-end deployment. Experimental results based on three public LBSN datasets and one real-world city transportation dataset demonstrate STiSAN's superior performance (average 13.01% improvement against the strongest baseline). Moreover, we validate the extensibility and interpretability of TAPE and IAAB through metric evaluation and visualization separately.","Computational modeling,Conferences,Data visualization,Measurement,Neural networks,Transportation,Urban areas,attention mechanism,positional encoding,sequential POI recommendation",0.5398608,0.37988272,0.30180097,0.3613159,0.25,0.08333333333333333,0.3333333333333333,,,,
1,3004,152,True,182,27,{Seq2Pat: Sequence-to-Pattern Generation for Constraint-Based Sequential Pattern Mining},"Wang, X and Hosseininasab, A and Colunga, P and Kadioglu, S and van Hoeve, W J and Intelligence, Assoc Advancement Artificial",2022,,,"Pattern mining is an essential part of knowledge discovery and data analytics. It is a powerful paradigm, especially when combined with constraint reasoning. In this paper, we present Seq2Pat, a constraint-based sequential pattern mining tool with a high-level declarative user interface. The library finds patterns that occur frequently in large sequence databases subject to constraints. We highlight key benefits that are desirable, especially in industrial settings where scalability, explainability, rapid experimentation, reusability, and reproducibility are of great interest. We then showcase an automated feature extraction process powered by Seq2Pat to discover high-level insights and boost downstream machine learning models for customer intent prediction.",,0.5561408,0.39133838,0.39577234,0.43586445,0.125,0.25,0.0,,,,
1,3127,164,True,182,27,{Tutorial on Landing Generative AI in Industrial Social and E-commerce Recsys},"Xu, D and Zhang, D and Zheng, L and Yang, B and Yang, G and Xu, S and Liang, C",2024,,10.1145/3627673.3679099,"Over the past two years, GAI has evolved rapidly, influencing various fields including social and e-commerce Recsys. Despite exciting advances, landing these innovations in real-world Recsys remains challenging due to the sophistication of modern industrial product and systems. Our tutorial begins with a brief overview of building industrial Recsys and GAI fundamentals, followed by the ongoing efforts and opportunities to enhance personalized recommendations with foundation models. We then explore the integration of curation capabilities into Recsys, such as repurposing raw content, incorporating external knowledge, and generating personalized insights/explanations to foster transparency and trust. Next, the tutorial illustrates how AI agents can transform Recsys through interactive reasoning and action loops, shifting away from traditional passive feedback models. Finally, we shed insights on real-world solutions for human-AI alignment and responsible GAI practices. A critical component of the tutorial is detailing the AI, Infrastructure, LLMOps, and Product roadmap (including the evaluation and responsible AI practices) derived from the production solutions in LinkedIn, Amazon, TikTok, and Microsoft. While GAI in Recsys is still in its early stages, this tutorial provides valuable insights and practical solutions for the Recsys and GAI communities. {\textcopyright}2024 ACM.","E- commerces,Foundation models,Generative AI,Generative adversarial networks,Industrial product,Industrial systems,Language model,Large language model,Personalized recommendation,Real-world,Recommender systems,Social commerces,generative AI,industrial system,information retrieval,large language model,recommender system",0.5144677,0.36201438,0.42963266,0.45084143,0.125,0.16666666666666666,0.1111111111111111,,,,
1,3171,169,True,182,27,{Who Would be Interested in Services? An Entity Graph Learning System for User Targeting},"Yang, D and Hu, B and Yang, X and Shen, Y and Zhang, Z and Gu, J and Zhang, G",2023,,10.1109/ICDE55515.2023.00249,"With the growing popularity of various mobile devices, user targeting has received a growing amount of attention, which aims at effectively and efficiently locating target users that are interested in specific services. Most pioneering works for user targeting tasks commonly perform similarity-based expansion with a few active users as seeds, suffering from the following major issues: the unavailability of seed users for new-coming services and the unfriendliness of black-box procedures towards marketers. In this paper, we design an Entity Graph Learning (EGL) system to provide explainable user targeting ability meanwhile applicable to addressing the cold-start issue. EGL System follows the hybrid online-offline architecture to satisfy the requirements of scalability and timeliness. Specifically, in the offline stage, the system focuses on the heavyweight entity graph construction and user entity preference learning, in which we propose a Three-stage Relation Mining Procedure (TRMP), breaking loose from the expensive seed users. At the online stage, the system offers the ability of user targeting in real-time based on the entity graph from the offline stage. Since the user targeting process is based on graph reasoning, the whole process is transparent and operation-friendly to marketers. Finally, extensive offline experiments and online A/B testing demonstrate the superior performance of the proposed EGL System.","Data engineering,Data models,Learning systems,Mobile handsets,Performance evaluation,Real-time systems,Scalability,contrastive learning,entity graph construction,graph neural networks,user targeting",0.6536239,0.45993412,0.36886775,0.4400568,0.25,0.08333333333333333,0.2222222222222222,,,,
1,3312,175,True,182,27,{OpenTag: Open aribute value extraction from product profiles},"Zheng, G and Mukherjee, S and Dong, X L and Li, F",2018,,10.1145/3219819.3219839,"Extraction of missing attribute values is to nd values describing an attribute of interest from a free text input. Most past related work on extraction of missing attribute values work with a closed world assumption with the possible set of values known beforehand, or use dictionaries of values and hand-crafted features. How can we discover new attribute values that we have never seen before? Can we do this with limited human annotation or supervision? We study this problem in the context of product catalogs that often have missing values for many attributes of interest. In this work, we leverage product prole information such as titles and descriptions to discover missing values of product attributes. We develop a novel deep tagging model OpenTag for this extraction problem with the following contributions: (1) we formalize the problem as a sequence tagging task, and propose a joint model exploiting recurrent neural networks (specically, bidirectional LSTM) to capture context and semantics, and Conditional Random Fields (CRF) to enforce tagging consistency; (2) we develop a novel attention mechanism to provide interpretable explanation for our model's decisions; (3) we propose a novel sampling strategy exploring active learning to reduce the burden of human annotation. OpenTag does not use any dictionary or hand-crafted features as in prior works. Extensive experiments in real-life datasets in dierent domains show that OpenTag with our active learning strategy discovers new attribute values from as few as 150 annotated samples (reduction in 3.3x amount of annotation eort) with a high F-score of 83%, outperforming state-of-the-art models. {\textcopyright}2018 Association for Computing Machinery.","Active learning strategies,Attention mechanisms,Closed world assumption,Conditional random field,Data mining,Extraction,Human annotations,Long short-term memory,Product attributes,Random processes,Real life datasets,Sampling strategies,Semantics",0.5997677,0.42203727,0.3934481,0.445028,0.125,0.08333333333333333,0.2222222222222222,,,,
1,3318,176,True,182,27,{Multi-view Denoising Graph Auto-Encoders on Heterogeneous Information Networks for Cold-start Recommendation},"Zheng, J W and Ma, Q L and Gu, H and Zheng, Z J and MACHINERY, ASSOC COMP",2021,,10.1145/3447548.3467427,"Cold-start recommendation is a challenging problem due to the lack of user-item interactions. Recently, heterogeneous information network (HIN)-based recommendation methods use rich auxiliary information to enhance users and items' connections, helping alleviate the cold-start problem. Despite progress, most existing methods model HINs under traditional supervised learning settings, ignoring the gaps between training and inference procedures in cold-start scenarios. In this paper, we regard cold-start recommendation as a missing data problem where some user-item interaction data are missing. Inspired by denoising auto-encoders that train a model to reconstruct the input from its corrupted version, we propose a novel model called Multi-view Denoising Graph Auto Encoders (MvDGAE) on HINS. Specifically, we first extract multifaceted meaningful semantics on HINs as multi-views for both users and items, effectively enhancing user/item relationships on different aspects. Then we conduct the training procedure by randomly dropping out some user-item interactions in the encoder while forcing the decoder to use these limited views to recover the full views, including the missing ones. In this way, the complementary representations for both users and items are more informative and robust to adjust to cold-start scenarios. Moreover, the decoder's reconstruction goals are multi-view user-user and item-item relationship graphs rather than the original input graphs, which make the features of similar users (or items) in the meta-paths closer together. Finally, we adopt a Bayesian task weight learner to balance multi-view graph reconstruction objectives automatically. Extensive experiments on both public benchmark datasets and a large-scale industry dataset WeChat Channel demonstrate that MvDGAE significantly outperforms the state-of-the-art recommendation models in various cold-start scenarios. The case studies also illustrate that MvDGAE has potentially good interpretability.",,0.7218752,0.5079604,0.31980062,0.42031926,0.125,0.0,0.1111111111111111,,,,
1,3336,177,True,182,27,{Decoupled Hyperbolic Graph Attention Network for Modeling Substitutable and Complementary Item Relationships},"Zhou, Z and Wang, T and Hou, L and Zhou, X and Ma, M and Ding, Z",2022,,10.1145/3511808.3557281,"Modeling substitutable and complementary item relationships is a fundamental and important topic for recommendation in e-commerce online scenarios. In the real world, item relationships are usually coupled, heterogeneous and they also have abundant side information and hierarchical data structures. Recently, to take full advantage of both sides information and topological structure, graph neural networks are widely explored in relationship modeling. However, the existing methods are crude in decoupling heterogeneous relationships. Their model designs lack deep insight of relationships' coupling mode, i.e. neglects the prior knowledge of how relationships affect each other. In addition, many existing graph methods, regardless of how they handle coupled relationships, are deployed in Euclidean spaces, which distorts hierarchical data structure and limits the expressive power due to the non power law characteristic of Euclidean topology. In this paper, we propose a novel Decoupled Hyperbolic Graph Attention Network (DHGAN). The innovations of our DHGAN can be highlighted as two aspects. Firstly, we design metapaths in an adequate way following an algebraic perspective of relationships coupling mode, which helps achieving better model interpretability. Secondly, DHGAN maps heterogeneous relationships into separate hyperbolic spaces, which can better capture the hierarchical information of graph nodes and helps improving model's representational capacity. We conduct extensive experiments on three public real-world datasets, demonstrating DHGAN is superior to the state-of-the-art graph baselines. We release the codes at https://github.com/wt-tju/DHGAN. {\textcopyright}2022 ACM.","Algebra,Algebraic perspective,Coupling mode,Data structures,E- commerces,Graph neural networks,Hierarchical data structure,Hyperbolic graphs,Hyperbolic spaces,Real-world,Side information,Substitutable and complementary item relationship,Topology,algebraic perspective,graph neural networks,hyperbolic space,substitutable and complementary item relationships",0.6783441,0.47732887,0.32976997,0.4169135,0.125,0.08333333333333333,0.2222222222222222,,,,
1,3358,180,True,182,27,{Knowledge-refined Denoising Network for Robust Recommendation},"Zhu, X and Du, Y and Mao, Y and Chen, L and Hu, Y and Gao, Y",2023,,10.1145/3539618.3591707,"Knowledge graph (KG), which contains rich side information, becomes an essential part to boost the recommendation performance and improve its explainability. However, existing knowledge-aware recommendation methods directly perform information propagation on KG and user-item bipartite graph, ignoring the impacts of task-irrelevant knowledge propagation and vulnerability to interaction noise, which limits their performance. To solve these issues, we propose a robust knowledge-aware recommendation framework, called Knowledge-refined Denoising Network (KRDN), to prune the task-irrelevant knowledge associations and noisy implicit feedback simultaneously. KRDN consists of an adaptive knowledge refining strategy and a contrastive denoising mechanism, which are able to automatically distill high-quality KG triplets for aggregation and prune noisy implicit feedback respectively. Besides, we also design the self-adapted loss function and the gradient estimator for model optimization. The experimental results on three benchmark datasets demonstrate the effectiveness and robustness of KRDN over the state-of-the-art knowledge-aware methods like KGIN, MCCLK, and KGCL, and also outperform robust recommendation models like SGL and SimGCL. The implementations are available at https://github.com/xj-zhu98/KRDN. {\textcopyright}2023 Copyright held by the owner/author(s). Publication rights licensed to ACM.","Backpropagation,De-noising,Feedback,Graph Neural Network,Graph neural networks,Implicit feedback,Information dissemination,Information propagation,Irrelevant knowledge,Knowledge Graph,Knowledge graph,Knowledge graphs,Knowledge management,Recommendation,Recommendation methods,Recommendation performance,Recommender systems,Side information",0.72485036,0.5100539,0.28143704,0.39229035,0.125,0.08333333333333333,0.2222222222222222,,,,
2,32,5,True,175,26,{A novel hybrid method based on fuzzy cognitive maps and fuzzy clustering algorithms for grading celiac disease},"Amirkhani, A and Mosavi, M R and Mohammadi, K and Papageorgiou, E I",2018,NEURAL COMPUTING & APPLICATIONS,10.1007/s00521-016-2765-y,"This paper presents a new method based on fuzzy cognitive map (FCM) and possibilistic fuzzy c-means (PFCM) clustering algorithm for categorizing celiac disease (CD). CD is a complex disorder whose development is affected by genetics (HLA alleles) and gluten ingestion. The celiac patients who are not treated are at a high risk of cancer, malignant lymphoma, and small bowel neoplasia. Therefore, CD diagnosis and grading are of paramount importance. The proposed FCM models human thinking for the purpose of classifying patients suffering from CD. We used the latest grading method where three grades A, B1, and B2 are used. To improve FCM efficiency and classification capability, a nonlinear Hebbian learning algorithm is applied for adjusting the FCM weights. To this end, 89 cases are studied. Three experts extracted seven main determinant characteristics of CD which were considered as FCM concepts. The mutual effects of these concepts on one another and on the final concept were expressed in the form of fuzzy rules and linguistic variables. Using the center of gravity defuzzifier, we obtained the numerical values of these weights and obtained the total weight matrix. Ultimately, combining the FCM model with PFCM algorithm, we obtained the grades A, B1, and B2 accuracies as 88, 90, and 91%, respectively. The main advantage of the proposed FCM is the good transparency and interpretability in the decision-making procedure, which make it a suitable tool for daily usage in the clinical practice.",,0.5144263,0.33211336,0.4081112,0.43469,0.25,0.08333333333333333,0.0,,,,
2,60,10,True,175,26,{A Hybrid Framework Integrating LLM and ANFIS for Explainable Fact-Checking},"Bangerter, M L and Fenza, G and Furno, D and Gallo, M and Loia, V and Stanzione, C and You, I",2024,IEEE Transactions on Fuzzy Systems,10.1109/TFUZZ.2024.3431710,"The widespread utilization of social media for information consumption has significantly exacerbated the problem of information disorder. Recognizing the difficulty people face in discerning the truth, automated assistance is urgently needed. Current state-of-the-art approaches often involve fine-tuning existing models with contributions from domain knowledge bases. The black-box nature and interpretability issues of deep neural networks (DNNs) have increased interest in hybrid approaches, giving rise to Deep Neural Fuzzy Systems (DNFSs). This research paper presents the Hybrid Fact-Checking Framework (HFCF) leveraging a DNFS tailored to address the uncertainty inherent in fact verification tasks and enhance the reliability of model responses. The DNFS integrates a Large Language Model (LLM) with an Adaptive Neuro-Fuzzy Inference System (ANFIS) for automated fact verification. The framework utilizes relevant evidence from open-world and closed-world sources, leveraging deep language models and employing few-shot prompting without additional training to generate and justify verdicts. Including fuzzy rules and considering the trustworthiness and relevance of retrieved evidence enhances response reliability, thereby improving overall effectiveness and outcome interpretability. Experimental validations have been conducted on three publicly available datasets ranging in different domains of expertise: ClimateFEVER, SciFact, and FEVER. The results demonstrate that the proposed framework ensures better outcomes, transparency, and mindful decision-making.","Adaptation models,Data models,Deep Neuro-Fuzzy System,Fact-checking,Fuzzy Inference System,Fuzzy logic,Fuzzy systems,Large Language Model,Large language models,Reliability,Task analysis",0.570455,0.36828554,0.39530897,0.4390955,0.375,0.25,0.2222222222222222,,,,
2,163,17,True,175,26,{Fuzzy Min-Cut With Soft Balancing Effects},"Chen, H and Zhang, R and Wang, R and Nie, F",2025,IEEE Transactions on Fuzzy Systems,10.1109/TFUZZ.2024.3491300,"The clustering algorithm has always been a hot spot in machine learning, which has made great progress and been widely used in different scenarios. Due to the characteristics and requirements of some application scenarios, the branch of the balanced clustering algorithm has been developed. The ideal of these algorithms is to obtain clusters containing approximately the same number of samples. However, when there are data points distributed at the boundary of different clusters, resulting in different probabilities of their belonging, hard-partitioned balanced clustering may not be able to handle these boundary data well, thus limiting their performance. Motivated by this, we propose a Fuzzy Min-Cut with Soft Balancing Effects (FCBE) method in this article. Specifically, the FCBE model utilizes fuzzy constraints to simultaneously enhance the ability of the balanced algorithm to capture boundary data members and the advantage of directly obtaining the partitioning results of graph-cut problem without postprocessing. In addition, a sparse regularization is introduced to avoid trivial solutions and maintain the separability of the relationship matrix. Furthermore, the proposed FCBE method can be viewed as a flexibly adjustable generalization pattern that not only has clear interpretability but also can become special cases with clear physical meanings under different parameter values. The feasibility of FCBE has been verified on real datasets.","Clustering algorithms,Clustering methods,Data models,Fuzzy constraints,Fuzzy systems,Partitioning algorithms,Sparse matrices,Switches,Uncertainty,Vectors,Wireless sensor networks,soft-balanced,sparse regularization,spectral clustering (SC)",0.53696483,0.34666422,0.4085049,0.4406199,0.125,0.08333333333333333,0.1111111111111111,,,,
2,188,18,True,175,26,{Discovering knowledge from data clustering using automatically-defined interval type-2 fuzzy predicates},"Comas, D S and Meschino, G J and Now{\'{e}}, A and Ballarin, V L",2017,EXPERT SYSTEMS WITH APPLICATIONS,10.1016/j.eswa.2016.10.018,"In data clustering fuzzy predicates act as cluster descriptors providing linguistically expressed knowledge which indicates how features are related to each cluster. Fuzzy predicates directly and automatically obtained from data enable discovering knowledge inside clusters, even when there is no prior-information about the clustering problem. In this work a new method for automatic discovering of interval type-2 fuzzy predicates in data clustering is proposed, called Type-2 Data-based Fuzzy Predicate Clustering (T2-DFPC). In a first stage, a data analysis is performed by making a random partition of the original data and running a clustering scheme that automatically determines the suitable number of clusters. From this stage, interval type-2 fuzzy predicates are discovered. Results obtained on very different clustering datasets show that the T2-DFPC method was consistently one of the best in terms of accuracy. The method preserves all known advantages of the interval type-2 FL to deal with problems with vagueness, quantifying the degree of truth of the fuzzy predicates and modelling the variability of the data inside the clusters. The proposed method is a fast, useful, general, and unsupervised approach for interpretable data clustering, being the knowledge-extracting capabilities one of the main contributions. Linguistic expressions can be easily adapted to match the terminology used in the field the data are related to. The predicates are able to generalize the knowledge for new cases (new data), as an intelligent system. This new approach might be surprisingly useful in contexts where, besides the clustering partition, summary information from data is of interest. (C) 2016 Elsevier Ltd. All rights reserved.",,0.5096164,0.3290081,0.3656571,0.4016469,0.125,0.08333333333333333,0.0,,,,
2,215,24,True,175,26,{Nonlinear Dimensionality Reduction for Data Visualization: An Unsupervised Fuzzy Rule-Based Approach},"Das, S and Pal, N R",2022,IEEE TRANSACTIONS ON FUZZY SYSTEMS,10.1109/TFUZZ.2021.3076583,"In this article, we propose a general framework for the unsupervised fuzzy rule-based dimensionality reduction primarily for data visualization. This framework has the following important characteristics relevant to the dimensionality reduction for visualization: preserves neighborhood relationships; effectively handles data on nonlinear manifolds; capable of projecting out-of-sample test points; can reject test points, when it is appropriate; and interpretable to a reasonable extent. We use the first-order Takagi-Sugeno model. Typically, fuzzy rules are either provided by experts or extracted using an input-output training set. Here, neither the output data nor experts are available. This makes the problem challenging. We estimate the rule parameters minimizing a suitable objective function that preserves the interpoint geodesic distances (distances over the manifold) as Euclidean distances on the projected space. In this context, we propose a new variant of the geodesic c-means clustering algorithm. The proposed method is tested on several synthetic and real-world datasets and compared with the results of six state-of-the-art data visualization methods. The proposed method is the only method that performs equally well on all the datasets tried. Our method is found to be robust to the initial conditions. The predictability of the method is validated by suitable experiments. We also assess the ability of our method to reject test points when it should. The scalability issue of the scheme is also discussed. Due to the general nature of the framework, we can use different objective functions to obtain projections satisfying different goals. To the best of our knowledge, this is the first attempt to manifold learning using unsupervised fuzzy rule-based modeling.",,0.5213214,0.33656487,0.42225063,0.44701833,0.125,0.25,0.0,,,,
2,238,26,True,175,26,{Modeling Self-Adaptive Software Systems by Fuzzy Rules and Petri Nets},"Ding, Z and Zhou, Y and Zhou, M",2018,IEEE Transactions on Fuzzy Systems,10.1109/TFUZZ.2017.2700286,"A self-adaptive software system is one that can autonomously modify its behavior at runtime in response to changes in the system and its environment. It is a challenge to model such a kind of systems since it is hard to predict runtime environmental changes at the design phase. In this paper, a formal model called intelligent Petri net (I-PN) is proposed to model a self-adaptive software system. I-PN is formed by incorporating fuzzy rules to a regular Petri net. The proposed net has the following advantages. 1) Since fuzzy rules can express the behavior of a system in an interpretable way and their variables can be reconfigured by the runtime data, the proposed model can model runtime environment and system behavior. 2) Since a fuzzy inference system with well-defined semantics can be used in a complementary way with other model languages for the analysis, thus the proposed model can be analyzed, even though it is described in two different languages: component behaviors in Petri nets while logic control in fuzzy rules. 3) The proposed model has self-adaption ability and can make adaptive decisions at runtime with the help of fuzzy inference reasoning. We adopt a manufacturing system to show the feasibility of the proposed model.","Adaptation models,Adaptive software system,Computational modeling,Data models,Petri net (PN),Petri nets,Production facilities,Raw materials,Software systems,fuzzy rule,requirement modeling",0.51589894,0.3330641,0.45564473,0.47070828,0.125,0.4166666666666667,0.0,,,,
2,278,32,True,175,26,{Fuzzy logic interpretation of quadratic networks},"Fan, F and Wang, G",2020,Neurocomputing,10.1016/j.neucom.2019.09.001 LK - https://unimib.on.worldcat.org/atoztitles/link?sid=EMBASE&sid=EMBASE&issn=18728286&id=doi:10.1016%2Fj.neucom.2019.09.001&atitle=Fuzzy+logic+interpretation+of+quadratic+networks&stitle=Neurocomputing&title=Neurocomputing&volume=374&issue=&spage=10&epage=21&aulast=Fan&aufirst=Fenglei&auinit=F.&aufull=Fan+F.&coden=NRCGE&isbn=&pages=10-21&date=2020&auinit1=F&auinitm=,"Over past several years, deep learning has achieved huge successes in various applications. However, such a data-driven approach is often criticized for lack of interpretability. Recently, we proposed artificial quadratic neural networks consisting of quadratic neurons in potentially many layers. In cellular level, a quadratic function is used to replace the inner product in a traditional neuron, and then undergoes a nonlinear activation. With a single quadratic neuron, any fuzzy logic operation, such as XOR, can be implemented. In this sense, any deep network constructed with quadratic neurons can be interpreted as a deep fuzzy logic system. Since traditional neural networks and quadratic counterparts can represent each other and fuzzy logic operations are naturally implemented in quadratic neural networks, it is plausible to explain how a deep neural network works with a quadratic network as the system model. In this paper, we generalize and categorize fuzzy logic operations implementable with individual quadratic neurons, and then perform statistical/information-theoretic analyses of exemplary quadratic neural networks.","article,deep neural network,fuzzy logic,nerve cell network",0.64983976,0.41953623,0.29664582,0.38494432,0.125,0.08333333333333333,0.3333333333333333,,,,
2,401,48,True,175,26,{Asymmetric Possibility and Necessity Regression by Twin-Support Vector Networks},"Hao, P.-Y.",2021,IEEE Transactions on Fuzzy Systems,10.1109/TFUZZ.2020.3011756,"This article proposes a novel asymmetric dual-regression model that combines the principles of twin-support vector machine theory with the possibilistic regression analysis. Using the principle of a twin-support vector machine, the proposed approach solves four smaller quadratic programming problems, each of which constructs the lower and upper bound functions of the possibility and necessity models, rather than a single large one. This strategy significantly reduces the time that is required for training. The output from the obtained dual-regression model is characterized by an asymmetric trapezoidal fuzzy number. The obtained asymmetric dual-regression model is more flexible and models the data distribution better than a symmetric model. The proposed approach provides a unified framework that accepts various types of crisp and fuzzy input variables by using radial kernels. The proposed dual model also indicates a degree of confidence to the predicted outputs. The explicable characteristic for the degree of confidence also means that the proposed approach is more suitable for decision-making task. The experimental results demonstrate that the proposed approach has a more efficient training procedure and better describes the inherent ambiguity in the observed phenomena. {\textcopyright}1993-2012 IEEE.","Asymmetric trapezoid fuzzy number,Asymmetric trapezoid fuzzy numbers,Decision making,Degree of confidence,Dual-possibilistic regression model,Fuzzy numbers,Fuzzy regression analysis,Fuzzy rules,Possibilistic regression model,Quadratic programming,Regression analysis,Regression modelling,Support vector machines,Support vector networks,Twin support vector machines,Twin-support vector machine,Vectors,dual-possibilistic regression models,fuzzy regression analysis,twin-support vector machines (TSVM)",0.5410207,0.34928274,0.46649665,0.48512763,0.125,0.08333333333333333,0.1111111111111111,,,,
2,470,52,True,175,26,{A Multi-Agent Architecture for the Design of Hierarchical Interval Type-2 Beta Fuzzy System},"Jarraya, Y and Bouaziz, S and Hagras, H and Alimi, A M",2019,IEEE TRANSACTIONS ON FUZZY SYSTEMS,10.1109/TFUZZ.2018.2871800,"This paper presents a new methodology for building and evolving hierarchical fuzzy systems. For the system design, a tree-based encoding method is adopted to hierarchically link low-dimensional fuzzy systems. Such tree structural representation has by nature a flexible design offering more adjustable and modifiable structures. The proposed hierarchical structure employs a type-2 beta fuzzy system to cope with the faced uncertainties, and the resulting system is called the hierarchical interval type-2 beta fuzzy system (HT2BFS). For the system optimization, two main tasks of structure learning and parameter tuning are applied. The structure learning phase aims to evolve and learn the structures of a population of the HT2BFS in a multi-objective context taking into account the optimization of both the accuracy and the interpretability metrics. The parameter tuning phase is applied to refine and adjust the parameters of the system. To accomplish these two tasks in the most optimal way, we further employ a multi-agent architecture to provide both a distributed and a cooperative management of the optimization tasks. Agents are divided into two different types based on their functions: a structure agent and a parameter agent. The main function of the structure agent is to perform a multi-objective evolutionary structure learning step by means of the multi-objective immune programming algorithm. The parameter agents have the function of managing different hierarchical structures simultaneously to refine their parameters by means of the hybrid harmony search algorithm. In this architecture, agents use cooperation and communication concepts to create high-performance HT2BFSs. The performance of the proposed system is evaluated by several comparisons with various state-of-the-art approaches on noise-free and noisy time series prediction datasets and regression problems. The results clearly demonstrate a great improvement in accuracy rate, convergence speed, and the number of used rules as compared to other existing approaches.",,0.5736762,0.37036508,0.390705,0.4364478,0.125,0.08333333333333333,0.0,,,,
2,500,57,True,175,26,{Multiobjective Optimization of Interpretable Fuzzy Systems and Applicable Subjects for Fast Estimation of Obstructive Sleep Apnea-Hypopnea Severity},"Juang, C -F. and Pan, G -R. and Huang, W -C. and Wen, C -Y. and Wu, M -F.",2023,IEEE Transactions on Fuzzy Systems,10.1109/TFUZZ.2022.3222033,"This article proposes an interpretable fuzzy estimation system (IFES) for fast estimation of severity of obstructive sleep apnea-hypopnea syndrome (OSAHS) using three easily available physiological variables: neck circumference, waist circumference, and average blood pressure after waking up. The IFES aims to decrease the waiting list of polysomnography so that OSAHS treatment can be performed as soon as possible. The IFES is optimized to achieve the following three objectives: high estimation accuracy, the largest number of applicable subjects, and high model interpretability. The applicable subjects are determined by evaluating the influence of six screening factors, such as smoking, hypertension, and sleep efficiency, on the estimation performance. This article finds solutions of this multiobjective optimization problem using a multiobjective genetic algorithm. A total of 1197 participants are enrolled with the five-fold cross-validation scheme employed to evaluate an estimation performance. Experimental results show that the proposed method successfully finds the influence of different screening factors and the found IFESs outperform different estimation models used for comparison.","Apnea-hypopnea index (AHI),Estimation,Fuzzy neural networks,Hypertension,Indexes,Medical diagnostic imaging,Optimization,Sleep apnea,evolutionary fuzzy systems,fuzzy systems,interpretable AI,multiobjective optimization,obstructive sleep apnea",0.5141181,0.3319144,0.48381293,0.49138921,0.125,0.0,0.2222222222222222,,,,
2,574,63,True,175,26,{FD-LSTM: A Fuzzy LSTM Model for Chaotic Time-Series Prediction},"Langeroudi, M K and Yamaghani, M R and Khodaparast, S",2022,IEEE Intelligent Systems,10.1109/MIS.2022.3179843,"The main issue of time-series prediction is to determine the grade of uncertainty in knowledge, with its essential vagueness and haziness in complex problems. In this study, a deep fuzzy long short-term memory (LSTM) architecture has been proposed to handle the high-order uncertainty associated with time-series applications. The LSTM and type-2 fuzzy logic combination aim to make a more transparent, interpretable, and accurate predictive system. The experiments of this study with real data contain global standard and real-valued benchmarks, including Mackey–Glass (MG), sunspot, and English Premier League seasonal datasets. The obtained performance shows the superiority of the proposed fuzzy–deep model in predicting time series with an average AUC = 0.96 in sunspot, 0.93 for football match time series, and 0.95 on a chaotic equation of MG.","Computer architecture,Deep Learning,Fuzzy logic,Fuzzy sets,LSTM,Microprocessors,Predictive models,Time series analysis,Time-Series Prediction,Type-2 fuzzy system,Uncertainty",0.6258263,0.40403315,0.29593658,0.37840903,0.25,0.16666666666666666,0.0,,,,
2,596,68,True,175,26,{Group reduced kernel extreme learning machine for fault diagnosis of aircraft engine},"Li, B and Zhao, Y.-P.",2020,Engineering Applications of Artificial Intelligence,10.1016/j.engappai.2020.103968,"The original kernel extreme learning machine (KELM) employs all training samples to construct hidden layer, thus avoiding the performance fluctuations caused by the ELM randomly assigning weights. However, excessive nodes will inevitably lead to structural redundancy, which hinders its application in systems with high real-time performance requirements but limited onboard storage and computing capacity. Considering the well interpretability of sparse learning, this study introduces the group sparse structure for KELM to resolve its limitation of structural redundancy. Specifically, the proposed novel method introduces a special norm to reformulate the dual optimization problem of KELM to realize group sparse structure in output weights. As a result, nodes with large weights can be selected as the significant nodes, while nodes with small weights will be regarded as the redundant nodes and neglected directly. In addition, we have also devised an alternating iterative optimization algorithm and deduced the complete proof of convergence to solve the non-smoothness optimization problem in proposed method. Then, the validity and feasibility of the proposed method are verified by extensive experiments on benchmark datasets. More importantly, tests of fault diagnosis for an aircraft engine show that the proposed approach can maintain the competitive recognition performance with much faster testing speed. {\textcopyright}2020 Elsevier Ltd","Aircraft engine,Aircraft engines,Benchmark datasets,Computing capacity,Dual optimization problems,Engines,Extreme learning machine,Failure analysis,Fault detection,Fault diagnosis,Group sparse structure,Iterative methods,Iterative optimization algorithms,Kernel extreme learning machine,Knowledge acquisition,Machine learning,Optimization,Optimization problems,Real time performance,Real time systems,Redundancy,Storage as a service (STaaS),Structural redundancy,Training aircraft",0.4749237,0.30661052,0.41321516,0.4286423,0.125,0.08333333333333333,0.1111111111111111,,,,
2,728,76,True,175,26,"{A Robust Multilabel Method Integrating Rule-Based Transparent Model, Soft Label Correlation Learning and Label Noise Resistance}","Lou, Q and Deng, Z and Sang, Q and Xiao, Z and Choi, K -S. and Wang, S",2024,IEEE Transactions on Emerging Topics in Computational Intelligence,10.1109/TETCI.2023.3306232,"Model transparency, label correlation learning and robustness to label noise are crucial for multilabel learning. However, few existing methods consider these three characteristics simultaneously. To address this challenge, we propose the robust multilabel Takagi-Sugeno-Kang fuzzy system (R-MLTSK-FS) with three mechanisms. First, we design a soft label learning mechanism to reduce the effect of label noise by explicitly measuring the interactions between labels, which is also the basis of the other two mechanisms. Second, rule-based multi-output TSK FS is used as the base model to efficiently model the inference relationship between features and soft labels in a more transparent way than many existing multilabel models. Third, to further improve the performance of multilabel learning, we build a correlation enhancement learning mechanism based on the soft label space and the fuzzy feature space. Extensive experiments are conducted to demonstrate the superiority of the proposed method.","Classification algorithms,Correlation,Label correlation,Labeling,Learning systems,Matrix decomposition,Noise measurement,Sparse matrices,Takagi-Sugeno model,Training,label noise,model transparency,multilabel classification",0.5743732,0.37081507,0.40834248,0.44985014,0.125,0.08333333333333333,0.0,,,,
2,771,79,True,175,26,{Automatic design of semantic similarity controllers based on fuzzy logics},"Martinez-Gil, J and Chaves-Gonzalez, J M",2019,Expert Systems with Applications,10.1016/j.eswa.2019.04.046,"Recent advances in machine learning have been able to make improvements over the state-of-the-art regarding semantic similarity measurement techniques. In fact, we have all seen how classical techniques have given way to promising neural techniques. Nonetheless, these new techniques have a weak point: they are hardly interpretable. For this reason, we have oriented our research towards the design of strategies being able to be accurate enough but without sacrificing their interpretability. As a result, we have obtained a strategy for the automatic design of semantic similarity controllers based on fuzzy logics, which are automatically identified using genetic algorithms (GAs). After an exhaustive evaluation using a number of well-known benchmark datasets, we can conclude that our strategy fulfills both expectations: it is able of achieving reasonably good results, and at the same time, it can offer high degrees of interpretability. {\textcopyright}2019 Elsevier Ltd","Benchmark datasets,Classical techniques,Controllers,Fuzzy logic,Fuzzy logic controllers,Genetic algorithm (GAs),Genetic algorithms,Knowledge engineering,Learning systems,Neural techniques,Petroleum reservoir evaluation,Semantic similarity,Semantic similarity measurement,Semantics,State of the art",0.6254711,0.40380388,0.4043677,0.45964354,0.125,0.16666666666666666,0.1111111111111111,,,,
2,931,104,True,175,26,{Toward a Framework for Capturing Interpretability of Hierarchical Fuzzy Systems—A Participatory Design Approach},"Razak, T R and Garibaldi, J M and Wagner, C and Pourabdollah, A and Soria, D",2021,IEEE Transactions on Fuzzy Systems,10.1109/TFUZZ.2020.2969901,"Hierarchical fuzzy systems (HFSs) have been shown to have the potential to improve the interpretability of fuzzy logic systems (FLSs). However, challenges remain, such as “How can we measure their interpretability?” “How can we make an informed assessment of how HFSs should be designed to enhance interpretability?” The challenges consist of measuring the interpretability of HFSs include issues such as their topological structure, the number of layers, the meaning of intermediate variables, and so on. In this article, an initial framework to measure the interpretability of HFSs is proposed, combined with a participatory user design process to create a specific instance of the framework for an application context. This approach enables the subjective views of a range of practitioners, experts in the design and creation of FLSs, to be taken into account in shaping the design of a generic framework for measuring interpretability in HFSs. This design process and framework are demonstrated through two classification application examples, showing the ability of the resulting index to appropriately capture interpretability as perceived by system design experts.","Atmospheric measurements,Fuzzy logic,Fuzzy logic systems,Fuzzy systems,Hafnium,Indexes,Input variables,Particle measurements,hierarchical fuzzy systems,interpretability assessments,participatory design",0.5726907,0.36972883,0.399248,0.44260868,0.125,0.08333333333333333,0.1111111111111111,,,,
2,986,112,True,175,26,{Proposal of a declarative and parallelizable artificial neural network using the notification-oriented paradigm},"Sch{\""{u}}tz, F and Fabro, J A and Ronszcka, A F and Stadzisz, P C and Sim{\~{a}}o, J M",2018,Neural Computing and Applications,10.1007/s00521-018-3517-y,"Since the 1960s, artificial neural networks (ANNs) have been implemented and applied in various areas of knowledge. Most of these implementations had their development guided by imperative programming (IP), usually resulting in highly coupled programs. Thus, even though intrinsically parallel in theory, ANNs do not easily take an effective distribution on multiple processors when developed under IP. As an alternative, the notification-oriented paradigm (NOP) emerges as a new programming technique. NOP facilitates the development of decoupled and distributed systems, using abstraction of knowledge through logical–causal rules, as well as the generation of an optimized code. Both features are possible by means of a notification-oriented inference process, which avoids structural and temporal redundancies in the logic–causal evaluations. These advantages are relevant to systems that have parts decoupled in order to run in parallel, such as ANN. In this sense, this work presents the development of a multilayer perceptron ANN using backpropagation training algorithm based on the concepts of a NOP implementation. Such implementation allows, transparently from high-level programming, parallel code generation that runs on multicore platforms. Furthermore, the solution based on NOP, when compared against the equivalent on IP, presents a high level of decoupling and explicit use of logic–causal elements, which are, respectively, useful to distribution, understanding and improvement of the application. {\textcopyright}2018, The Natural Computing Applications Forum.","Artificial neural network,Back-propagation training algorithms,Backpropagation algorithm,Backpropagation algorithms,Computer circuits,Decoupled system,Decoupled systems,Effective distribution,High-level programming,Imperative programming,Internet protocols,Multi-core platforms,Multicore programming,Neural networks,Notification-oriented paradigm,Programming technique",0.49627677,0.32039607,0.4364578,0.45141253,0.125,0.25,0.2222222222222222,,,,
2,1072,118,True,175,26,"{Deep Neuro-Fuzzy System application trends, challenges, and future perspectives: a systematic survey}","Talpur, N and Abdulkadir, S J and Alhussian, H and Hasan, M H and Aziz, N and Bamhdi, A",2023,ARTIFICIAL INTELLIGENCE REVIEW,10.1007/s10462-022-10188-3,"Deep neural networks (DNN) have remarkably progressed in applications involving large and complex datasets but have been criticized as a black-box. This downside has recently become a motivation for the research community to pursue the ideas of hybrid approaches, resulting in novel hybrid systems classified as deep neuro-fuzzy systems (DNFS). Studies regarding the implementation of DNFS have rapidly increased in the domains of computing, healthcare, transportation, and finance with high interpretability and reasonable accuracy. However, relatively few survey studies have been found in the literature to provide a comprehensive insight into this domain. Therefore, this study aims to perform a systematic review to evaluate the current progress, trends, arising issues, research gaps, challenges, and future scope related to DNFS studies. A study mapping process was prepared to guide a systematic search for publications related to DNFS published between 2015 and 2020 using five established scientific directories. As a result, a total of 105 studies were identified and critically analyzed to address research questions with the objectives: (i) to understand the concept of DNFS; (ii) to find out DNFS optimization methods; (iii) to visualize the intensity of work carried out in DNFS domain; and (iv) to highlight DNFS application subjects and domains. We believe that this study provides up-to-date guidance for future research in the DNFS domain, allowing for more effective advancement in techniques and processes. The analysis made in this review proves that DNFS-based research is actively growing with a substantial implementation and application scope in the future.",,0.6312891,0.40756,0.39317238,0.45270157,0.125,0.0,0.2222222222222222,,,,
2,1121,122,True,175,26,{A systematic study of Echo State Networks topologies for chaotic time series prediction},"Viehweg, J and Teutsch, P and M{\""{a}}der, P",2025,Neurocomputing,10.1016/j.neucom.2024.129032 LK - https://unimib.on.worldcat.org/atoztitles/link?sid=EMBASE&sid=EMBASE&issn=18728286&id=doi:10.1016%2Fj.neucom.2024.129032&atitle=A+systematic+study+of+Echo+State+Networks+topologies+for+chaotic+time+series+prediction&stitle=Neurocomputing&title=Neurocomputing&volume=618&issue=&spage=&epage=&aulast=Viehweg&aufirst=Johannes&auinit=J.&aufull=Viehweg+J.&coden=NRCGE&isbn=&pages=-&date=2025&auinit1=J&auinitm=,"In the last twenty years, Echo State Networks have become a prominent method for the prediction of time series with a large variety of proposed topologies of connections. These topologies inside the ESN are typically shown to be advantageous for a certain prediction task in terms of reducing the computational complexity and increasing the explainability regarding the selection of weights. Still, a thorough comparison of these different topologies is missing in terms of their formal description and their performance as well as characteristics when applied to different prediction tasks. In this paper, we study 16 topologies for the task of time series prediction in the context of chaotic dynamics. We restrict our focus to those since they are considered among the most challenging to predict, while still being of interest for applications and being representative for other time series. We categorize the selected topologies into intralevel connections, concurrent and sequential reservoirs as well as complex topologies and implemented all of them. We parametrized all according to their original publications but also ran additional tests regarding suitable parametrization. All topologies are evaluated on the eight time series, in auto-regressive as well as single-step predictions. Our results emphasize on the benefit of choosing a suitable topology, reducing the error by up to 94.87% compared to the baseline, the conventional Echo State Network. We also compared the 16 topologies to the widely used Gated Recurrent Unit (GRU) network and observe the structured reservoir yielding a decreased error of up to 99.99% compared to the GRU.","chaotic dynamics,diagnosis,echo state network,gated recurrent unit network,human,prediction,short survey,time series analysis",0.42856753,0.276683,0.43352944,0.43228897,0.125,0.08333333333333333,0.1111111111111111,,,,
2,1158,127,True,175,26,{A Large Scale Group Three-Way Decision-based consensus model for site selection of New Energy Vehicle charging stations},"Wang, Y.-M. and He, S.-F. and Zamora, D G and Pan, X.-H. and Mart{\'{i}}nez, L",2023,Expert Systems with Applications,10.1016/j.eswa.2022.119107,"The development of New Energy Vehicles (NEVs) has contributed to the alleviation of environmental pollution in the transportation sector. Although NEVs have some advantages, such as energy saving, being environmentally friendly, and low noise, they are restricted by their cruising range or recharging-related problems. To minimize such disadvantages, an optimal plan for the charging station site is necessary. This paper proposes a Large-Scale Group Decision-Making (LSGDM) method to select the best location for such charging stations. This method involves a large group of experts providing their preferences according to their knowledge and background. To facilitate the elicitation, our method uses Hesitant Fuzzy Linguistic Term Sets (HFLTS) and Extended Comparative Linguistic Expressions with Symbolic Translation (ELICIT) model to improve the elicitation process, guarantee precise computing processes and obtain interpretable results. A social network is then constructed based on experts' preference similarity and trust relationships, which reflects both their relationship and its strength simultaneously. Afterwards, a social analysis-based clustering process groups the experts, and a Three-Way Decision (TWD)-based Consensus Reaching Process (CRP) is introduced to improve the group's agreement. Finally, a selection of charging station site case studies is conducted, and a comparative analysis is carried out to illustrate the quality of the proposal. {\textcopyright}2022 Elsevier Ltd","Charging (batteries),Charging station,Clustering algorithms,Consensus reaching process,Decision making,Decision-based,ELICIT information,Electric vehicles,Energy conservation,Group Decision Making,Hesitant fuzzy linguistic term set,Hesitant fuzzy linguistic term sets,Large-scale group,Large-scale group decision-making,Linguistics,Location,New energy vehicle,New energy vehicles,Quality control,Site selection,Three-way decision",0.45809537,0.29574615,0.52255994,0.5064438,0.125,0.16666666666666666,0.1111111111111111,,,,
2,1222,132,True,175,26,{Cross-domain decision making with parameter transfer based on value function},"Wu, Z J and Xue, M and Hou, B B and Liu, W Y",2022,INFORMATION SCIENCES,10.1016/j.ins.2022.08.018,"Decision models based on value function can help learn the preferences of decision makers using historical data. However, inconsistency of the preferences learned from data with the real preferences of decision makers may occur. Suppose decision data or scenarios in the target domain are insufficient to guarantee the consistency of learning preferences, and there exists one similar source domain with sufficient effective data. Then, knowledge from the source domain can help learn preferences in the target domain. Following this idea, this paper proposes a cross-domain decision making method using a parameter transfer strat-egy with homogeneous and heterogeneous criteria. A decision model based on the value function is constructed using a generalized additive model to ensure the interpretability of the model. The marginal value functions are adjusted using Sturm's theorem to keep the monotonicity of the learned marginal value functions on the criteria. Then, the param-eter transfer strategy is adopted to transfer the obtained value functions to help learn the real preferences of the decision maker for the decision problem where preferences in his-torical data may not be consistent. The effectiveness of the proposed method is validated by solving the problem of diagnosing breast lesions in a hospital.(c) 2022 Elsevier Inc. All rights reserved.",,0.46568045,0.30064306,0.412542,0.4258266,0.125,0.08333333333333333,0.0,,,,
2,1372,149,True,175,26,{Incomplete Multiple View Fuzzy Inference System With Missing View Imputation and Cooperative Learning},"Zhang, W and Deng, Z and Zhang, T and Choi, K -S. and Wang, J and Wang, S",2022,IEEE Transactions on Fuzzy Systems,10.1109/TFUZZ.2021.3099696,"Advancement of technology has made available data of different modalities that can be integrated effectively through multiple view learning for modeling real-world problems. Although multiple view learning has achieved great success in many applications, it still faces several challenges. One of them is how to reduce the negative impact of the missing views in incomplete multiple view datasets by fully exploiting the information available. Another challenge is how to enhance the interpretability of the multiple view model for scenarios with high transparency requirement. To address these challenges, this article proposes a novel modeling method for incomplete multiple view fuzzy system. Based on fuzzy interpretable rules, the method integrates missing view imputation and hidden view learning as one single process to yield a model of high interpretability, where cooperative learning is used to mine the complementary information between the visible views and the hidden view. The proposed method has four advantages when compared with existing approaches: 1) the method is more interpretable, attributed to the fuzzy interpretable rules that it is based on, 2) missing view imputation is integrated into the modeling to make it more efficient than the existing two-step strategy, 3) the method not only imputes missing views, but also mines the hidden view shared by the multiple visible views, and 4) cooperative learning is used to mine the complementary information, which significantly reduces the negative impact of missing views. Experiments on real datasets demonstrate the advantages of the proposed method.","Brain modeling,Cooperative learning,Data models,Fuzzy systems,Learning systems,Support vector machines,Takagi-Sugeno model,Visualization,fuzzy inference system,hidden view learning,incomplete multiple view learning,interpretable model,missing view imputing",0.5031898,0.32485914,0.40835297,0.43206218,0.25,0.08333333333333333,0.0,,,,
2,1378,151,True,175,26,{An Interpretable Station Delay Prediction Model Based on Graph Community Neural Network and Time-Series Fuzzy Decision Tree},"Zhang, D and Xu, Y and Peng, Y and Du, C and Wang, N and Tang, M and Lu, L and Liu, J",2023,IEEE Transactions on Fuzzy Systems,10.1109/TFUZZ.2022.3181453,"High-speed train delay prediction has always been one of the important research issues in the railway dispatching. Accurate and interpretable delay prediction can enable staff to implement preventive measures and scheduling decisions in advance, and guide relevant departments to cooperate in completing complex transportation tasks, so as to improve rail transit operations, service quality, and the efficiency of train operation. This article proposes a new interpretable model based on graph community neural network and time-series fuzzy decision tree. This model can well capture the influence of spatiotemporal characteristics, train community structure, and multifactor in high-speed train station delay prediction. Besides, the time series fuzzy decision tree based on multiobjective optimization and reduced error pruning can mine potential decision rules to improve the model's interpretability, transparency, and high reliability. Finally, we prove that the prediction effect of the proposed model is superior than the other seven state-of-the-art models and our model is interpretable.","Data models,Decision trees,Delays,Fuzzy decision tree,Prediction algorithms,Predictive models,Rail transportation,Spatiotemporal phenomena,graph community structure,graph convolutional network,high-speed train station delay prediction,interpretability",0.55791104,0.36018708,0.506873,0.5196325,0.25,0.16666666666666666,0.2222222222222222,,,,
2,1385,152,True,175,26,{BRN: A belief rule network model for the health evaluation of complex systems},"Zhang, C C and Zhou, Z J and Cao, Y and Tang, S W and Ning, P Y and Chen, L Y",2023,EXPERT SYSTEMS WITH APPLICATIONS,10.1016/j.eswa.2022.119065,"A belief rule base (BRB) expert system provides a generic inference framework for approximating the compli-cated nonlinear relationships between inputs and outputs. Such systems have been widely applied in the system health management community. However, limited by the method of construction rules, existing methods encounter the combinatorial explosion problem in the modeling of complex systems. Thus, determining how to effectively use the collected signals, system mechanism, and expert knowledge to realize the health evaluation of complex systems has become a key issue limiting the development of BRB systems. To solve this problem, a modified micro belief rule structure is proposed, and a new belief rule network (BRN) model is developed. Then, the cautious conjunctive rule is introduced to realize the fusion and reasoning of the nonindependent nodes in the BRN. In addition, the structure and parameter learning strategies of the proposed BRN are given, thereby providing a systemic mechanism to enhance the capability of the BRN when both expert knowledge and observed data are available. The effectiveness of the BRN model is verified in an aerospace relay experiment.",,0.5779902,0.3731502,0.27418935,0.35013956,0.0,0.3333333333333333,0.1111111111111111,,,,
2,1398,154,True,175,26,{An interpretable image classification model Combining a fuzzy neural network with a variational autoencoder inspired by the human brain},"Zhang, K and Hao, W and Yu, X and Shao, T",2024,Information Sciences,10.1016/j.ins.2023.119885,"Fuzzy neural networks (FNNs) have gained attention for their interpretability and self-learning ability. However, they struggle with interpreting high-dimensional unstructured data and the problem of “rule explosion”. To address this, a model called VAE-FNN is proposed, which combines a FNN with a variational autoencoder (VAE). The VAE-FNN simulates the image perception, feature extraction, inductive reasoning, and adjustment learning processes in the human brain. An encoder is used to simulate the visual cortex for extracting features from complex images, reducing the dimensionality, and mitigating the rule explosion problem. The fuzzy neural network classifier (FNNC) simulates the reasoning functions of the parietal and prefrontal cortex in the human brain and achieves interpretable classification based on the encoder's output features. A training algorithm is designed to improve the stability of the FNNC. The VAE-FNN's training method adjusts the feature extraction process based on reconstruction and classification effects, enabling the model to obtain advanced and semantic classification features. Detailed experimental results on two image datasets demonstrate that the proposed model can extract high-level classification features and provide explanations consistent with human intuition while achieving high-precision classification. The experimental results on the other two datasets further validate the effectiveness of the proposed model. {\textcopyright}2023","Auto encoders,Brain,Classification (of information),Classification features,Classification models,Extraction,Feature extraction,Features extraction,Fuzzy inference,Fuzzy neural network,Fuzzy neural networks,Fuzzy-neural-networks,Human brain,Image classification,Images classification,Interpretability,Learning systems,Neural networks classifiers,Semantics,Variational autoencoder",0.6831682,0.44105303,0.29666364,0.39328977,0.125,0.16666666666666666,0.2222222222222222,,,,
2,1405,156,True,175,26,"{Deep Reconciled and Self-Paced TSK Fuzzy System Ensemble for Imbalanced Data Classification: Architecture, Interpretability, and Theory}","Zhang, Y and Wang, G and Zhou, T and Ren, G and Lam, S and Ding, W and Cai, J",2024,IEEE Transactions on Fuzzy Systems,10.1109/TFUZZ.2024.3442821,"Stacking-based takagi-sugeno-kang (TSK) fuzzy system ensemble has been successfully applied to imbalanced data classification. However, there still exist many challenges that need to be further addressed. For example, during stacking, augmenting output variables into the input feature space reduces the interpretability of antecedents of fuzzy rules. During sampling for balancing, discovering informative samples usually only relies on training samples, which may reduce generalizability. More importantly, there is no theory to support the reliability of stacking. To address the aforementioned challenges, in this study, we propose a deep reconciled and self-paced TSK fuzzy system ensemble framework termed D-RSP-TSKE for imbalanced data classification. Compared with the existing ensemble frameworks, its superiorities can be exhibited from the following three aspects. First, in the first layer, we use random undersampling to generate a class-balanced training set to train an initial zero-order TSK fuzzy classifier. Based on the TSK fuzzy classifier, then we define classifier-specific and testing-compatible sample sensitivity to discover informative (high-sensitive) samples and design a reconciled and self-paced sampling approach to balance the minority class for the training of the following layers. Second, to improve the interpretability of antecedents of fuzzy rules, we propose to transfer the output variables from antecedents to consequents through equivalent mathematical transformations while keeping the final output unchanged. These transferred output variables are interpreted as the dynamic fuzzy rule confidence. Third, furthermore, we engage in a comprehensive theoretical examination of our stacking-based ensemble to elucidate the underlying mechanisms that enable the stacking strategy to consistently deliver superior performance. We conduct tests and comparisons on 7 artificial datasets and 30 real-world datasets to evaluate D-RSP-TSKE. The experimental results demonstrate the effectiveness and interpretability of D-RSP-TSKE for imbalanced data classification.","Ensemble learning,Fuzzy systems,Nearest neighbor methods,Radio frequency,Sensitivity,Stacking,Training,interpretability,reconciled and self-paced sampling,takagi-sugeno-kang (TSK) fuzzy system,testing-compatible sample sensitivity",0.5992266,0.38686034,0.33389068,0.40022466,0.125,0.16666666666666666,0.1111111111111111,,,,
2,1490,171,True,175,26,{Long-Term Multivariate Time-Series Forecasting Model Based on Gaussian Fuzzy Information Granules},"Zhu, C and Ma, X and D'Urso, P and Qian, Y and Ding, W and Zhan, J",2024,IEEE Transactions on Fuzzy Systems,10.1109/TFUZZ.2024.3449769,"Long-term forecasting of multivariate time series has been an important research issue in the field of data mining and knowledge discovery. Fuzzy information granularity is used as an effective tool to handle long-term forecasting of time series. On account of its good interpretability and effect, it has received the attention of more and more scholars. However, although the method has been universally used in univariate time series, its application for multivariate time series has received little attention. In order to utilize the advantages of fuzzy information granularity and fill its gap in solving multivariate time-series forecasting problems. In view of this purpose, we design a long-term multivariate time-series forecasting modeling framework in light of Gaussian fuzzy information granules. The model includes a granulation method of under multivariate time series, as well as a neural network model that combines the backpropagation neural network, long short-term memory neural network, and transformer for long-term prediction, in which there is a fuzzy information granule segmentation method with polynomials as the core line and a new representation method for fuzzy information granules. We carry out experimental evaluations using eight publicly available time-series data, and the results show that our model is able to perform long-term forecasting of multivariate time series with a high satisfactory accuracy.","Backpropagation neural network (BPNN),Data mining,Forecasting,Gaussian fuzzy information granule (GFIG),Long short term memory,Market research,Neural networks,Predictive models,Time series analysis,long short-term memory network,long-term forecasting,multivariate time series",0.6078073,0.3924001,0.25221157,0.3411105,0.125,0.08333333333333333,0.2222222222222222,,,,
3,34,1,True,89,13,{Enabling the interpretability of pretrained venue representations using semantic categories},"An, N and Chen, M and Lian, L and Li, P and Zhang, K and Yu, X H and Yin, Y L",2022,KNOWLEDGE-BASED SYSTEMS,10.1016/j.knosys.2021.107623,"The growing popularity of location-based social networks gives rise to a tremendous amount of social check-ins data, which are broadly used in previous studies to produce dense venue representations for various trajectory mining tasks. In this work, we focus on the interpretability of venue representations, an essential property that existing methods fail to provide. We propose two novel models to generate interpretable and easy-to-understand venue representations. The first model, CEM, is a category aware (a category may be a restaurant, a mall, etc.) check-in embedding model and generates venue and category representations by capturing the sequential patterns of check-in records. With the second model, XEM, each dimension of the venue representation corresponds to a semantic anchor (i.e., a category) and can be interpreted as a coherent topic. We conduct extensive experiments using real-world check-in datasets for venue similarity computation and venue semantic annotation, and empirically show that introducing interpretability to the venue representations improves the performance of various downstream tasks. (C) 2021 Elsevier B.V. All rights reserved.",,0.5876514,0.40656063,0.29629874,0.3691369,0.125,0.0,0.1111111111111111,,,,
3,53,3,True,89,13,{PrePCT: Traffic congestion prediction in smart cities with relative position congestion tensor},"Bai, M and Lin, Y and Ma, M and Wang, P and Duan, L",2021,Neurocomputing,10.1016/j.neucom.2020.08.075,"Traffic congestion prediction is a vital part of Intelligent Transportation Systems in smart cities. Effective methods for traffic congestion prediction can help people make travel plans reasonably with Advanced Traveler Information Systems. Most of the existing methods for traffic congestion prediction was designed for a specific location. The parameters need to be modified when applying these methods to different locations. Other studies on the traffic network require sophisticated data pre-processing such as map matching. In this paper, we build a model named Relative Position Congestion Tensor and propose a Predictor for Position Congestion Tensor for traffic congestion prediction. First, we design a novel approach to construct congestion matrix on region traffic networks using the concept of relative locations for road nodes and convert matrices into three-dimensional spatio-temporal tensors. Then, we propose a method based on convolutional long-short term memory network to predict congestion at all locations of the road network in the near future. The experiments show that in all locations where congestion often occurs, the proposed method significantly outperforms baseline models including Linear Regression, Autoregressive Integrated Moving Average, Support Vector Regression, Random Forest, Gradient Boosting Regression, Long-Short Term Memory and generally outperforms the Convolution-based deep Neural Network modeling Periodic traffic data. Furthermore, we study the internal structure of the Predictor for Position Congestion Tensor model to analyze the interpretability of the model for congestion prediction. The results show that the proposed model can accurately capture the temporal and spatial characteristics of traffic. {\textcopyright}2020 Elsevier B.V.","Advanced traveler information systems,Auto-regressive integrated moving average,Brain,Congestion prediction,Convolution,Convolutional long-short term memory network,Data handling,Data preprocessing,Decision trees,Deep neural networks,Forecasting,Intelligent systems,Intelligent transportation systems,Internal structure,Location,Long short-term memory,Matrix algebra,Motor transportation,Neural network model,Relative position congestion tensor,Relative positions,Roads and streets,Smart city,Support vector regression,Temporal and spatial,Tensors,Traffic congestion,article,city,deep neural network,human,linear regression analysis,long short term memory network,prediction,random forest,support vector machine",0.61653125,0.42654085,0.301661,0.38037857,0.125,0.08333333333333333,0.3333333333333333,,,,
3,75,5,True,89,13,{Optimizing pathfinding for goal legibility and recognition in cooperative partially observable environments},"Bernardini, S and Fagnani, F and Neacsu, A and Franco, S",2024,Artificial Intelligence,10.1016/j.artint.2024.104148,"In this paper, we perform a joint design of goal legibility and recognition in a cooperative, multi-agent pathfinding setting with partial observability. More specifically, we consider a set of identical agents (the actors) that move in an environment only partially observable to an observer in the loop. The actors are tasked with reaching a set of locations that need to be serviced in a timely fashion. The observer monitors the actors' behavior from a distance and needs to identify each actor's destination based on the actor's observable movements. Our approach generates legible paths for the actors; namely, it constructs one path from the origin to each destination so that these paths overlap as little as possible while satisfying budget constraints. It also equips the observer with a goal-recognition mapping between unique sequences of observations and destinations, ensuring that the observer can infer an actor's destination by making the minimum number of observations (legibility delay). Our method substantially extends previous work, which is limited to an observer with full observability, showing that optimizing pathfinding for goal legibility and recognition can be performed via a reformulation into a classical minimum cost flow problem in the partially observable case when the algorithms for the fully observable case are appropriately modified. Our empirical evaluation shows that our techniques are as effective in partially observable settings as in fully observable ones. {\textcopyright}2024 The Author(s)","Agent behavior,Budget control,Flow network,Flow networks,Goal legibility,Goal recognition,Interpretable agent behavior,Motion planning,Multi agent,Multi agent systems,Multi-agent path planning,Observability,Partial observability,Path finding,Pathfinding,Reformulation",0.53217685,0.36818108,0.46826935,0.48424622,0.125,0.08333333333333333,0.1111111111111111,,,,
3,355,16,True,89,13,{Towards the spatial analysis of motorway safety in the connected environment by using explainable deep learning},"Greguric, M and Vrbanic, F and Ivanjko, E",2023,KNOWLEDGE-BASED SYSTEMS,10.1016/j.knosys.2023.110523,"This study investigates the application of Connected and Automated Vehicles (CAVs) as moving sensors that transmit their speed and position in real-time for spatial analysis of motorway safety. Those data are used for the generation of image-alike inputs which describe the speed distribution over the entire motorway model in the form of heat-maps. Their labels are safety categories computed by using average Time-to-Collision (TTC). The Convolution Neural Network (CNN) is proposed to predict the category of safety based on the image-alike labeled dataset. Furthermore, Explainable Artificial Intelligence (xAI) is used to explain which segments of image-alike inputs are critical for the accurate prediction of safety. It is applied to selected inputs with the best learning performance and if they represent the undesirable safety categories. The study investigates the impact of various penetration rates of CAVs with the Intelligent Speed Adaptation (ISA) system on the spatial distribution of safety- critical regions. The higher penetration rates of the CAVs with the ISA system reduce the dispersion and intensity of critical regions computed by xAI over the entire motorway. Those regions are located at the most critical part of the analyzed motorway segment where the on-ramps flow interacts with the mainstream flow and its adjacent off-ramp. The higher penetration rate of CAVs with the ISA system induces a more consistent and localized distribution of critical regions regarding safety. Thus, this confirms that critical regions for safety categorization computed by xAI correspond with the motorway region with the most critical safety.(c) 2023 The Author(s). Published by Elsevier B.V. This is an open access article under the CC BY-NC-ND license (http://creativecommons.org/licenses/by-nc-nd/4.0/).",,0.6462661,0.44711262,0.35501665,0.427829,0.25,0.0,0.2222222222222222,,,,
3,763,26,True,89,13,{SMEMO: Social Memory for Trajectory Forecasting},"Marchetti, F and Becattini, F and Seidenari, L and Bimbo, A D",2024,IEEE transactions on pattern analysis and machine intelligence,10.1109/TPAMI.2024.3356755 LK - https://unimib.on.worldcat.org/atoztitles/link?sid=EMBASE&sid=EMBASE&issn=19393539&id=doi:10.1109%2FTPAMI.2024.3356755&atitle=SMEMO%3A+Social+Memory+for+Trajectory+Forecasting&stitle=IEEE+Trans+Pattern+Anal+Mach+Intell&title=IEEE+transactions+on+pattern+analysis+and+machine+intelligence&volume=46&issue=6&spage=4410&epage=4425&aulast=Marchetti&aufirst=Francesco&auinit=F.&aufull=Marchetti+F.&coden=&isbn=&pages=4410-4425&date=2024&auinit1=F&auinitm=,"Effective modeling of human interactions is of utmost importance when forecasting behaviors such as future trajectories. Each individual, with its motion, influences surrounding agents since everyone obeys to social non-written rules such as collision avoidance or group following. In this paper we model such interactions, which constantly evolve through time, by looking at the problem from an algorithmic point of view, i.e., as a data manipulation task. We present a neural network based on an end-to-end trainable working memory, which acts as an external storage where information about each agent can be continuously written, updated and recalled. We show that our method is capable of learning explainable cause-effect relationships between motions of different agents, obtaining state-of-the-art results on multiple trajectory forecasting datasets.","article,avoidance behavior,forecasting,human,learning,memory,working memory",0.6485726,0.4487083,0.38839477,0.45343924,0.125,0.08333333333333333,0.2222222222222222,,,,
3,891,28,True,89,13,{Crafted vs Learned Representations in Predictive Models—A Case Study on Cyclist Path Prediction},"Pool, E A I and Kooij, J F P and Gavrila, D M",2021,IEEE Transactions on Intelligent Vehicles,10.1109/TIV.2021.3064253,"This paper compares two models for context-based path prediction of objects with switching dynamics: a Dynamic Bayesian Network (DBN) and a Recurrent Neural Network (RNN). These models are instances of two larger model categories, distinguished by whether expert knowledge is explicitly crafted into the state representation (and thus is interpretable) or whether the representation is learned from data, respectively. Both have shown state-of-the-art performance in previous work. In order to provide a fair comparison, we ensure that both models are treated similarly with respect to the use of context cues and parameter estimation. Specifically, we describe (1) how to integrate the context cues (used previously by the DBN) into the RNN, and (2) how to optimize the DBN with back-propagation similar to the RNN, while keeping an interpretable state representation. Experiments are performed on a scenario where a cyclist might turn left at an intersection in front of the ego-vehicle. Results show that the RNN successfully leverages the context cues, and that optimizing the DBN improves its performance with respect to existing work. While the RNN outperforms the optimized DBN in predictive log-likelihood by a significant margin, both models attain similar average Euclidean distance errors (23–39 cm for DBN and 31–34 cm for RNN, predicting 1 s ahead).","Active safety,Context modeling,Intelligent vehicles,Motion control,Predictive control,Predictive models,Recurrent neural networks,Road transportation,Vehicle dynamics,Vehicle safety,motion prediction,vulnerable road users (VRUs)",0.70392114,0.4870006,0.3486309,0.43745345,0.125,0.08333333333333333,0.2222222222222222,,,,
3,1176,35,True,89,13,{An Efficient Deep Reinforcement Learning-based Car-following Method via Rule-constrained Data Augmentation},"Wang, X and Dai, B and Miao, Q and Nie, Y and Shang, E",2024,IEEE Transactions on Intelligent Vehicles,10.1109/TIV.2024.3367720,"This paper introduces a data augmentation method based on control theory and rule constraints, aiming to address the insufficient coverage issue in existing vehicle trajectory datasets. Grounded in control theory, the method combines the motion and safety rules of driving vehicles for data augmentation. It exhibits high interpretability, credibility, a minimal and controllable set of parameters, while maintaining physical feasibility. Additionally, a one-step Markov Decision Process is introduced to model the car following task as a short-term decision problem, adapting to unpredictable variations in the generated trajectories. Experimental results demonstrate that the proposed rule-constrained data augmentation method significantly enhances the model's performance in addressing car following issues, showcasing strong adaptability and generalization capabilities.","Adaptation models,Automobiles,Behavioral sciences,Car Following,Data Augmentation,Data augmentation,Data models,Deep Reinforcement Learning,Mathematical models,One-step MDP,Trajectory",0.69860864,0.48332524,0.32300174,0.41690347,0.125,0.25,0.1111111111111111,,,,
3,1424,46,True,89,13,{Monocular pedestrian orientation estimation based on deep 2D-3D feedforward},"Zhao, C and Qian, Y and Yang, M",2020,Pattern Recognition,10.1016/j.patcog.2019.107182,"Accurate pedestrian orientation estimation of autonomous driving helps the ego vehicle obtain the intentions of pedestrians in the related environment, which are the base of safety measures such as collision avoidance and prewarning. However, because of relatively small sizes and high-level deformation of pedestrians, common pedestrian orientation estimation models fail to extract sufficient and comprehensive information from them, thus having their performance restricted, especially monocular ones which fail to obtain depth information of objects and related environment. In this paper, a novel monocular pedestrian orientation estimation model, called FFNet, is proposed. Apart from camera captures, the model adds the 2D and 3D dimensions of pedestrians as two other inputs according to the logic relationship between orientation and them. The 2D and 3D dimensions of pedestrians are determined from the camera captures and further utilized through two feedforward links connected to the orientation estimator. The feedforward links strengthen the logicality and interpretability of the network structure of the proposed model. Experiments show that the proposed model has at least 1.72% AOS increase than most state-of-the-art models after identical training processes. The model also has competitive results in orientation estimation evaluation on KITTI dataset. {\textcopyright}2019","Autonomous driving,Cameras,Comprehensive information,Computer circuits,Depth information,Feed-Forward,Information feedforward,Logic relationship,Monocular vision,Network structures,Orientation estimation,Pedestrian safety",0.55246127,0.38221467,0.4027334,0.44016537,0.125,0.08333333333333333,0.1111111111111111,,,,
3,1479,50,True,89,13,{Knowledge transfer from simple to complex: A safe and efficient reinforcement learning framework for autonomous driving decision-making},"Zhou, R and Huang, J and Li, M and Li, H and Cao, H and Song, X",2025,Advanced Engineering Informatics,10.1016/j.aei.2025.103188,"A safe and efficient decision-making system is crucial for autonomous vehicles. However, the complexity of driving environments often limits the effectiveness of many rule-based and machine learning approaches. Reinforcement learning (RL), with its robust self-learning capabilities and adaptability to diverse environments, offers a promising solution. Despite this, concerns about safety and efficiency during the training phase have hindered its widespread adoption. To address these challenges, we propose a novel RL framework, Simple to Complex Collaborative Decision (S2CD), based on the Teacher–Student Framework (TSF) to facilitate safe and efficient knowledge transfer. In this approach, the teacher model is first trained rapidly in a lightweight simulation environment. During the training of the student model in more complex environments, the teacher evaluates the student's selected actions to prevent suboptimal behavior. Besides, to enhance performance further, we introduce an RL algorithm called Adaptive Clipping Proximal Policy Optimization Plus (ACPPO+), which combines samples from both teacher and student policies while utilizing dynamic clipping strategies based on sample importance. This approach improves sample efficiency and mitigates data imbalance. Additionally, Kullback–Leibler (KL) divergence is employed as a policy constraint to accelerate the student's learning process. A gradual weaning strategy is then used to enable the student to explore independently, overcoming the limitations of the teacher. Moreover, to provide model interpretability, the Layer-wise Relevance Propagation (LRP) technique is applied. Simulation experiments conducted in highway lane-change scenarios demonstrate that S2CD significantly enhances training efficiency and safety while reducing training costs. Even when guided by suboptimal teachers, the student consistently outperforms expectations, showcasing the robustness and effectiveness of the S2CD framework. {\textcopyright}2025","Adaptive clipping,Adversarial machine learning,Autonomous Vehicles,Autonomous vehicle,Autonomous vehicles,Contrastive Learning,Federated learning,Interpretability,Knowledge transfer,Learning frameworks,Personnel training,Reinforcement learning,Reinforcement learnings,Self-supervised learning,Simple++,Student framework,Students,Teacher-student framework,Teachers',Transfer learning",0.63540936,0.4396015,0.30370557,0.38663152,0.125,0.25,0.1111111111111111,,,,
3,2092,63,True,89,13,{Web Mining to Inform Locations of Charging Stations for Electric Vehicles},"Hummler, P and Naumzik, C and Feuerriegel, S and ACM",2022,,10.1145/3487553.3524264,"The availability of charging stations is an important factor for promoting electric vehicles (EVs) as a carbon-friendly way of transportation. Hence, for city planners, the crucial question is where to place charging stations so that they reach a large utilization. Here, we hypothesize that the utilization of EV charging stations is driven by the proximity to points-of-interest (POIs), as EV owners have a certain limited willingness to walk between charging stations and POIs. To address our research question, we propose the use of web mining: we characterize the influence of different POIs from OpenStreetMap on the utilization of charging stations. For this, we present a tailored interpretable model that takes into account the full spatial distributions of both the POIs and the charging stations. This allows us then to estimate the distance and magnitude of the influence of different POI types. We evaluate our model with data from approx. 300 charging stations and 4,000 POIs in Amsterdam, Netherlands. Our model achieves a superior performance over state-of-the-art baselines and, on top of that, is able to offer an unmatched level of interpretability. To the best of our knowledge, no previous paper has quantified the POI influence on charging station utilization from real-world usage data by estimating the spatial proximity in which POIs are relevant. As such, our findings help city planners in identifying effective locations for charging stations.",,0.45801747,0.31687474,0.43425393,0.44019482,0.125,0.08333333333333333,0.0,,,,
3,2340,70,True,89,13,{Learning Terminal State of the Trajectory Planner: Application for Collision Scenarios of Autonomous Vehicles},"Lim, J and Lee, K and Shin, J and Kum, D",2024,,10.1109/ICRA57147.2024.10611155,"Collision Avoidance/Mitigation System (CAMS) for autonomous vehicles is a crucial technology that ensures the safety and reliability of autonomous driving systems. Conventional collision avoidance approaches struggle in complex and various scenarios by avoiding collisions based on rules for specific collision scenarios. This has led to learning-based methods using neural networks for adaptive collision avoidance. However, the approaches directly outputting control inputs through neural networks have drawbacks in interpretability and stability. To address these limitations, we propose a trajectory planning method for CAMS that combines deep reinforcement learning (DRL) and quintic polynomial (QP) trajectory planning. The proposed method determines the terminal state and confidence of the trajectory using DRL and plans a QP trajectory based on them. By utilizing the terminal state and confidence of the trajectory rather than direct control inputs as the output of the neural network, it generates a more realistic and continuous path. Moreover, this approach considers collision avoidance and mitigation in an integrated manner through the reward function of RL. Our experimental results demonstrate that the proposed method not only improves interpretability and stability compared to existing learning-based methods but also upholds performance in complex and various collision scenarios.","Cams,Learning systems,Neural networks,Reliability,Safety,Trajectory,Trajectory planning",0.6919997,0.4787529,0.32701743,0.418263,0.125,0.08333333333333333,0.3333333333333333,,,,
3,2528,73,True,89,13,{Mining Points-of-Interest for Explaining Urban Phenomena: A Scalable Variational Inference Approach},"Naumzik, C and Zoechbauer, P and Feuerriegel, S",2020,,10.1145/3366423.3380298,"Points-of-interest (POIs; i.e., restaurants, bars, landmarks, and other entities) are common in web-mined data: they greatly explain the spatial distributions of urban phenomena. The conventional modeling approach relies upon feature engineering, yet it ignores the spatial structure among POIs. In order to overcome this shortcoming, the present paper proposes a novel spatial model for explaining spatial distributions based on web-mined POIs. Our key contributions are: (1) We present a rigorous yet highly interpretable formalization in order to model the influence of POIs on a given outcome variable. Specifically, we accommodate the spatial distributions of both the outcome and POIs. In our case, this modeled by the sum of latent Gaussian processes. (2) In contrast to previous literature, our model infers the influence of POIs without feature engineering, instead we model the influence of POIs via distance-weighted kernel functions with fully learnable parameterizations. (3) We propose a scalable learning algorithm based on sparse variational approximation. For this purpose, we derive a tailored evidence lower bound (ELBO) and, for appropriate likelihoods, we even show that an analytical expression can be obtained. This allows fast and accurate computation of the ELBO. Finally, the value of our approach for web mining is demonstrated in two real-world case studies. Our findings provide substantial improvements over state-of-the-art baselines with regard to both predictive and, in particular, explanatory performance. Altogether, this yields a novel spatial model for leveraging web-mined POIs. Within the context of location-based social networks, it promises an extensive range of new insights and use cases. {\textcopyright}2020 ACM.","Accurate computations,Analytical expressions,Approximation algorithms,Conventional modeling,Data mining,Feature engineerings,Gaussian Process,Location-based social networks,Point-of-Interest,Points of interest,Spatial Analytics,Spatial distribution,Variational Inference,Variational approximation,Variational inference,Web-Mined Location Data,World Wide Web",0.57394755,0.39707974,0.37918115,0.42787275,0.125,0.08333333333333333,0.1111111111111111,,,,
3,3045,85,True,89,13,"{Perceive, Attend, and Drive: Learning Spatial Attention for Safe Self-Driving}","Wei, B and Ren, M and Zeng, W and Liang, M and Yang, B and Urtasun, R",2021,,10.1109/ICRA48506.2021.9561904,"In this paper, we propose an end-to-end self-driving network featuring a sparse attention module that learns to automatically attend to important regions of the input. The attention module specifically targets motion planning, whereas prior literature only applied attention in perception tasks. Learning an attention mask directly targeted for motion planning significantly improves the planner safety by performing more focused computation. Furthermore, visualizing the attention improves interpretability of end-to-end self-driving.","Automation,Conferences,Logic gates,Planning,Safety,Trajectory,Visualization",0.7054975,0.48809117,0.28765893,0.39211857,0.125,0.08333333333333333,0.1111111111111111,,,,
4,374,3,True,64,9,{Explainable exercise recommendation with knowledge graph},"Guan, Q and Cheng, X and Xiao, F and Li, Z and He, C and Fang, L and Chen, G and Gong, Z and Luo, W",2025,Neural Networks,10.1016/j.neunet.2024.106954 LK - https://unimib.on.worldcat.org/atoztitles/link?sid=EMBASE&sid=EMBASE&issn=18792782&id=doi:10.1016%2Fj.neunet.2024.106954&atitle=Explainable+exercise+recommendation+with+knowledge+graph&stitle=Neural+Netw.&title=Neural+Networks&volume=183&issue=&spage=&epage=&aulast=Guan&aufirst=Quanlong&auinit=Q.&aufull=Guan+Q.&coden=NNETE&isbn=&pages=-&date=2025&auinit1=Q&auinitm=,"Recommending suitable exercises and providing the reasons for these recommendations is a highly valuable task, as it can significantly improve students' learning efficiency. Nevertheless, the extensive range of exercise resources and the diverse learning capacities of students present a notable difficulty in recommending exercises. Collaborative filtering approaches frequently have difficulties in recommending suitable exercises, whereas deep learning methods lack explanation, which restricts their practical use. To address these issue, this paper proposes KG4EER, an explainable exercise recommendation with a knowledge graph. KG4EER facilitates the matching of various students with suitable exercises and offers explanations for its recommendations. More precisely, a feature extraction module is introduced to represent students' learning features, and a knowledge graph is constructed to recommend exercises. This knowledge graph, which includes three primary entities — knowledge concepts, students, and exercises — and their interrelationships, serves to recommend suitable exercises. Extensive experiments conducted on three real-world datasets, coupled with expert interviews, establish the superiority of KG4EER over existing baseline methods and underscore its robust explainability.","article,deep learning,exercise,feature extraction,filtration,human,interview,knowledge,learning",0.7011786,0.48508364,0.30999738,0.4077927,0.125,0.08333333333333333,0.0,,,,
4,1046,11,True,64,9,{Time-and-Concept Enhanced Deep Multidimensional Item Response Theory for interpretable Knowledge Tracing},"Su, Y and Cheng, Z and Luo, P and Wu, J and Zhang, L and Liu, Q and Wang, S",2021,Knowledge-Based Systems,10.1016/j.knosys.2021.106819,"Knowledge Tracing (KT), namely tracking the knowledge conditions of each student across time, has always been challenging due to the latent and time-varying characteristics of knowledge states. Traditional psychometrical frameworks lack the ability to extract rich representations of exercises or examinees. Deep learning KT models have shown comparable performances, but uninterpretable model parameters have limited their applications. Furthermore, existing frameworks usually cannot handle temporal factors appropriately, as most of them simply apply stochastic processes to simulate fluctuations on knowledge states over time. In this paper, we propose a new framework named Time-and-Concept Enhanced Deep Multidimensional Item Response Theory (TC-MIRT) that integrates the parameters of a Multidimensional Item Response Theory into an improved recurrent neural network. Specifically, two enhanced components are constructed to empower our model with the ability to perform trend forecasting and to generate explainable parameters in each specific domain of knowledge. Experiments implemented on two real-world datasets show that our framework outperforms state-of-the-art KT approaches on performance prediction tasks. Moreover, extensive case analyses also demonstrate that the interpretable parameters of TC-MIRT can be used to evaluate the strengths and weaknesses of students. {\textcopyright}2021 Elsevier B.V.","Domain of knowledge,Interpretable machine learning,Item Response Theory,Item response theory,Knowledge Tracing,Knowledge tracings,Model parameters,Performance prediction,Random processes,Real-world datasets,Recurrent neural network,Recurrent neural networks,Stochastic systems,Time-varying characteristics,Trend forecasting",0.70271385,0.48614573,0.27394474,0.381137,0.25,0.08333333333333333,0.2222222222222222,,,,
4,1055,13,True,64,9,{Ensemble Knowledge Tracing: Modeling interactions in learning process},"Sun, J and Zou, R and Liang, R and Gao, L and Liu, S and Li, Q and Zhang, K and Jiang, L",2022,Expert Systems with Applications,10.1016/j.eswa.2022.117680,"Knowledge Tracing (KT) aims to continuously estimate students' evolving knowledge state during their learning process, which has attracted much research attention due to its potential for delivering personalized and optimal experiences to students in intelligent learning systems. The learning process is essentially the pairwise interactions of Students, Concepts, and Questions (S–C, S–Q, C–Q for short). Modeling all these interactions will improve the performance of KT. However, existing KT methods hardly exploit all the interactions in a single model. Specifically, Bayesian Knowledge Tracing (BKT) and most of its variants neglect C–Q; Deep Knowledge Tracing (DKT) and other deep neural network approaches mostly neglect S–Q and C–Q. We propose the Ensemble Knowledge Tracing (EnKT), which models all three types of interactions. The base model of EnKT is a hybrid of BKT and DKT. We also present an ensemble algorithm Recurrent Boosting (RB), which extends AdaBoost to deal with KT sequential data. Inspired by BKT, EnKT represents S–C and S–Q using learning and performance parameters, respectively. Besides, EnKT defines C–Q as the correlation complexity among the concepts involved in a question. Experiments show EnKT significantly outperforms state-of-the-art methods (by up to 6% in AUC in some cases) on four real-world benchmark datasets and illustrate better interpretability by several typical case studies. {\textcopyright}2022 Elsevier Ltd","Adaptive boosting,Bayesian knowledge tracings,Deep knowledge,Deep neural network,Deep neural networks,Intelligent learning systems,Knowledge Tracing,Knowledge state,Knowledge tracings,Learning interactions,Learning process,Learning systems,Model interaction,Students,Tracing model,User Modelling,User modeling",0.7676947,0.53110033,0.25396097,0.3823944,0.125,0.08333333333333333,0.2222222222222222,,,,
4,1307,17,True,64,9,{MAHKT: Knowledge tracing with multi-association heterogeneous graph embedding based on knowledge transfer},"Yang, H and Hu, J and Chen, J and Hu, S and Geng, J and Zhu, Q and Huang, T",2025,Knowledge-Based Systems,10.1016/j.knosys.2025.112958,"Knowledge Tracing (KT) is crucial in online education for tracing learners knowledge states and improving learning outcomes. However, existing graph-based KT models often focus solely on prerequisite associations among concepts or correlations between concepts and questions, neglecting the complex multi-association relationships among entities. This oversight causes biased question representations, which in turn affects the knowledge transfer propagation process, ultimately leading to inconsistencies between the represented and actual knowledge states. To address this, we propose multi-association heterogeneous knowledge transfer (MAHKT), a novel KT model that leverages multi-association heterogeneous graph embeddings based on knowledge-transfer principles, to better capture the evolution of knowledge states. Five types of associations were defined between questions and concepts to construct a multi-association heterogeneous graph, thereby proposing a knowledge triplet embedding method to extract the potential value of these associations. Grounded in near- and far-transfer theories, MAHKT employs a perception-attention mechanism to calculate similarity weights, propagates embeddings from first-order neighbors to capture near-transfer effects, and stacks propagation layers to aggregate far-transfer information, thereby comprehensively integrating richer knowledge from similar knowledge transfers across various association contexts. Finally, two LSTM modules were utilized to track the evolution of learner's knowledge states across questions and concepts, to predict their future performance. The experimental results show that MAHKT significantly outperformed existing KT methods, enhancing prediction accuracy and improving model interpretability in the knowledge transfer process. {\textcopyright}2025 Elsevier B.V.","Adversarial machine learning,Contrastive Learning,Federated learning,Graph embeddings,Heterogeneous Knowledge,Heterogeneous graph,Individualized education,Intelligent education,Intelligent educations,Knowledge graph,Knowledge state,Knowledge tracing,Knowledge tracings,Knowledge transfer,Tracing model,User Modelling,User modeling",0.6674551,0.46175337,0.28602272,0.3813808,0.125,0.08333333333333333,0.1111111111111111,,,,
4,2076,30,True,64,9,{Group-Level Cognitive Diagnosis: A Multi-Task Learning Perspective},"Huang, J and Liu, Q and Wang, F and Huang, Z and Fang, S and Wu, R and Chen, E and Su, Y and Wang, S",2021,,10.1109/ICDM51629.2021.00031,"Most cognitive diagnosis research in education has been concentrated on individual assessment, aiming at discovering the latent characteristics of students. However, in many real-world scenarios, group-level assessment is an important and meaningful task, e.g., class assessment in different regions can discover the difference of teaching level in different contexts. In this work, we consider assessing cognitive ability for a group of students, which aims to mine groups' proficiency on specific knowledge concepts. The significant challenge in this task is the sparsity of group-exercise response data, which seriously affects the assessment performance. Existing works either do not make effective use of additional student-exercise response data or fail to reasonably model the relationship between group ability and individual ability in different learning contexts, resulting in sub-optimal diagnosis results. To this end, we propose a general Multi-Task based Group-Level Cognitive Diagnosis (MGCD) framework, which is featured with three special designs: 1) We jointly model student-exercise responses and group-exercise responses in a multi-task manner to alleviate the sparsity of group-exercise responses; 2) We design a context-aware attention network to model the relationship between student knowledge state and group knowledge state in different contexts; 3) We model an interpretable cognitive layer to obtain student ability, group ability and exercise factors (e.g., difficulty), and then we leverage neural networks to learn complex interaction functions among them. Extensive experiments on real-world datasets demonstrate the generality of MGCD and the effectiveness of our attention design and multi-task learning.","Attention Mechanism,Conferences,Data Sparsity,Data mining,Data models,Education,Group-Level Cognitive Diagnosis,Knowledge engineering,Multi-Task Learning,Multitasking,Neural networks",0.6766312,0.4681015,0.29117393,0.38753825,0.125,0.08333333333333333,0.3333333333333333,,,,
4,2087,31,True,64,9,{That's What RoBERTa Said: Explainable Classification of Peer Feedback},"Huang, K and {Ferreira Mello}, R and {Pereira Junior}, C and Rodrigues, L and Baars, M and Viberg, O",2025,,10.1145/3706468.3706526,"Peer feedback (PF) is essential for improving student learning outcomes, particularly in Computer-Supported Collaborative Learning (CSCL) settings. When using digital tools for PF practices, student data (e.g., PF text entries) is generated automatically. Analyzing these large datasets can enhance our understanding of how students learn and help improve their learning. However, manually processing these large datasets is time-intensive, highlighting the need for automation. This study investigates the use of six machine learning models to classify PF messages from 231 students in a large university course. The models include Multi-Layer Perceptron (MLP), Decision Tree, BERT, RoBERTa, DistilBERT, and ChatGPT4o. The models were evaluated based on Cohen's accuracy and F1-score. Preprocessing involved removing stop words, and the impact of this on model performance was assessed. Results showed that only the Decision Tree model improved with stop-word removal, while performance decreased in the other models. RoBERTa consistently outperformed the others across all metrics. Explainable AI was used to understand RoBERTa's decisions by identifying the most predictive words. This study contributes to the automatic classification of peer feedback which is crucial for scaling learning analytics efforts aiming to provide better in-time support to students in CSCL settings. {\textcopyright}2025 Copyright held by the owner/author(s).","Adversarial machine learning,Computer Supported Collaborative Learning,Computer Supported Collaborative Learning.,Computer supported collaborative learning.,Contrastive Learning,Decision trees,Explainable artificial intelligence,Federated learning,High educations,Higher Education,Large datasets,Learning settings,Machine Learning,Machine-learning,Peer feedback,Stop word,Student learning outcomes,Students",0.6344403,0.43891335,0.42270184,0.47563645,0.125,0.08333333333333333,0.1111111111111111,,,,
4,2187,32,True,64,9,{Charting the Design and Analytics Agenda of Learnersourcing Systems},"Khosravi, H and Demartini, G and Sadiq, S and Gasevic, D and Machinery, Assoc Comp",2021,,10.1145/3448139.3448143,"Learnersourcing is emerging as a viable learner-centred and pedagogically justified approach for harnessing the creativity and evaluation power of learners as experts-in-training. Despite the increasing adoption of learnersourcing in higher education, understanding students' behaviour while engaged in learnersourcing and best practices for the design and development of learnersourcing systems are still largely under-researched. This paper offers data-driven reflections and lessons learned from the development and deployment of a learnersourcing adaptive educational system called RiPPLE, which to date, has been used in more than 50-course offerings with over 12,000 students. Our reflections are categorised into examples and best practices on (1) assessing the quality of students' contributions using accurate, explainable and fair approaches to data analysis, (2) incentivising students to develop high-quality contributions and (3) empowering instructors with actionable and explainable insights to guide student learning. We discuss the implications of these findings and how they may contribute to the growing literature on the development of effective learnersourcing systems and more broadly technological educational solutions that support learner-centred learning at scale.",,0.51611364,0.35705355,0.40680712,0.43413374,0.125,0.0,0.0,,,,
4,2298,35,True,64,9,{PST: Measuring Skill Proficiency in Programming Exercise Process via Programming Skill Tracing},"Li, R X and Yin, Y and Dai, L and Shen, S H and Lin, X and Su, Y and Chen, E H and ACM",2022,,10.1145/3477495.3531903,"Programming has become an important skill for individuals nowadays. For the demand to improve personal programming skill, tracking programming skill proficiency is getting more and more important. However, few researchers pay attention to measuring the programming skill of learners. Most of existing studies on learner capability portrait only made use of the exercise results, while the rich behavioral information contained in programming exercise process remains unused. Therefore, we propose a model that measures skill proficiency in programming exercise process named Programming Skill Tracing (PST). We designed Code Information Graph (CIG) to represent the feature of learners' solution code, and Code Tracing Graph (CTG) to measure the changes between the adjacent submissions. Furthermore, we divided programming skill into programming knowledge and coding ability to get more fine-grained assessment. Finally, we conducted various experiments to verify the effectiveness and interpretability of our PST model.",,0.59182715,0.40943304,0.34369206,0.40572584,0.125,0.08333333333333333,0.0,,,,
4,2304,37,True,64,9,{Unpacking Instructors' Analytics Use: Two Distinct Profiles for Informing Teaching},"Li, Q J and Jung, Y and D'Anjou, B and Wise, A F and Machinery, Assoc Comp",2022,,10.1145/3506860.3506905,"This study addresses the gap in knowledge about differences in how instructors use analytics to inform teaching by examining the ways that thirteen college instructors engaged with a set of university-provided analytics. Using multiple walk-through interviews with the instructors and qualitative inductive coding, two profiles of instructor analytics use were identified that were distinct from each other in terms of the goals of analytics use, how instructors made sense of and took actions upon the analytics, and the ways that ethical concerns were conceived. Specifically, one group of instructors used analytics to help students get aligned to and engaged in the course, whereas the other group used analytics to align the course to meet students' needs. Instructors in both profiles saw ethical questions as central to their learning analytics use, with instructors in one profile focusing on transparency and the other on student privacy and agency. These findings suggest the need to view analytics use as an integrated component of instructor teaching practices and envision complementary sets of technical and pedagogical support that can best facilitate the distinct activities aligned with each profile.",,0.38188964,0.2641958,0.2786523,0.30446166,0.125,0.08333333333333333,0.0,,,,
5,167,3,True,57,8,{Financial time series forecasting with multi-modality graph neural network},"Cheng, D and Yang, F and Xiang, S and Liu, J",2022,Pattern Recognition,10.1016/j.patcog.2021.108218,"Financial time series analysis plays a central role in hedging market risks and optimizing investment decisions. This is a challenging task as the problems are always accompanied by multi-modality streams and lead-lag effects. For example, the price movements of stock are reflections of complicated market states in different diffusion speeds, including historical price series, media news, associated events, etc. Furthermore, the financial industry requires forecasting models to be interpretable and compliant. Therefore, in this paper, we propose a multi-modality graph neural network (MAGNN) to learn from these multimodal inputs for financial time series prediction. The heterogeneous graph network is constructed by the sources as nodes and relations in our financial knowledge graph as edges. To ensure the model interpretability, we leverage a two-phase attention mechanism for joint optimization, allowing end-users to investigate the importance of inner-modality and inter-modality sources. Extensive experiments on real-world datasets demonstrate the superior performance of MAGNN in financial market prediction. Our method provides investors with a profitable as well as interpretable option and enables them to make informed investment decisions. {\textcopyright}2021 Elsevier Ltd","Commerce,Deep learning,Deep neural networks,Financial time series,Financial time series forecasting,Forecasting,Graph attention,Graph neural network,Graph neural networks,Investment decisions,Investments,Knowledge management,Market risks,Multi-modality,Quantitative investment,Risk assessment,Time series analysis,Time-series analysis",0.691311,0.44233748,0.30337596,0.40035972,0.125,0.08333333333333333,0.2222222222222222,,,,
5,343,9,True,57,8,{Thresholded ConvNet ensembles: neural networks for technical forecasting},"Ghoshal, S and Roberts, S",2020,Neural Computing and Applications,10.1007/s00521-020-04877-9,"Much of modern practice in financial forecasting relies on technicals, an umbrella term for several heuristics applying visual pattern recognition to price charts. Despite its ubiquity in financial media, the reliability of its signals remains a contentious and highly subjective form of ‘domain knowledge'. We investigate the predictive value of patterns in financial time series, applying machine learning and signal processing techniques to 22 years of US equity data. By reframing technical analysis as a poorly specified, arbitrarily preset feature-extractive layer in a deep neural network, we show that better convolutional filters can be learned directly from the data, and provide visual representations of the features being identified. We find that an ensemble of shallow, thresholded convolutional neural networks optimised over different resolutions achieves state-of-the-art performance on this domain, outperforming technical methods while retaining some of their interpretability. {\textcopyright}2020, The Author(s).","Convolution,Convolutional neural networks,Deep neural networks,Different resolutions,Finance,Financial data processing,Financial forecasting,Financial time series,Machine learning,Multilayer neural networks,Pattern recognition,Signal processing,Signal processing technique,State-of-the-art performance,Technical analysis,Visual pattern recognition,Visual representations",0.6942773,0.44423538,0.3233059,0.41604877,0.125,0.08333333333333333,0.3333333333333333,,,,
5,842,19,True,57,8,{Explainability in supply chain operational risk management: A systematic literature review},"Nimmy, S F and Hussain, O K and Chakrabortty, R K and Hussain, F K and Saberi, M",2022,KNOWLEDGE-BASED SYSTEMS,10.1016/j.knosys.2021.107587,"It is important to manage operational disruptions to ensure the success of supply chain operations. To achieve this aim, researchers have developed techniques that determine the occurrence of operational risk events which assists supply chain operational risk managers develop plans to manage them by de-tection/monitoring, mitigation/management, or optimization techniques. Various artificial intelligence (AI) approaches have been used to develop such techniques in the broad activities of operational risk management. However, all of these techniques are black box in their working nature. This means that the chosen technique cannot explain why it has given that output and whether it is correct and free from bias. To address this, researchers argue the need for supply chain management professionals to move towards using explainable AI methods for operational risk management. In this paper, we conduct a systematic literature review on the techniques used to determine operational risks and analyse whether they satisfy the requirement of them being explainable. The findings highlight the shortcomings and inspires directions for future research. From a managerial perspective, the paper encourages risk managers to choose techniques for supply chain operational risk management that can be auditable as this will ensure that the risk managers know why they should take a particular risk management action rather than just what they should do to manage the operational risks. (C) 2021 Elsevier B.V. All rights reserved.",,0.4904894,0.31384116,0.45122468,0.46104085,0.125,0.0,0.0,,,,
5,1070,24,True,57,8,"{AI-driven churn prediction in subscription services: addressing economic metrics, data transparency, and customer interdependence}","Talaat, F M and Aljadani, A",2025,Neural Computing and Applications,10.1007/s00521-025-11027-6,"This study aims to improve customer churn prediction by integrating machine learning algorithms and evaluating their performance using criteria like accuracy, profit, and Customer Lifetime Value (CLV). Using a Telecom Customer Churn Prediction dataset, the study analyzes the efficiency of various models such as XGBoost, Linear Regression, Decision Tree Regressor, Lasso, Random Forest, and Gradient Boosting Regressor. This study introduces an Adaptive Profit-Centric Churn Prediction Engine (APCPE), an innovative churn prediction system that evaluates profitability and adapts to changing customer behavior. Each model's accuracy, profit, and CLV are assessed, revealing that the proposed APCPE is the most accurate model, with a 97.01% accuracy rate, a profit of $606.3125, and a CLV of $1212.625. Convergence curves, including R2 convergence curves, show the model's performance and convergence rates for each algorithm. Convergence curves, including R2 convergence curves, show the model's performance and convergence rates for each algorithm. The study digs deeper into interdependence modeling, which involves finding and measuring consumer interactions or dependencies such as social network linkages and product co-occurrence. The study adds insights into modeling customer behavior dependencies and their impact on churn prediction, providing a holistic approach to improving corporate tactics for customer retention. {\textcopyright}The Author(s), under exclusive licence to Springer-Verlag London Ltd., part of Springer Nature 2025.","Adaptive boosting,Artificial intelligence,Churn predictions,Convergence rates,Customer behavior,Customer churn prediction,Customer lifetime value,Customer satisfaction,Decision trees,Dynamic customer behavior,Linear regression,Performance,Prediction engines,Prediction models,Predictive modeling,Predictive models,Sales,Voluntary churn",0.60496175,0.38708663,0.46260977,0.49819776,0.125,0.08333333333333333,0.1111111111111111,,,,
5,1393,32,True,57,8,"{Consumer credit risk assessment: A review from the state-of-the-art classification algorithms, data traits, and learning methods}","Zhang, X M and Yu, L",2024,EXPERT SYSTEMS WITH APPLICATIONS,10.1016/j.eswa.2023.121484,"Credit risk assessment is a crucial element in credit risk management. With the extensive research on consumer credit risk assessment in recent decades, the abundance of literature on this topic can be overwhelming for researchers. Therefore, this article aims to provide a more systematic and comprehensive analysis from three perspectives: classification algorithms, data traits, and learning methods. Firstly, the state-of-the-art classification algorithms are categorized into traditional single classifiers, intelligent single classifiers, hybrid and ensemble multiple classifiers. Secondly, considering the diversity of data traits in the credit dataset, data traits are divided into external structure information traits, data quality traits, data quantity traits, and internal information traits. Data traits-driven modeling framework based on multiple classifiers is proposed for solving credit risk assessment. Thirdly, considering the differences in data modeling methods, learning methods are classified into data status, label status, and structure form. Furthermore, model interpretability, model bias, model multi-pattern, and model fairness are discussed. Finally, the limitations and future research directions are presented. This review article serves as a helpful guide for researchers and practitioners in the field of credit risk modeling and analysis.",,0.6783012,0.4340131,0.2733261,0.3745699,0.125,0.0,0.0,,,,
5,1686,37,True,57,8,{Constructing Noise Free Economic Policy Uncertainty Index},"Chen, C C and Huang, H H and Huang, Y L and Chen, H H and ACM",2021,,10.1145/3459637.3482075,"The economic policy uncertainty (EPU) index is one of the important text-based indexes in finance and economics fields. The EPU indexes of more than 26 countries have been constructed to reflect the policy uncertainty on country-level economic environments and serve as an important economic leading indicator. The EPU indexes are calculated based on the number of news articles with some manually-selected keywords related to economic, uncertainty, and policy. We find that the keyword-based EPU indexes contain noise, which will influence their explainability and predictability. In our experimental dataset, over 40% of news articles with the selected keywords are not related to the EPU. Instead of using keywords only, our proposed models take contextual information into account and get good performance on identifying the articles unrelated to EPU. The noise free EPU index performs better than the keyword-based EPU index in both explainability and predictability.",,0.50032794,0.32013637,0.46878028,0.4766672,0.125,0.0,0.0,,,,
5,2818,51,True,57,8,{Applying Machine Learning to Risk Assessment in Software Projects},"Sousa, A and Faria, J P and Mendes-Moreira, J and Gomes, D and Henriques, P C and Gra{\c{c}}a, R",2021,,10.1007/978-3-030-93733-1_7,"Risk management is one of the ten knowledge areas discussed in the Project Management Body of Knowledge (PMBOK), which serves as a guide that should be followed to increase the chances of project success. The popularity of research regarding the application of risk management in software projects has been consistently growing in recent years, especially with the application of machine learning techniques to help identify risk levels of risk factors of a project before its development begins, with the goal of improving the likelihood of success of these projects. This paper presents the results of the application of machine learning techniques for risk assessment in software projects. A Python application was developed and, using Scikit-learn, two machine learning models, trained using software project risk data shared by a partner company of this project, were created to predict risk impact and likelihood levels on a scale of 1 to 3. Different algorithms were tested to compare the results obtained by high performance but non-interpretable algorithms (e.g., Support Vector Machine) and the ones obtained by interpretable algorithms (e.g., Random Forest), whose performance tends to be lower than their non-interpretable counterparts. The results showed that Support Vector Machine and Naive Bayes were the best performing algorithms. Support Vector Machine had an accuracy of 69% in predicting impact levels, and Naive Bayes had an accuracy of 63% in predicting likelihood levels, but the results presented in other evaluation metrics (e.g., AUC, Precision) show the potential of the approach presented in this use case.",,0.5826357,0.3728012,0.35675573,0.4132257,0.125,0.08333333333333333,0.0,,,,
5,3346,56,True,57,8,{Modeling Users' Behavior Sequences with Hierarchical Explainable Network for Cross-domain Fraud Detection},"Zhu, Y and Xi, D and Song, B and Zhuang, F and Chen, S and Gu, X and He, Q",2020,,10.1145/3366423.3380172,"With the explosive growth of the e-commerce industry, detecting online transaction fraud in real-world applications has become increasingly important to the development of e-commerce platforms. The sequential behavior history of users provides useful information in differentiating fraudulent payments from regular ones. Recently, some approaches have been proposed to solve this sequence-based fraud detection problem. However, these methods usually suffer from two problems: the prediction results are difficult to explain and the exploitation of the internal information of behaviors is insufficient. To tackle the above two problems, we propose a Hierarchical Explainable Network (HEN) to model users' behavior sequences, which could not only improve the performance of fraud detection but also make the inference process interpretable. Meanwhile, as e-commerce business expands to new domains, e.g., new countries or new markets, one major problem for modeling user behavior in fraud detection systems is the limitation of data collection, e.g., very few data/labels available. Thus, in this paper, we further propose a transfer framework to tackle the cross-domain fraud detection problem, which aims to transfer knowledge from existing domains (source domains) with enough and mature data to improve the performance in the new domain (target domain). Our proposed method is a general transfer framework that could not only be applied upon HEN but also various existing models in the Embedding & MLP paradigm. By utilizing data from a world-leading cross-border e-commerce platform, we conduct extensive experiments in detecting card-stolen transaction frauds in different countries to demonstrate the superior performance of HEN. Besides, based on 90 transfer task experiments, we also demonstrate that our transfer framework could not only contribute to the cross-domain fraud detection task with HEN, but also be universal and expandable for various existing models. Moreover, HEN and the transfer framework form three-level attention which greatly increases the explainability of the detection results. {\textcopyright}2020 ACM.","Behavior sequences,Behavioral research,Crime,Data collection,E-commerce business,Electronic commerce,Existing domains,Explainable,Explosive growth,Fraud Detection,Fraud detection system,Hierarchical,Inference process,Online transaction,Transfer,World Wide Web",0.58503723,0.37433785,0.33963096,0.40098253,0.25,0.08333333333333333,0.1111111111111111,,,,
6,813,9,True,47,7,{How (not?) to quote a proverb: The role of figurative quotations and allusions in political discourse},"Musolff, A",2020,Journal of Pragmatics,10.1016/j.pragma.2019.10.011,"Can a proverb be quoted against itself? Since its introduction into the British “Brexit” debate in early 2016, the proverbial notion of “having one's cake and eat it” has had its meaning temporarily turned upside down from exposing the absurdity of wishing to consume and still retain the same goods or privileges, to serve as a reassuring promise (i.e., that in withdrawing from the EU, the UK could hold on to all or most of the membership benefits whilst shedding its obligations, which would equal ‘having one's cake and eating it'). Using a corpus of 180 + British media texts containing varying applications of the proverb, this article charts its pragmatic development 2016–19 and discusses the conditions of its change from an ironical condemnation into a reassuring promise (and back). We identify a metaphorical scenario with strongly implicated evaluations as a necessary condition for the interpretability of the proverb's metarepresentations and analyse the emergence of competing scenario versions with reference to an iteration of ironical metarepresentations, which leads to a ‘layering' of metarepresentations. In conclusion, we propose to include discourse-historical knowledge in the notion of metarepresentation. {\textcopyright}2019 Elsevier B.V.","Discourse history,Irony,Metaphor,Metarepresentation,Proverb,Quotation,Scenario",0.2971763,0.19868086,0.6670437,0.57457685,0.125,0.08333333333333333,0.1111111111111111,,,,
6,1141,12,True,47,7,{Crowdsourcing the perceived urban built environment via social media: The case of underutilized land},"Wang, Y and Gao, S and Li, N and Yu, S",2021,Advanced Engineering Informatics,10.1016/j.aei.2021.101371,"Crowdsourcing the public's perceptions of the built environment in real time enables more responsive and agile infrastructure and land use planning. Social media has emerged to be an effective platform for citizens, engineers, and planners to communicate opinions and feelings transparently. However, a comprehensive terminological resource of the perceived built environment (BE) for consistent data collection and a specified analytical framework are still lacking, particularly for different underutilized land issues. To fill this knowledge gap, we demonstrate a BE-specific term construction and expansion method specifically for collecting Twitter data and propose a Geo-Topic-Sentiment analytical framework for retrieving and analyzing relevant tweets. We conduct a demonstrative study on un(der)utilized land-related BE terms across ten metropolitan statistical areas in the U.S. Findings reveal spatial variations in contents and sentiments about underutilized land environments, and more localized efforts may be required to address specific land use issues across different urban contexts. The research demonstrates Twitter as a useful platform in crowdsourcing perceived BE and sentiments at fine temporal and spatial scales in a timely manner. It contributes to engineering informatics by investigating the role of social media in environmental planning and proposing integrated domain-specific data analytic approaches for engineering practices. {\textcopyright}2021 Elsevier Ltd","Analytic approach,Built environment,Crowdsourcing,Data acquisition,Engineering informatics,Engineering practices,Environmental planning,Land Use Planning,Land environments,Land use,Sentiment analysis,Social media,Social networking (online),Spatial variations,Temporal and spatial scale,Underutilized land,Urban analytics",0.49927956,0.33379942,0.37078023,0.40290505,0.125,0.08333333333333333,0.1111111111111111,,,,
6,1822,20,True,47,7,{Unveiling Implicit Deceptive Patterns in Multi-Modal Fake News via Neuro-Symbolic Reasoning},"Dong, Y and He, D and Wang, X and Jin, Y and Ge, M and Yang, C and Jin, D",2024,,10.1609/aaai.v38i8.28677,"In the current Internet landscape, the rampant spread of fake news, particularly in the form of multi-modal content, poses a great social threat. While automatic multi-modal fake news detection methods have shown promising results, the lack of explainability remains a significant challenge. Existing approaches provide superficial explainability by displaying learned important components or views from well-trained networks, but they often fail to uncover the implicit deceptive patterns that reveal how fake news is fabricated. To address this limitation, we begin by predefining three typical deceptive patterns, namely image manipulation, cross-modal inconsistency, and image repurposing, which shed light on the mechanisms underlying fake news fabrication. Then, we propose a novel Neuro-Symbolic Latent Model called NSLM, that not only derives accurate judgments on the veracity of news but also uncovers the implicit deceptive patterns as explanations. Specifically, the existence of each deceptive pattern is expressed as a two-valued learnable latent variable, which is acquired through amortized variational inference and weak supervision based on symbolic logic rules. Additionally, we devise pseudo-siamese networks to capture distinct deceptive patterns effectively. Experimental results on two real-world datasets demonstrate that our NSLM achieves the best performance in fake news detection while providing insightful explanations of deceptive patterns. Copyright {\textcopyright}2024, Association for the Advancement of Artificial Intelligence (www.aaai.org). All rights reserved.","'current,Artificial intelligence,Cross-modal,Detection methods,Fake detection,Image manipulation,Latent models,Latent variable,Multi-modal,Repurposing,Symbolic reasoning,Variational inference",0.69369245,0.46377656,0.36451644,0.44681042,0.125,0.3333333333333333,0.1111111111111111,,,,
6,2017,23,True,47,7,{Simplistic Collection and Labeling Practices Limit the Utility of Benchmark Datasets for Twitter Bot Detection},"Hays, C and Schutzman, Z and Raghavan, M and Walk, E and Zimmer, P",2023,,10.1145/3543507.3583214,"Accurate bot detection is necessary for the safety and integrity of online platforms. It is also crucial for research on the influence of bots in elections, the spread of misinformation, and financial market manipulation. Platforms deploy infrastructure to flag or remove automated accounts, but their tools and data are not publicly available. Thus, the public must rely on third-party bot detection. These tools employ machine learning and often achieve near-perfect performance for classification on existing datasets, suggesting bot detection is accurate, reliable and fit for use in downstream applications. We provide evidence that this is not the case and show that high performance is attributable to limitations in dataset collection and labeling rather than sophistication of the tools. Specifically, we show that simple decision rules - shallow decision trees trained on a small number of features - achieve near-state-of-the-art performance on most available datasets and that bot detection datasets, even when combined together, do not generalize well to out-of-sample datasets. Our findings reveal that predictions are highly dependent on each dataset's collection and labeling procedures rather than fundamental differences between bots and humans. These results have important implications for both transparency in sampling and labeling procedures and potential biases in research using existing bot detection tools for pre-processing. {\textcopyright}2023 Owner/Author.","Benchmark datasets,Bot detections,Botnet,Classification (of information),Decision trees,Labeling procedures,Labelings,Machine-learning,Market manipulation,Online platforms,Performance,Social media,Social networking (online),Third parties,bot detection",0.67070323,0.4484068,0.3518499,0.43156326,0.125,0.16666666666666666,0.1111111111111111,,,,
6,2537,31,True,47,7,{FactCatch: Incremental Pay-as-You-Go Fact Checking with Minimal User Effort},"Nguyen, T T and Weidlich, M and Yin, H Z and Zheng, B L and Nguyen, Q H and Nguyen, Q V H and ACM",2020,,10.1145/3397271.3401408,"The open nature of the Web enables users to produce and propagate any content without authentication, which has been exploited to spread thousands of unverified claims via millions of online documents. Maintenance of credible knowledge bases thus has to rely on fact checking that constructs a trusted set of facts through credibility assessment. Due to an inherent lack of ground truth information and language ambiguity, fact checking cannot be done in a purely automated manner without compromising accuracy. However, state-of-the-art fact checking services, rely mostly on human validation, which is costly, slow, and non-transparent. This paper presents FactCatch, a human-in-the-loop system to guide users in fact checking that aims at minimisation of the invested effort. It supports incremental quality estimation, mistake mitigation, and pay-as-you-go instantiation of a high-quality fact database.",,0.5731735,0.38320217,0.31930017,0.3827685,0.125,0.08333333333333333,0.0,,,,
6,2797,35,True,47,7,{Promoting Gender Equality through Gender-biased Language Analysis in Social Media},"Singh, G and Ghosh, S and Ekbal, A",2023,,10.24963/ijcai.2023/689,"Gender bias is a pervasive issue that impacts women's and marginalized groups' ability to fully participate in social, economic, and political spheres. This study introduces a novel problem of Gender-biased Language Identification and Extraction (GLIdE) from social media interactions and develops a multi-task deep framework that detects gender-biased content and identifies connected causal phrases from the text using emotional information that is present in the input. The method uses a zero-shot strategy with emotional information and a mechanism to represent gender-stereotyped information as a knowledge graph. In this work, we also introduce the first-of-its-kind Gender-biased Analysis Corpus (GAC) of 12,432 social media posts and improve the best-performing baseline for gender-biased language identification and extraction tasks by margins of 4.88% and 5 ROS points, demonstrating this through empirical evaluation and extensive qualitative analysis. By improving the accuracy of identifying and analyzing gender-biased language, this work can contribute to achieving gender equality and promoting inclusive societies, in line with the United Nations Sustainable Development Goals (UN SDGs) and the Leave No One Behind principle (LNOB). We adhere to the principles of transparency and collaboration in line with the UN SDGs by openly sharing our code and dataset. {\textcopyright}2023 International Joint Conferences on Artificial Intelligence. All rights reserved.","Emotional information,Extraction,Gender bias,Gender equality,Knowledge graph,Language analysis,Language identification,Multi tasks,Natural language processing systems,Shot strategy,Social media,Social networking (online),Social-economic,United Nations,Zero-shot learning",0.5875528,0.39281553,0.42948902,0.46900496,0.125,0.08333333333333333,0.1111111111111111,,,,
6,3360,46,True,47,7,{Propagation Structure-Aware Graph Transformer for Robust and Interpretable Fake News Detection},"Zhu, J and Gao, C and Yin, Z and Li, X and Kurths, J",2024,,10.1145/3637528.3672024,"The rise of social media has intensified fake news risks, prompting a growing focus on leveraging graph learning methods such as graph neural networks (GNNs) to understand post-spread patterns of news. However, existing methods often produce less robust and interpretable results as they assume that all information within the propagation graph is relevant to the news item, without adequately eliminating noise from engaged users. Furthermore, they inadequately capture intricate patterns inherent in long-sequence dependencies of news propagation due to their use of shallow GNNs aimed at avoiding the over-smoothing issue, consequently diminishing their overall accuracy. In this paper, we address these issues by proposing the Propagation Structure-aware Graph Transformer (PSGT). Specifically, to filter out noise from users within propagation graphs, PSGT first designs a noise-reduction self-attention mechanism based on the information bottleneck principle, aiming to minimize or completely remove the noise attention links among task-irrelevant users. Moreover, to capture multi-scale propagation structures while considering long-sequence features, we present a novel relational propagation graph as a position encoding for the graph Transformer, enabling the model to capture both propagation depth and distance relationships of users. Extensive experiments demonstrate the effectiveness, interpretability, and robustness of our PSGT. {\textcopyright}2024 Copyright held by the owner/author(s). Publication rights licensed to ACM.","AS graph,Fake news detection,Graph neural networks,Graph transformer,Knowledge graph,Learning methods,Long sequences,Propagation graph,Social media,Social network,Structure-aware,fake news detection,graph transformer,social networks",0.63186693,0.42244238,0.3499155,0.42040336,0.125,0.08333333333333333,0.2222222222222222,,,,
7,172,4,True,43,6,{Stable feature selection utilizing Graph Convolutional Neural Network and Layer-wise Relevance Propagation for biomarker discovery in breast cancer},"Chereda, H and Leha, A and Bei{\ss}barth, T",2024,Artificial Intelligence in Medicine,10.1016/j.artmed.2024.102840 LK - https://unimib.on.worldcat.org/atoztitles/link?sid=EMBASE&sid=EMBASE&issn=18732860&id=doi:10.1016%2Fj.artmed.2024.102840&atitle=Stable+feature+selection+utilizing+Graph+Convolutional+Neural+Network+and+Layer-wise+Relevance+Propagation+for+biomarker+discovery+in+breast+cancer&stitle=Artif.+Intell.+Med.&title=Artificial+Intelligence+in+Medicine&volume=151&issue=&spage=&epage=&aulast=Chereda&aufirst=Hryhorii&auinit=H.&aufull=Chereda+H.&coden=AIMEE&isbn=&pages=-&date=2024&auinit1=H&auinitm=,"High-throughput technologies are becoming increasingly important in discovering prognostic biomarkers and in identifying novel drug targets. With Mammaprint, Oncotype DX, and many other prognostic molecular signatures breast cancer is one of the paradigmatic examples of the utility of high-throughput data to deliver prognostic biomarkers, that can be represented in a form of a rather short gene list. Such gene lists can be obtained as a set of features (genes) that are important for the decisions of a Machine Learning (ML) method applied to high-dimensional gene expression data. Several studies have identified predictive gene lists for patient prognosis in breast cancer, but these lists are unstable and have only a few genes in common. Instability of feature selection impedes biological interpretability: genes that are relevant for cancer pathology should be members of any predictive gene list obtained for the same clinical type of patients. Stability and interpretability of selected features can be improved by including information on molecular networks in ML methods. Graph Convolutional Neural Network (GCNN) is a contemporary deep learning approach applicable to gene expression data structured by a prior knowledge molecular network. Layer-wise Relevance Propagation (LRP) and SHapley Additive exPlanations (SHAP) are methods to explain individual decisions of deep learning models. We used both GCNN+LRP and GCNN+SHAP techniques to construct feature sets by aggregating individual explanations. We suggest a methodology to systematically and quantitatively analyze the stability, the impact on the classification performance, and the interpretability of the selected feature sets. We used this methodology to compare GCNN+LRP to GCNN+SHAP and to more classical ML-based feature selection approaches. Utilizing a large breast cancer gene expression dataset we show that, while feature selection with SHAP is useful in applications where selected features have to be impactful for classification performance, among all studied methods GCNN+LRP delivers the most stable (reproducible) and interpretable gene lists.","Shapley additive explanation,article,breast cancer,convolutional neural network,deep learning,feature selection,gene expression,graph convolutional neural network,high throughput technology,layer wise relevance propagation model,machine learning,model,tumor gene,tumor marker",0.70188904,0.4845896,0.26748753,0.3760879,0.125,0.08333333333333333,0.3333333333333333,,,,
7,208,5,True,43,6,{Enhancing transparency of omics data analysis with the Evolutionary Multi-Test Tree and Relative Expression},"Czajkowski, M and Jurczuk, K and Kretowski, M",2025,Expert Systems with Applications,10.1016/j.eswa.2025.127131,"This paper presents a novel classification algorithm for multi-omics data, called Evolutionary Multi-Test Tree with Relative Expression (EMTTree+RX). The innovation lies in the model's design, which integrates multi-test decision nodes with Relative Expression Analysis (RXA). Each decision node combines traditional univariate tests and top-scoring pair (TSP) comparisons, allowing the algorithm to capture complex relationships between features without relying solely on absolute values. This approach enables the proposed method to detect subtle patterns across various omics layers while maintaining a high level of interpretability, a feature crucial for clinical and bioinformatics applications. The tree structure is induced through Evolutionary Algorithms (EA), optimizing both the global architecture and local multi-test nodes to balance classification accuracy, test diversity, and feature cost. Applied to large-scale multi-omics datasets, where conventional decision tree methods often struggle with underfitting or overfitting, the proposed method consistently outperforms traditional models in terms of accuracy and transparency. This makes it a valuable tool for precision medicine and multi-modal data integration. {\textcopyright}2025 Elsevier Ltd","'omics',Classification algorithm,Complex relationships,Data accuracy,Decision trees,Evolutionary algorithms,Expression analysis,Modeling designs,Multi-omic,Multi-omics,Pair comparisons,Relative Expression Analysis,Relative expression analyze,Top-scoring pair,Univariate",0.5985246,0.413226,0.41335928,0.4596506,0.25,0.08333333333333333,0.1111111111111111,,,,
7,856,17,True,43,6,{Informative top-k class associative rule for cancer biomarker discovery on microarray data},"Ong, H F and Mustapha, N and Hamdan, H and Rosli, R and Mustapha, A",2020,EXPERT SYSTEMS WITH APPLICATIONS,10.1016/j.eswa.2019.113169,"The discovery of reliable cancer biomarkers is crucial for accurate early detection and clinical diagnosis. One of the strategies is by identifying expression-based cancer biomarkers through integrative microarray data analysis. Microarray is a powerful high-throughput technology, which allows a genome-wide analysis of human genes with various biological information. Nevertheless, more studies are needed on improving the predictability of the discovered gene biomarkers, as well as their reproducibility and interpretability, to qualify them for clinical use. This paper proposes an informative top-k class associative rule (iTCAR) method in an integrative framework for identifying candidate genes of specific cancers. iTCAR introduces an enhanced associative classification algorithm that integrates microarray data with biological information from gene ontology, KEGG pathways, and protein-protein interactions to generate informative class associative rules. A new interestingness measurement is used to rank and select class associative rules for building accurate classifiers. The experimental results show that ITCAR has excellent predictability by achieving the average classification accuracy above 90% and the average area under the curve above 0.8. Besides, iTCAR has significant reproducibility and interpretability through functional enrichment analysis and retrieval of meaningful cancer terms. These promising results suggest the proposed method has great potential in identifying candidate genes, which can be further investigated as biomarkers for cancer diseases. (C) 2019 Elsevier Ltd. All rights reserved.",,0.58737564,0.40552872,0.40855324,0.45325884,0.125,0.25,0.0,,,,
7,1837,26,True,43,6,{MMGNN: A Molecular Merged Graph Neural Network for Explainable Solvation Free Energy Prediction},"Du, W and Zhang, S and Wu, D and Xia, J and Zhao, Z and Fang, J and Wang, Y",2024,,,"In this paper, we address the challenge of accurately modeling and predicting Gibbs free energy in solute-solvent interactions, a pivotal yet complex aspect in the field of chemical modeling. Traditional approaches, primarily relying on deep learning models, face limitations in capturing the intricate dynamics of these interactions. To overcome these constraints, we introduce a novel framework, Molecular Modeling Graph Neural Network (MMGNN), which more closely mirrors real-world chemical processes. Specifically, MMGNN exquisitely models atomic interactions such as hydrogen bonds by initially forming indiscriminate connections between intermolecular atoms, which are then refined using an attention-based aggregation method, tailoring to specific solute-solvent pairs. To address the challenges of non-interactive or repulsive atomic interactions, MMGNN incorporates interpreters for nodes and edges in the merged graph, enhancing explainability and reducing redundancy. MMGNN stands as the first framework to exquisitely align with real chemical processes, providing a more accurate and scientifically sound approach to modeling solute-solvent interactions. The infusion of explainability allows for the extraction of key subgraphs, which are pivotal for further research in solute-solvent dynamics. Extensive experimental validation confirms the efficacy and enhanced explainability of MMGNN. {\textcopyright}2024 International Joint Conferences on Artificial Intelligence. All rights reserved.","Atomic interactions,Chemical model,Chemical process,Deep learning,Energy,Energy prediction,Gibbs free energy,Graph neural networks,Hydrogen bonds,Solute-solvent interaction,Solvation,Solvation free energies,Traditional approaches,Traditional approachs",0.6570319,0.45361993,0.29657853,0.38669187,0.125,0.08333333333333333,0.2222222222222222,,,,
7,2143,29,True,43,6,{Multi-Objective Molecule Generation using Interpretable Substructures},"Jin, W G and Barzilay, R and Jaakkola, T",2020,,,"Drug discovery aims to find novel compounds with specified chemical property profiles. In terms of generative modeling, the goal is to learn to sample molecules in the intersection of multiple property constraints. This task becomes increasingly challenging when there are many property constraints. We propose to offset this complexity by composing molecules from a vocabulary of substructures that we call molecular rationales. These rationales are identified from molecules as substructures that are likely responsible for each property of interest. We then learn to expand rationales into a full molecule using graph generative models. Our final generative model composes molecules as mixtures of multiple rationale completions, and this mixture is fine-tuned to preserve the properties of interest. We evaluate our model on various drug design tasks and demonstrate significant improvements over state-of-the-art baselines in terms of accuracy, diversity, and novelty of generated compounds.",,0.67618537,0.46684366,0.33342195,0.4191128,0.125,0.08333333333333333,0.0,,,,
7,3099,38,True,43,6,{Adverse drug reaction prediction with symbolic latent dirichlet allocation},"Xiao, C and Zhang, P and Chaowalitwongse, W A and Hu, J and Wang, F",2017,,,"Adverse drug reaction (ADR) is a major burden for patients and healthcare industry. It usually causes preventable hospitalizations and deaths, while associated with a huge amount of cost. Traditional preclinical in vitro safety profiling and clinical safety trials are restricted in terms of small scale, long duration, huge financial costs and limited statistical significance. The availability of large amounts of drug and ADR data potentially allows ADR predictions during the drugs' early preclinical stage with data analytics methods to inform more targeted clinical safety tests. Despite their initial success, existing methods have trade-offs among interpretability, predictive power and efficiency. This urges us to explore methods that could have all these strengths and provide practical solutions for real world ADR predictions. We cast the ADR-drug relation structure into a three-layer hierarchical Bayesian model. We interpret each ADR as a symbolic word and apply latent Dirichlet allocation (LDA) to learn topics that may represent certain biochemical mechanism that relates ADRs with drug structures. Based on LDA, we designed an equivalent regularization term to incorporate the hierarchical ADR domain knowledge. Finally, we developed a mixed input model leveraging a fast collapsed Gibbs sampling method that the complexity of each iteration of Gibbs sampling proportional only to the number of positive ADRs. Experiments on real world data show our models achieved higher prediction accuracy and shorter running time than the state-of-the-art alternatives. Copyright {\textcopyright}2017, Association for the Advancement of Artificial Intelligence (www.aaai.org). All rights reserved.","Adverse drug reactions,Bayesian networks,Design of experiments,Domain Knowledge,Economic and social effects,Financial costs,Forecasting,Healthcare industry,In-vitro,Iterative methods,Latent Dirichlet allocation,Long duration,Reaction prediction,Real-world,Safety testing,Small scale,Statistical significance,Statistics",0.71595544,0.4943012,0.3389213,0.43317986,0.125,0.16666666666666666,0.2222222222222222,,,,
8,216,4,True,40,6,{Prior knowledge-infused Self-Supervised Learning and explainable AI for Fault Detection and Isolation in PEM electrolyzers},"Dash, B M and Bouamama, B O and Pekpe, K M and Boukerdja, M",2024,Neurocomputing,10.1016/j.neucom.2024.127871 LK - https://unimib.on.worldcat.org/atoztitles/link?sid=EMBASE&sid=EMBASE&issn=18728286&id=doi:10.1016%2Fj.neucom.2024.127871&atitle=Prior+knowledge-infused+Self-Supervised+Learning+and+explainable+AI+for+Fault+Detection+and+Isolation+in+PEM+electrolyzers&stitle=Neurocomputing&title=Neurocomputing&volume=594&issue=&spage=&epage=&aulast=Dash&aufirst=Balyogi+Mohan&auinit=B.M.&aufull=Dash+B.M.&coden=NRCGE&isbn=&pages=-&date=2024&auinit1=B&auinitm=M,"In this paper, a novel Fault Detection and Isolation (FDI) method for Proton Exchange Membrane (PEM) electrolyzers is presented. The challenge of limited availability of labeled fault data is addressed through the utilization of Bond Graphs (BG) and Self-Supervised Learning (SSL). The Linear Fractional Transformation-Bond Graph (LFT-BG) model is employed to generate uncertain residuals and pseudo labels, enabling the training of a deep neural network through self-supervised learning. Additionally, the BG-XAI method is introduced, leveraging eXplainable AI (XAI) and structural equations from Bond Graphs to provide explanations for the decisions made by the deep learning model. The superior performance of the proposed approach, particularly in dealing with limited labeled data, is demonstrated through comparative assessments against various state-of-the-art SSL methods. The demo code of the proposed method is available in this repository: https://github.com/mohan696matlab/SSL_based_Hybrid_FDI.","analytical equipment,article,artificial intelligence,bond graph,computer simulation,convolutional neural network,deep learning,denoising autoencoder,electric current,electric potential,electrochemical analysis,electrolysis,enthalpy,entropy,fault detection and isolation,fault signature matrix,feature extraction,feature selection,heat tolerance,information processing,knowledge,learning algorithm,linear fractional transformation bond graph,machine learning,mathematical model,mathematical parameters,mathematical phenomena,microfluidics,proton exchange membrane electrolyzer,reliability,segmentation algorithm,self supervised contrastive learning,self supervised learning,semi supervised machine learning,stoichiometry,supervised machine learning,thermal analysis,training,value imputation and mask estimation",0.5993386,0.43888658,0.45945376,0.49442494,0.25,0.08333333333333333,0.2222222222222222,,,,
8,490,11,True,40,6,{Based on spatial Mahalanobis distance: A novel zero-shot learning method for compound fault identification and decoupling},"Jiang, M and Xiang, Y and Sheng, C",2025,Expert Systems with Applications,10.1016/j.eswa.2025.126680,"To address the current limitations of intelligent diagnostic methods in identifying compound faults (CF) without the participation of training samples, such as the need for manual prior knowledge to classify single fault (SF) and CF, low diagnostic efficiency, and lack of interpretability, we propose a stepwise zero-shot learning decoupling method for CF. Our approach begins by using SF data to train a deep convolutional neural network (CNN), which extracts relevant SF features from CF. Next, we use the extracted SF features and a Gaussian Mixture Model (GMM) to establish a fault anomaly detection model that automatically classifies single and CF based on the spatial distance between the fault feature and the GMM cluster centers. Finally, leveraging the varying sensitivity of GMM to CF relevant features, we fine-tune the GMM using CF features. The decoupling of CF is achieved by analyzing the changes in probability attribute weights of the fine-tuned clustering model and the relative weight distances between CF features and SF cluster centers. We validated the proposed method on various datasets, and the results demonstrated high generalization ability and diagnostic interpretability, effectively decoupling compound faults. {\textcopyright}2025 Elsevier Ltd","Anomaly detection,Cluster centers,Compound fault decoupling,Compound faults,Convolutional neural networks,Decouplings,Fault feature,GMM,Gaussian Mixture Model,Interpretability,Mahalanobis distance,Mahalanobis distances,Single fault,Zero-shot learning",0.73120046,0.535447,0.34628445,0.44251347,0.125,0.08333333333333333,0.2222222222222222,,,,
8,580,13,True,40,6,{Multi-fidelity sub-label-guided transfer network with physically interpretable synthetic datasets for rotor fault diagnosis},"Lee, D and Lee, J G and Choi, M and Park, C and Kim, C W and Niu, G and Oh, H",2025,Engineering Applications of Artificial Intelligence,10.1016/j.engappai.2025.110467,"The development of deep-learning-based diagnostic models for prognostics and health management relies on data from the target system. However, when the system does not exist (e.g., during the design phase), acquiring health data is impossible, making accurate fault diagnosis models difficult to develop. To resolve this challenge, this study proposes a fault diagnosis framework for rotating machinery that uses physically interpretable synthetic data generation and sub-label-guided transfer learning. An empirical model based on domain knowledge is used to generate large quantities of low-cost, low-fidelity data, although system configuration and expected operating condition information are incorporated into multi-body dynamics simulations to create a small amount of accurate, high-fidelity data. Low-fidelity data are labeled with a primary label that represents dominant fault modes and with sub-labels corresponding to detailed categories of faults, whereas high-fidelity data are assigned only a primary label for the dominant fault mode. Multi-fidelity data are preprocessed to create two-dimensional orbit plots and one-dimensional handcrafted features, which are then used as inputs for the transfer learning model. To effectively train the model, while considering the correlation between multi-fidelity data, this study designs a sub-label-guided transfer network (SlgTN) that combines sub-label guidance with transfer learning. In the pretraining process, feature learning is performed using low-fidelity data, with two parallel classification layers designed to effectively learn both the primary label and the sub-label. Center loss and cross entropy loss are incorporated. Experimental results from applying the method to a Bently-Nevada rotor kit demonstrate the effectiveness and validity of the proposed method. {\textcopyright}2025 Elsevier Ltd","Artificial-intelligence-based fault diagnose,Artificial-intelligence-based fault diagnosis,Contrastive Learning,Data accuracy,Data augmentation,Fault modes,Faults diagnosis,Federated learning,High-fidelity,Labeled data,Low fidelities,Multi fidelities,Multi-body dynamics,Multi-fidelity,Multibody dynamic (MBD),Transfer learning,Transfer network",0.77009153,0.56392634,0.2635966,0.39022034,0.125,0.08333333333333333,0.2222222222222222,,,,
8,620,14,True,40,6,{Priori-distribution-guided adaptive sparse attention for cross-domain feature mining in diesel engine fault diagnosis},"Li, H and Zhang, J J and Zhang, Z J and Jiang, Z N and Mao, Z W",2024,ENGINEERING APPLICATIONS OF ARTIFICIAL INTELLIGENCE,10.1016/j.engappai.2024.107975,"Accurately locating the fault impacts and extracting sensitive fault features of vibration signals are challenging problems in diesel engine fault diagnosis. To address the limited integration of existing attention mechanisms with the knowledge of diesel engine operating principles, black -box feature extraction and insufficient interpretability problems, a novel method called priori -distribution adaptive sparse attention (PASA) is devised. This method translates the established priori -distribution of impact features guided by mechanistic knowledge into target formulas learnable, driving the model to learn attention results aligned with priori -distribution. Based on the attention results from PASA, a cross -domain feature mining (CDFM) method is proposed. Leveraging traditional thermodynamic and dynamic features associated with diesel engine operations, it accomplishes crossdomain feature extraction in frequency, time, and envelope domains, constructing a fault -sensitive feature set. Furthermore, the model structure for feature extraction is optimized, reducing model parameter complexity, and leading to the establishment of a diagnostic model. Fault experiments are conducted on two diesel engines to verify the proposed models, including misfires, valve malfunctions, collisions, and bush faults. The results demonstrate that compared to existing methods for fault diagnosis in diesel engines, the proposed approach accurately identifies vibration signal fault characteristics conforming to prior distributions. It shows well performance in four diagnostic indicators of diagnostic accuracy, precision, recall, and F1 score.",,0.73047316,0.5349145,0.36439955,0.45591795,0.125,0.08333333333333333,0.0,,,,
8,699,25,True,40,6,{Attention on the key modes: Machinery fault diagnosis transformers through variational mode decomposition},"Liu, H and Xu, Q and Han, X and Wang, B and Yi, X",2024,Knowledge-Based Systems,10.1016/j.knosys.2024.111479,"Machinery signals typically consist of multiple sub-signals in different frequency bands, while existing Transformer-based fault diagnosis methods often lack attention to key fault frequencies, causing interference in fault diagnosis. Therefore, an innovative Transformer structure for fault diagnosis based on variational mode decomposition (VMD) is proposed. First, to address the difficulty in identifying signal features arising from coupling of multiple frequency bands, a mode encoder based on VMD is proposed to decompose the coupled modes and calculate the key modes. Second, a position encoding method based on central frequency is proposed to address the lack of attention to signal's frequency in existing position encoding methods. Third, fault characteristic frequency is used to verify the frequency band attention scores, improving the interpretability and reliability of the network in response to the lack of internal interpretability in fault diagnosis methods based on deep learning. Finally, the proposed method was validated on bearing vibration dataset and motor sound dataset. The results showed that the method has high diagnostic accuracy, and could capture the intrinsic modes of different faults. {\textcopyright}2024 Elsevier B.V.","Deep learning,Different frequency,Encoding (symbols),Encoding methods,Failure analysis,Fault detection,Fault diagnosis,Fault diagnosis method,Fault frequency,Faults diagnosis,Interpretability,Machinery fault diagnosis,Mode decomposition,Signal encoding,Transformer,Transformer structure,Variational mode decomposition",0.7282295,0.5332715,0.2683692,0.38333428,0.125,0.08333333333333333,0.1111111111111111,,,,
8,1418,38,True,40,6,{Fed-MWFP: Lightweight federated learning with interpretable multiple wavelet fusion network for fault diagnosis under variable operating conditions},"Zhang, Y and Kong, H T and Han, Y and Huang, Q Q",2025,KNOWLEDGE-BASED SYSTEMS,10.1016/j.knosys.2025.113277,"Federated learning, an advanced distributed machine learning paradigm, has shown significant potential in fault diagnosis. However, practical challenges, such as feature distribution differences across clients due to variable operating conditions and high communication resource demands, hinder its application in this field. To address these challenges, this paper proposes Fed-MWFP, an innovative framework that enhances federated learning with fault diagnosis capabilities under variable operating conditions through network modeling and pruningintegrated training. In this framework, an interpretable Multiple Wavelet Fusion Convolutional Network (MWFCN) is proposed as the global model. This model leverages the refined time-frequency analysis capabilities of multi-wavelet transforms and the feature fusion capability of multi-scale wavelet convolutional networks, enabling the extraction of time-frequency features that reflect the physical characteristics of the original vibration signals, thereby mitigating the negative transfer problem caused by feature distribution differences between clients. Furthermore, the pruning-integrated training scheme utilized in Fed-MWFP optimizes local client models and concurrently lightweights them, thereby facilitating a lightweight federated learning process. Experimental results on DDS fault simulation dataset and the real-world dataset from a wind turbine generator (WTG) validate the effectiveness of the proposed method.",,0.8006419,0.5862979,0.2596861,0.39492506,0.125,0.0,0.1111111111111111,,,,
9,42,0,True,40,6,{Learning Policies by Learning Rules},"Araki, B and Choi, J and Chin, L and Li, X and Rus, D",2022,IEEE Robotics and Automation Letters,10.1109/LRA.2021.3139380,"Efficiently learning interpretable policies for complex tasks from demonstrations is a challenging problem. We present Hierarchical Inference with Logical Options (HILO), a novel learning algorithm that learns to imitate expert demonstrations by learning the rules that the expert is following. The rules are represented as linear temporal logic (LTL) formulas, which are interpretable and capable of encoding complex behaviors. Unlike previous works, which learn rules from high-level propositions, HILO learns rules by taking both propositions and low-level trajectories as input. It does this by defining a Bayesian model over LTL formulas, propositions, and low-level trajectories. The Bayesian model bridges the gap from formula to low-level trajectory by using a planner to find an optimal policy for a given LTL formula. Stochastic variational inference is then used to find a posterior distribution over formulas and policies given expert demonstrations. We show that by learning rules from both propositions and low-level states, HILO outperforms previous work on a rule-learning task and on four planning tasks while needing less data. We also validate HILO in the real world by teaching a robotic arm a complex packing task. {\textcopyright}2016 IEEE.","Bayes method,Bayesian networks,Computer circuits,Demonstrations,Imitation learning,Inference engines,Learn+,Learning Automata,Learning algorithms,Learning from demonstration,Linear temporal logic,Motion planning,Motion-planning,Probabilistic inference,Probabilistic logics,Stochastic systems,Task analysis,Task and motion planning,Task planning,Temporal logic,Trajectories",0.79398346,0.5322045,0.25383174,0.38886967,0.125,0.25,0.1111111111111111,,,,
9,676,7,True,40,6,{Synthesizing Diverse and Physically Stable Grasps With Arbitrary Hand Structures Using Differentiable Force Closure Estimator},"Liu, T and Liu, Z and Jiao, Z and Zhu, Y and Zhu, S -C.",2022,IEEE Robotics and Automation Letters,10.1109/LRA.2021.3129138,"Existing grasp synthesis methods are either analytical or data-driven. The former one is oftentimes limited to specific application scope. The latter one depends heavily on demonstrations, thus suffers from generalization issues; e.g., models trained with human grasp data would be difficult to transfer to 3-finger grippers. To tackle these deficiencies, we formulate a fast and differentiable force closure estimator, capable of producing diverse and physically stable grasps with arbitrary hand structures, without any training data. Although force closure has commonly served as a measure of grasp quality, it has not been widely adopted as an optimization objective for grasp synthesis primarily due to its high computational complexity; in comparison, the proposed differentiable method can test a force closure within milliseconds. In experiments, we validate the proposed method's efficacy in six different settings.","Complexity theory,Force,Friction,Grasp synthesis,Kinematics,Optimization,Robots,Training data,dexterous manipulation,energy-based model,force closure,optimization",0.5588909,0.37462273,0.46986806,0.49212378,0.0,0.0,0.1111111111111111,,,,
9,1091,13,True,40,6,{Discrete Windowed-Energy Variable Structure Passivity Signature Control for Physical Human-(Tele)Robot Interaction},"Thudi, S and Atashzar, S F",2021,IEEE Robotics and Automation Letters,10.1109/LRA.2021.3064204,"In this letter, we propose a novel adaptive iterative stabilization method for physical human-(tele)robot interaction, named Discrete Windowed-Energy Variable Structure Passivity Signature Control (DWE-VSPSC). The proposed stabilizer is capable of adaptively translating the knowledge domain regarding the capacity of the user's biomechanics in absorbing physical interaction energy to reduce the transparency distortion (induced for stabilization) while enhancing system performance through a flexible design of stabilizer. The contributions of this letter are: (1) the design of a novel discrete adaptive stabilizer with proof of stability; allowing for digital implementation of the intelligent algorithm; (2) introducing the concept of “windowed energy stabilization” for the proposed variable structure passivity-signature controller in order to allow for tuning the energy behavior of the interconnected system while making a balance between conservatism and agility of the system; (3) relaxing any assumption on the passivity behavior of the environment while being able to handle stochastic variable network delays without any restriction on the rate of change of delay or the delay. The mathematical design of the stabilizer is provided alongside the stability proof. Also, the performance of the system is evaluated using a systematically-designed grid simulation study for a large range of delay and environmental impedances ranging from passive to non-passive behaviors. A direct application of the outcome is for telerobotic rehabilitation and telerobotic surgery.","Biomechanics,Delays,Force,Haptics,Power system stability,Robots,Stability analysis,Telerobotics,physical human-robot interaction,telerobotics,variable structure passivity control",0.46604824,0.31239063,0.4488573,0.45315504,0.125,0.08333333333333333,0.1111111111111111,,,,
9,1205,14,True,40,6,{Double-Feedback: Enhancing Large Language Models Reasoning in Robotic Tasks by Knowledge Graphs},"Wang, H and Zhang, S and Wang, S and Jiang, T and Ge, Y",2025,IEEE Robotics and Automation Letters,10.1109/LRA.2025.3562776,"Large language models (LLMs) have demonstrated remarkable reasoning capabilities. However, in real-world robotic tasks, LLMs face grounding issues and lack precise feedback, resulting in the generated solutions deviating from the actual situation. In this paper, we propose Double-Feedback, a method that enhances LLMs reasoning by Knowledge graphs (KGs). The KGs play three key roles in Double-Feedback: prompting the LLMs to generate solutions, representing the task scenes, and verifying the solutions to provide feedback. We design structured knowledge prompts that convey the task knowledge background, example solutions, revision principles, and robotic tasks to the LLMs. We also introduce the distributed representation to quantify the task scene with interpretability. Based on the structured knowledge prompts and the distributed representation, we employ the KGs to evaluate the feasibility of each step before execution and verify the effects of the solutions after completing the tasks. The LLMs can adjust and replan the solutions based on the feedback from the KGs. Extensive experiments demonstrate that Double-Feedback outperforms prior works in the ALFRED benchmark. In addition, ablation studies show that Double-Feedback guides LLMs in generating solutions aligned with robotic tasks in the real world.","Cognition,Grounding,Image color analysis,Knowledge graphs,Manuals,Neural networks,Optimization,Planning,Representation Learning,Robots,Task Planning,Task and Motion Planning,Training",0.71311617,0.4779994,0.34348094,0.43588975,0.125,0.16666666666666666,0.2222222222222222,,,,
9,1301,17,True,40,6,{Practical Preassigned Fixed-Time Fuzzy Control for Teleoperation System Under Scheduled Shared-Control Framework},"Yang, Y and Jiang, H and Hua, C and Li, J",2024,IEEE Transactions on Fuzzy Systems,10.1109/TFUZZ.2023.3300847,"This article devotes to propose a novel synchronization control algorithm for networked nonlinear master–slave system under a scheduled shared-control structure to skillfully solve the problems of easy fatigue caused for continuous operation on human operators in the existing immobilized teleoperation system. Specially, a novel composite fuzzy learning control (CFLC) law is innovatively designed by incorporating the current and past values of the learning data to more effectively compensate what the system uncertainties cause. Then, a new practical preassigned fixed-time nonsingular terminal sliding-mode (PFNTSM) control algorithm with the shared-control framework is subsequently established, which is beneficial to sustain the continuity, nonsingularity, and higher robustness to system uncertainties. A significant feature of this study is that a complete force-position synchronous tracking and transparency-lifting human–robot interaction are realized. Moreover, the absolute stability of the two-port networked system under complex transmission time delays is rigorously proved. Finally, compared experimental results are presented to realistically verify the proposed control theory available.","Absolute stability,Convergence,Jacobian matrices,Main-secondary,Manipulator dynamics,Robot kinematics,Robots,Torque,composite fuzzy learning,master–slave system,preassigned fixed-time,scheduled shared-control",0.45797086,0.30697638,0.43944132,0.4440737,0.125,0.0,0.1111111111111111,,,,
9,3039,36,True,40,6,{RE:BT-Espresso: Improving Interpretability and Expressivity of Behavior Trees Learned from Robot Demonstrations},"Wathieu, A and Groechel, T R and Lee, H J and Kuo, C and Matari{\'{c}}, M J",2022,,10.1109/ICRA46639.2022.9812046,"Behavior trees (BTs) are hierarchical agent control architectures popular for robot task-level planning that can be autonomously learned from robot demonstrations via decision tree (DT) intermediaries, making them accessible to non-expert users. Conversion algorithms from DTs to BTs, such as the BT-Espresso algorithm, focus on replicating DT logic in a BT format but do not exploit the strengths of the BT architecture. We introduce the Representation Exploitation of BT-Espresso (RE:BT-Espresso) algorithm, which builds on BT-Espresso and improves the learned BT's interpretability and expressivity. RE:BT-Espresso improves interpretability by removing logical redundancies in the generated BTs and improves expressivity by exploiting desired BT structures, such as adding Inverter nodes, Repeater sequences, and Parallel Selector Action nodes that gives the user a choice of actions for state spaces that did not resolve to a concise action in the DT. The RE:BT-Espresso algorithm was evaluated against BT-Espresso using demonstration data synthesized by BTs. When compared to the synthesized BTs using graph edit distance (GED), RE:BT-Espresso outscored BT-Espresso on 54 subtrees, tied on 178, and lost on 2. Further, the proposed reduction strategies reduced the number of nodes in a generated tree by a median of 7.82%. The results validate improved interpretability and expressivity of learned RE:BT-Espresso task-level BT policies from robot demonstration.","Automation,Behavioral sciences,Decision trees,Inverters,Planning,Redundancy,Repeaters",0.7122929,0.4774476,0.38685834,0.468217,0.125,0.16666666666666666,0.0,,,,
10,1216,9,True,33,4,{Building interpretable models for business process prediction using shared and specialised attention mechanisms},"Wickramanayake, B and He, Z and Ouyang, C and Moreira, C and Xu, Y and Sindhgatta, R",2022,Knowledge-Based Systems,10.1016/j.knosys.2022.108773,"Predictive process analytics, often underpinned by deep learning techniques, is a newly emerged discipline dedicated for providing business process intelligence in modern organisations. Whilst accuracy has been a dominant criterion in building predictive capabilities, the use of deep learning techniques comes at the cost of the resulting models being used as ‘black boxes', i.e., they are unable to provide insights into why a certain business process prediction was made. So far, little attention has been paid to interpretability in the design of deep learning-based process predictive models. In this paper, we address the ‘black-box' problem in the context of predictive process analytics by developing attention-based models that are capable to inform both what and why is a process prediction. We propose i) two types of attentions—event attention to capture the impact of specific events on a prediction, and attribute attention to reveal which attribute(s) of an event influenced the prediction; and ii) two attention mechanisms—shared attention mechanism and specialised attention mechanism to reflect different design decisions between whether to construct attribute attention on individual input features (specialised) or using the concatenated feature tensor of all input feature vectors (shared). These lead to two distinct attention-based models, and both are interpretable models that incorporate interpretability directly into the structure of a process predictive model. We conduct experimental evaluation of the proposed models using real-life dataset and comparative analysis between the models for accuracy and interpretability, and draw insights from the evaluation and analysis results. The results demonstrate that i) the proposed attention-based models can achieve reasonably high accuracy; ii) both are capable of providing relevant interpretations (when validated against domain knowledge); and iii) whilst the two models perform equally in terms of prediction accuracy, the specialised attention-based model tends to provide more relevant interpretations than the shared attention-based model, reflecting the fact that the specialised attention-based model is designed to facilitate better interpretability. {\textcopyright}2022 Elsevier B.V.","Attention mechanism,Attention mechanisms,Business Process,Business process prediction,Domain Knowledge,Event log,Event logs,Explainable AI,Forecasting,Interpretability,LSTM,Learning algorithms,Long short-term memory,Predictive analytics,Predictive process,Process analytics,Process prediction",0.68764895,0.4793889,0.38419437,0.46005803,0.25,0.08333333333333333,0.1111111111111111,,,,
10,2042,15,True,33,4,{BEATLEX: Summarizing and Forecasting Time Series with Patterns},"Hooi, B and Liu, S H and Smailagic, A and Faloutsos, C",2017,,10.1007/978-3-319-71246-8_1,"Given time-series data such as electrocardiogram (ECG) readings, or motion capture data, how can we succintly summarize the data in a way that robustly identifies patterns that appear repeatedly? How can we then use such a summary to identify anomalies such as abnormal heartbeats, and also forecast future values of the time series? Our main idea is a vocabulary-based approach, which automatically learns a set of common patterns, or 'beat patterns,' which are used as building blocks to describe the time series in an intuitive and interpretable way. Our summarization algorithm, BEATLEX (BEAT Lexicons for Summarization) is: (1) fast and online, requiring linear time in the data size and bounded memory; (2) effective, outperforming competing algorithms in labelling accuracy by 5.3 times, and forecasting accuracy by 1.8 times; (3) principled and parameter-free, as it is based on the Minimum Description Length principle of summarizing the data by compressing it using as few bits as possible, and automatically tunes all its parameters; (4) general: it applies to any domain of time series data, and can make use of multidimensional (i.e. coevolving) time series.",,0.60336375,0.42063016,0.49376667,0.52116597,0.125,0.0,0.0,,,,
10,2282,18,True,33,4,{VISUALET: Visualizing Shapelets for Time Series Classification},"Li, G Z and Choi, B and Bhowmick, S S and Wong, G L H and Chun, K P and Li, S W and MACHINERY, ASSOC COMP",2020,,10.1145/3340531.3417414,"Time series classification (TSC) has attracted considerable attention from both academia and industry. TSC methods that are based on shapelets (intuitively, small highly-discriminative subsequences) have been found effective and are particularly known for their interpretability, as shapelets themselves are subsequences. A recent work has significantly improved the efficiency of shapelet discovery. For instance, the shapelets of more than 65% of the datasets in the UCR Archive (containing data from different application domains) can be computed within an hour, whereas those of 12 datasets can be computed within a minute. Such efficiency has made it possible for demo attendees to interact with shapelet discovery and explore high-quality shapelets. In this demo, we present Visualet - a tool for visualizing shapelets, and exploring effective and interpretable ones.",,0.67116475,0.46789712,0.2576598,0.36103603,0.125,0.0,0.0,,,,
10,2339,20,True,33,4,{Bridging Dynamic Factor Models and Neural Controlled Differential Equations for Nowcasting GDP},"Lim, S and Choi, J and Park, N and Yoon, S H and Kang, S and Kim, Y M and Kang, H and ACM",2024,,10.1145/3627673.3680074,"Gross domestic product (GDP) nowcasting is crucial for policy-making as GDP growth is a key indicator of economic conditions. Dynamic factor models (DFMs) have been widely adopted by government agencies for GDP nowcasting due to their ability to handle irregular or missing macroeconomic indicators and their interpretability. However, DFMs face two main challenges: i) the lack of capturing economic uncertainties such as sudden recessions or booms, and ii) the limitation of capturing irregular dynamics from mixed-frequency data. To address these challenges, we introduce NCDENow, a novel GDP nowcasting framework that integrates neural controlled differential equations (NCDEs) with DFMs. This integration effectively handles the dynamics of irregular time series. NCDENow consists of 3 main modules: i) factor extraction leveraging DFM, ii) dynamic modeling using NCDE, and iii) GDP growth prediction through regression. We evaluate NCDENow against 6 baselines on 2 real-world GDP datasets from South Korea and the United Kingdom, demonstrating its enhanced predictive capability. Our empirical results favor our method, highlighting the significant potential of integrating NCDE into nowcasting models. Our code and dataset are available at https://github.com/sklim84/NCDENow_CIKM2024.",,0.5818278,0.40561655,0.35729855,0.41343087,0.125,0.0,0.1111111111111111,,,,
11,299,6,True,27,4,{The lead-bismuth eutectic corrosion rate prediction and composition optimization of ferritic/martensitic steels by physics-guided neural network},"Feng, S and Sun, X and Chen, G and Chen, X",2025,Engineering Applications of Artificial Intelligence,10.1016/j.engappai.2024.109807,"In developing safer lead-bismuth cooled nuclear power plants, accurately predicting corrosion rates of ferritic/martensitic (F/M) steel, used as structural materials, is crucial. Incorporated with prior physics knowledge, a physics-guided neural network (PGNN) model was developed for this purpose. By integrating physical knowledge about oxide layer development over time, the proposed PGNN model outperforms conventional models like Artificial Neural Network, Random Forest, eXtreme Gradient Boosting, and Support Vector Machine. The PGNN model demonstrated excellent physical consistency in terms of input feature interpretability and output result trends. Furthermore, with the particle swarm optimization (PSO) algorithm, an application on F/M steel composition design was conducted to enhance the lead-bismuth corrosion resistance with the proposed model. The short-term static lead-bismuth corrosion tests were conducted to assess the anti-corrosion performance of the optimized F/M steel, which showed consistency with the PGNN model's predictions. {\textcopyright}2024","Bismuth metallurgy,Composition optimization,Corrosion rate,Corrosion resistance,Ferritic/martensitic steel,Lead-bismuth corrosion,Lead-bismuth eutectics,Machine learning,Machine-learning,Multilayer neural networks,Neural network model,Neural-networks,Nuclear energy,Nuclear fuels,Nuclear power plants,Particle swarm optimization (PSO),Physic knowledge,Physic-guided neural network,Physics knowledge,Physics-guided neural network,Random forests,Rate predictions,Steel corrosion,Support vector machines",0.6950668,0.4716364,0.32149613,0.4148888,0.125,0.08333333333333333,0.3333333333333333,,,,
11,715,12,True,27,4,{Hybrid machine condition monitoring based on interpretable dual tree methods using Wasserstein metrics},"Liu, Y K and Wang, T Y and Chu, F L",2024,EXPERT SYSTEMS WITH APPLICATIONS,10.1016/j.eswa.2023.121104,"For condition monitoring and predictive maintenance of high-end manufacturing equipment, surface roughness is a critical metric to evaluate machining quality. Designing a method that can meet the requirements of on machine monitoring tasks to confirm the cutters' machinability is of great practical significance. Specifically, data-driven on-machine roughness measurement is a recently emerged non-contact method, which has the characteristics of non-invasive and high efficiency. However, recent studies indicate that, for the manufacturing sectors, the on-machine measurement processes are required to respect the predominant impact from the interference of ambient noise or shocks. Besides, the acquisition of microscopic morphology images such as white light interferometers (WLI) is still a relatively expensive and offline acquisition process. And the scale of available WLI data is limited for most industrial application cases. Considering the above-mentioned analysis, this paper proposes a new hybrid machine condition monitoring method based on interpretable dual tree methods, where the adopted interpretable decision tree models obtain knowledge from both topography analysis and acquired texture images of the white light interferometer. It couples with the Shapley additive explanation (SHAP) theory to analyze the main contribution features. The proposed method provides a promising solution to the poor interpretability of feature contribution analysis in general machine condition monitoring methods, which can accurately identify the machinery's physical states under various operating conditions.",,0.5724282,0.38842013,0.37769377,0.4263774,0.125,0.16666666666666666,0.0,,,,
11,766,14,True,27,4,{Feature Selection to address High-Dimensionality in Industry 4.0 Multi-emitter Laser Modules Assembly Lines},"Markatos, N G and Mousavi, A and Katsou, E and Pippione, G and Paoletti, R",2024,IEEE Intelligent Systems,10.1109/MIS.2024.3416678,"Industry 4.0 has increased data depth and breadth in high-tech manufacturing, but high-dimensionality and sparsity persist. High-dimensional space's sparsity makes classical learning and knowledge extraction algorithms ineffective and error-prone. Dimension reduction methods like feature selection seem to address this problem. This study addresses these challenges by conducting a comparative analysis on a real laser assembly industrial case of high dimensions. We explore five standalone methods—NCFS, RReliefF, MRMR, RFE, and Lasso—applied to datasets from two laser modules (d-serie and s-serie). Additionally, two hybrid methods—RReliefF-RFE and MRMR-RFE—are evaluated, broadening the scope of feature selection strategies. Time efficiency prioritizes RReliefF, NCFS and Lasso, while RReliefF-RFE, NCFS and Lasso excel in interpretability, achieving significant predictor reduction without compromising accuracy. The study thus provides insights into the selection of FS methods in a challenging industrial laser assembly setting.","Accuracy,Assembly,Feature extraction,Laser modes,Predictive models,Redundancy,Vectors",0.602215,0.40863192,0.4051178,0.45439214,0.125,0.08333333333333333,0.0,,,,
11,1491,25,True,27,4,"{Reliable forecasting non-linear triaxial mechanical response of recycled aggregate concrete by knowledge-enhanced, modified, explainable and replicable machine learning algorithms}","Zhu, H.-Y. and Guo, M.-Z. and Zhang, Y",2025,Expert Systems with Applications,10.1016/j.eswa.2025.127326,"The constitutive modelling is the only method to describe the triaxial stress–strain behavior of cement-based materials while its theoretical deduction, modelling parameters determination and numerical calibrations made it difficult to be further applied. To overcome the limitation of constitutive modelling, a comprehensive machine learning (ML) approach, including Artificial Neural Network (ANN), Gaussian Process (GP), Gradient Boosting (GB) and Optimized Gaussian Process (OGP) was firstly proposed to predict triaxial mechanical behavior of recycled aggregate concrete (RAC). The data augment technology was employed to increase the training data size from 249 to 580, effectively improving the generalization performance. The performance statistics of the aforementioned ML models were compared and validated by R2, MAE, RMSE, and Taylor diagram, showing that the OGP had the best study ability and prediction accuracy. The 99 % prediction results generated by the OGP model concentrated within the ± 10 % confidence interval (R2 = 0.991, MAE = 1.04, RMSE = 0.122). Furthermore, to address the black box nature of ML models, the shapley additive explanation and partial dependence analysis were employed to elucidate the underlying arithmetic mechanism. Finally, the best OGP model was compared with previous constitutive method and further utilized to validate its applicability. Unlike classical constitutive modeling, which requires specialized expertise, the proposed ML approach, available as open source at https://doi.org/10.13140/RG.2.2.15784.89608, offered an accessible and effective solution for predicting triaxial behavior with experimental data. {\textcopyright}2025 Elsevier Ltd","Contrastive Learning,Data augment technology,Gaussian Processes,Gaussian process models,Machine learning approach,Machine learning approaches,Machine learning models,Open source,Open-source,Prediction models,Recycled aggregate concrete,Stress strain behaviours,Tri-axial stress,Triaxial stress–strain behavior",0.7098022,0.48163512,0.36337417,0.44998115,0.125,0.08333333333333333,0.2222222222222222,,,,
12,1297,12,True,27,4,{Ultrathin optically transparent and flexible wideband absorber based on ANN and DGCNN},"Yang, X and Liu, Z and Zhang, Z and Xiang, W and Geng, M and Chen, H and Liu, X and Lu, W",2023,Engineering Applications of Artificial Intelligence,10.1016/j.engappai.2023.107059,"Optically transparent and structurally flexible metamaterial absorbers (MMAs) are widely used in many practical applications. However, the realization of such MMAs requires both thickness reduction and bandwidth enhancement, which remains a challenge task. As a multi-objective optimization problem, it is a time-consuming and resource-demanding process. Guided by prior-knowledge, two degrees of freedom are taken into account in the design, namely the structure of unit-cells and their spatial arrangement. In this way, the multi-objective optimization problem is simplified into a two-step problem. A general procedure based on machine-learning (ML) method is proposed to solve this problem. First, an artificial neural network (ANN) is used to map the configuration parameters of a type of meta-atom onto its reflection coefficients; then, a dynamic graph convolutional neural network (DGCNN) is trained to realize the synthesis of quasi-periodic distributed MMA array; finally, combined with the differential evolution (DE) algorithm, the optimized configuration of the meta-atoms and their optimum distribution are obtained. Based on the proposed procedure, an ultrathin optically transparent and flexible MMA is designed, fabricated and further verified by experiments. The designed MMA realizes 87% absorption bandwidth covering 6.22 GHz–19.42 GHz (103% relative bandwidth) with the thickness only 3.3mm(0.068$\lambda$L), which approaches the theoretical limit 1/17$\lambda$L. And its averaged transparency is about 63% at the wavelength range 500–800mm. The whole design process is achieved 50 times faster than the conventional full-wave simulation, which convincingly demonstrates the superiority of the proposed method. {\textcopyright}2023 Elsevier Ltd","ANN,Bandwidth,Convolutional neural network,Convolutional neural networks,DE,DGCNN,Degrees of freedom (mechanics),Differential Evolution,Dynamic graph,Dynamic graph convolutional neural network,Evolutionary algorithms,MMA,Machine learning,Machine-learning,Metamaterial absorber,Metamaterial absorbers,Metamaterials,Multiobjective optimization,Ultra-thin,Wide-band,Wideband absorber",0.42321694,0.29439625,0.50916874,0.4876808,0.125,0.08333333333333333,0.2222222222222222,,,,
12,1613,15,True,27,4,{Learning and Interpreting Potentials for Classical Hamiltonian Systems},"Bhat, H S",2020,,10.1007/978-3-030-43823-4_19,"We consider the problem of learning an interpretable potential energy function from a Hamiltonian system's trajectories. We address this problem for classical, separable Hamiltonian systems. Our approach first constructs a neural network model of the potential and then applies an equation discovery technique to extract from the neural potential a closed-form algebraic expression. We demonstrate this approach for several systems, including oscillators, a central force problem, and a problem of two charged particles in a classical Coulomb potential. Through these test problems, we show close agreement between learned neural potentials, the interpreted potentials we obtain after training, and the ground truth. In particular, for the central force problem, we show that our approach learns the correct effective potential, a reduced-order model of the system.",,0.5857539,0.4074595,0.4142121,0.45709756,0.125,0.0,0.2222222222222222,,,,
12,2333,20,True,27,4,{Higher-order Spatio-temporal Physics-incorporated Graph Neural Network for Multivariate Time Series Imputation},"Liang, G J and Tiwari, P and Nowaczyk, S and Byttner, S and ACM",2024,,10.1145/3627673.3679775,"Exploring the missing values is an essential but challenging issue due to the complex latent spatio-temporal correlation and dynamic nature of time series. Owing to the outstanding performance in dealing with structure learning potentials, Graph Neural Networks (GNNs) and Recurrent Neural Networks (RNNs) are often used to capture such complex spatio-temporal features in multivariate time series. However, these data-driven models often fail to capture the essential spatio-temporal relationships when significant signal corruption occurs. Additionally, calculating the high-order neighbor nodes in these models is of high computational complexity. To address these problems, we propose a novel higher-order spatio-temporal physics-incorporated GNN (HSPGNN). Firstly, the dynamic Laplacian matrix can be obtained by the spatial attention mechanism. Then, the generic inhomogeneous partial differential equation (PDE) of physical dynamic systems is used to construct the dynamic higher-order spatio-temporal GNN adaptively to obtain the missing time series values. Moreover, we estimate the missing impact by Normalizing Flows (NF) to evaluate the importance of each node in the graph for better explainability. Experimental results on four benchmark datasets demonstrate the effectiveness of HSPGNN and the superior performance when combining various order neighbor nodes. Also, graph-like optical flow, dynamic graphs, and missing impact can be obtained naturally by HSPGNN, which provides better dynamic analysis and explanation than traditional data-driven models.",,0.67452264,0.4692084,0.3666457,0.44361493,0.125,0.0,0.2222222222222222,,,,
12,2842,22,True,27,4,{Bayesian Spline Learning for Equation Discovery of Nonlinear Dynamics with Quantified Uncertainty},"Sun, L and Huang, D Z and Sun, H and Wang, J X",2022,,,"Nonlinear dynamics are ubiquitous in science and engineering applications, but the physics of most complex systems is far from being fully understood. Discovering interpretable governing equations from measurement data can help us understand and predict the behavior of complex dynamic systems. Although extensive work has recently been done in this field, robustly distilling explicit model forms from very sparse data with considerable noise remains intractable. Moreover, quantifying and propagating the uncertainty of the identified system from noisy data is challenging, and relevant literature is still limited. To bridge this gap, we develop a novel Bayesian spline learning framework to identify parsimonious governing equations of nonlinear (spatio)temporal dynamics from sparse, noisy data with quantified uncertainty. The proposed method utilizes spline basis to handle the data scarcity and measurement noise, upon which a group of derivatives can be accurately computed to form a library of candidate model terms. The equation residuals are used to inform the spline learning in a Bayesian manner, where approximate Bayesian uncertainty calibration techniques are employed to approximate posterior distributions of the trainable parameters. To promote the sparsity, an iterative sequential-threshold Bayesian learning approach is developed, using the alternative direction optimization strategy to systematically approximate L0 sparsity constraints. The proposed algorithm is evaluated on multiple nonlinear dynamical systems governed by canonical ordinary and partial differential equations, and the merit/superiority of the proposed method is demonstrated by comparison with state-of-the-art methods.",,0.5873107,0.40854236,0.44859838,0.48327646,0.125,0.08333333333333333,0.0,,,,
13,371,3,True,26,3,{A soft prototype-based autonomous fuzzy inference system for network intrusion detection},"Gu, X and Howells, G and Yuan, H",2024,Information Sciences,10.1016/j.ins.2024.120964,"Nowadays, cyber-attacks have become a common and persistent issue affecting various human activities in modern societies. Due to the continuously evolving landscape of cyber-attacks and the growing concerns around “black box” models, there has been a strong demand for novel explainable and interpretable intrusion detection systems with online learning abilities. In this paper, a novel soft prototype-based autonomous fuzzy inference system (SPAFIS) is proposed for network intrusion detection. SPAFIS learns from network traffic data streams online on a chunk-by-chunk basis and autonomously identifies a set of meaningful, human-interpretable soft prototypes to build an IF-THEN fuzzy rule base for classification. Thanks to the utilization of soft prototypes, SPAFIS can precisely capture the underlying data structure and local patterns, and perform internal reasoning and decision-making in a human-interpretable manner based on the ensemble properties and mutual distances of data. To maintain a healthy and compact knowledge base, a pruning scheme is further introduced to SPAFIS, allowing itself to periodically examine the learned solution and remove redundant soft prototypes from its knowledge base. Numerical examples on public network intrusion detection datasets demonstrated the efficacy of the proposed SPAFIS in both offline and online application scenarios, outperforming the state-of-the-art alternatives. {\textcopyright}2024 The Author(s)","Black box modelling,Computer crime,Crime,Cyber-attacks,Data stream,Decision making,Fuzzy inference,Fuzzy inference systems,Fuzzy inferencer,Fuzzy rule,Fuzzy rules,Human activities,Intrusion detection,Intrusion-Detection,Network intrusion detection,Network security,Online systems,Soft prototype,Strong demand",0.75846493,0.5448638,0.2916826,0.40837818,0.25,0.3333333333333333,0.1111111111111111,,,,
13,1567,14,True,26,3,{Using Graph Neural Networks for the Detection and Explanation of Network Intrusions},"Baahmed, A R E and Andresini, G and Robardet, C and Appice, A",2025,,10.1007/978-3-031-74633-8_13,"The ever-increasing evolution of Deep Learning methods has enabled their use in many areas, including cybersecurity. With the exponential growth in the volume of data circulating in computer networks, their security is a paramount necessity. Nowadays, network security is mainly pursued using preventive techniques but also by detecting intrusions as soon as possible, when they occur. Different types of Machine Learning and Deep Leaning models have been recently studied for network intrusion detection, but surprisingly, although Network Intrusion Detection Systems (NIDSs) scrutinize flow data exchanges on a network, graph-based models have been little explored so far. We propose in this article to consider the relevance of Graph Neural Network (GNNs) to detect intrusions and also to explain them. For this purpose, we adapt the GNNExplainer method, that is, the pioneer method for explaining GNN decisions, to edge-level classification models.",,0.75778043,0.5443721,0.27894676,0.39865518,0.0,0.0,0.2222222222222222,,,,
13,2852,24,True,26,3,{Evaluation of Large Language Models on Code Obfuscation},"Swindle, A and McNealy, D and Krishnan, G and Ramyaa, R",2024,,10.1609/aaai.v38i21.30517,"Obfuscation intends to decrease interpretability of code and identification of code behavior. Large Language Models (LLMs) have been proposed for code synthesis and code analysis. This paper attempts to understand how well LLMs can analyse code and identify code behavior. Specifically, this paper systematically evaluates several LLMs' capabilities to detect obfuscated code and identify behavior across a variety of obfuscation techniques with varying levels of complexity. LLMs proved to be better at detecting obfuscations that changed identifiers, even to misleading ones, compared to obfuscations involving code insertions (unused variables, as well as variables that replace constants with expressions that evaluate to those constants). Hardest to detect were obfuscations that layered multiple simple transformations. For these, only 20-40% of the LLMs' responses were correct. Adding misleading documentation was also successful in misleading LLMs. We provide all our code to replicate results at https://github.com/SwindleA/LLMCodeObfuscation. Overall, our results suggest a gap in LLMs' ability to understand code. Copyright {\textcopyright}2024, Association for the Advancement of Artificial Intelligence (www.aaai.org). All rights reserved.","Artificial intelligence,Code analysis,Code obfuscation,Code synthesis,Codes (symbols),Computational linguistics,Interpretability,Language model,Model response,Modeling abilities,Simple++,Synthesis analysis",0.5197754,0.3733948,0.49700332,0.50269634,0.125,0.08333333333333333,0.1111111111111111,,,,
14,593,4,True,25,3,{Bag-of-Concepts representation for document classification based on automatic knowledge acquisition from probabilistic knowledge base},"Li, P F and Mao, K Z and Xu, Y C and Li, Q and Zhang, J H",2020,KNOWLEDGE-BASED SYSTEMS,10.1016/j.knosys.2019.105436,"Text representation, a crucial step for text mining and natural language processing, concerns about transforming unstructured textual data into structured numerical vectors to support various machine learning and data mining algorithms. For document classification, one classical and commonly adopted text representation method is Bag-of-Words (BoW) model. BoW represents document as a fixed-length vector of terms, where each term dimension is a numerical value such as term frequency or tf-idf weight. However, BoW simply looks at surface form of words. It ignores the semantic, conceptual and contextual information of texts, and also suffers from high dimensionality and sparsity issues. To address the aforementioned issues, we propose a novel document representation scheme called Bag-of-Concepts (BoC), which automatically acquires useful conceptual knowledge from external knowledge base, then conceptualizes words and phrases in the document into higher level semantics (i.e. concepts) in a probabilistic manner, and eventually represents a document as a distributed vector in the learned concept space. By utilizing background knowledge from knowledge base, BoC representation is able to provide more semantic and conceptual information of texts, as well as better interpretability for human understanding. We also propose Bag-of-Concept-Clusters (BoCCl) model which clusters semantically similar concepts together and performs entity sense disambiguation to further improve BoC representation. In addition, we combine BoCCl and BoW representations using an attention mechanism to effectively utilize both concept-level and word-level information and achieve optimal performance for document classification. (c) 2019 Published by Elsevier B.V.",,0.68648446,0.52784467,0.3577057,0.4399004,0.125,0.08333333333333333,0.0,,,,
14,866,6,True,25,3,{Two Birds With One Stone: A Coupled Poisson Deconvolution for Detecting and Describing Topics From Multimodal Web Data},"Pang, J and Tao, F and Huang, Q and Tian, Q and Yin, B",2019,IEEE Transactions on Neural Networks and Learning Systems,10.1109/TNNLS.2018.2872997,"Organizing multimodal Web pages into hot topics is the core step to grasp trends on the Web. However, the less-constrained social media generate noisy user-generated content, which makes a detected topic be less coherent and less interpretable. In this paper, we address this problem by proposing a coupled Poisson deconvolution to jointly handle topic detection and topic description. For the topic detection, the interestingness of a topic is estimated from the similarities refined by the description of topics; for the topic description, the interestingness of topics is leveraged to describe topics. Two processes cyclically detect interesting topics and generate the multimodal description of topics. This is the innovation of this paper, which just likes killing two birds with one stone. Experiments not only show the significantly improved accuracies for the topic detection but also demonstrate the interpretable descriptions for the topic description on two public data sets.","Birds,Deconvolution,Feature extraction,Multimodal description,Poisson deconvolution (PD),Social network services,Task analysis,Visualization,Web pages,topic coherent,topic description,topic detection on Web",0.6779703,0.52129805,0.4308343,0.4926183,0.125,0.0,0.1111111111111111,,,,
14,1919,11,True,25,3,{Enhancing Topic Interpretability for Neural Topic Modeling Through Topic-Wise Contrastive Learning},"Gao, X and Lin, Y and Li, R and Wang, Y and Chu, X and Ma, X and Yu, H",2024,,10.1109/ICDE60146.2024.00051,"Data mining and knowledge discovery are essential aspects of extracting valuable insights from vast datasets. Neural topic models (NTMs) have emerged as a valuable unsupervised tool in this field. However, the predominant objective in NTMs, which aims to discover topics maximizing data likelihood, often lacks alignment with the central goals of data mining and knowledge discovery which is to reveal interpretable insights from large data repositories. Overemphasizing likelihood maximization without incorporating topic regularization can lead to an overly expansive latent space for topic modeling. In this paper, we present an innovative approach to NTMs that addresses this misalignment by introducing contrastive learning measures to assess topic interpretability. We propose a novel NTM framework, named ContraTopic, that integrates a differentiable regularizer capable of evaluating multiple facets of topic interpretability throughout the training process. Our regularizer adopts a unique topic-wise contrastive methodology, fostering both internal coherence within topics and clear external distinctions among them. Comprehensive experiments conducted on three diverse datasets demonstrate that our approach consistently produces topics with superior interpretability compared to state-of-the-art NTMs.","Coherence,Contrastive learning,Data engineering,Data mining,Data models,Knowledge discovery,Measurement,Topic modeling,Training",0.76812375,0.59061795,0.2909925,0.4102753,0.125,0.08333333333333333,0.2222222222222222,,,,
15,94,1,True,22,3,{SIAEF/PoE: Accountability of Earnestness for encoding subjective information in Blockchain},"Bui, H T and Hussain, O K and Prior, D and Hussain, F K and Saberi, M",2023,Knowledge-Based Systems,10.1016/j.knosys.2023.110501,"Blockchain technology has the potential to be applied widely in supply chain operations. One such area is proactive supply chain risk management (SCRM). In this area, existing researchers have highlighted the fraudulent behaviour of supply chain partners who do not disclose information on the risks that impact their operations. Blockchain can address this problem by encoding each partner's commitment to SCRM and achieve consensus. However, before this can be achieved, a key challenge to address is the inability of existing consensus mechanisms such as Proof of Work (PoW), Proof of Authority (PoA) and Proof of Stake (PoS) to deal with information that does not have a digital footprint. In this paper, we address this gap by proposing the Proof by Earnestness (PoE) consensus mechanism which accounts for the authenticity, legitimacy and trustworthiness of information that does not have a digital footprint. We also propose the Subjective Information Authenticity Earnestness Framework (SIAEF) as the overarching framework that assists PoE in achieving its aim. We test the applicability of SIAEF and PoE in a real-world blockchain environment by deploying it as a decentralized application (Dapp) and applying it in BscScan Testnet which is an official test blockchain network. {\textcopyright}2023 The Author(s)","Authentication,Block-chain,Blockchain,Consensus mechanism,Earnestness,Encoding (symbols),Encodings,Fraudulend behavior,Fraudulent behaviour,Proactive supply chain risk management,Risk management,Risks management,Signal encoding,Subjective information,Supply chain management,Supply chain operation,Supply chains,Supply-chain risks",0.7142713,0.44888783,0.3972572,0.47651073,0.125,0.08333333333333333,0.1111111111111111,,,,
15,646,9,True,22,3,{A fuzzy dematel-based delegated Proof-of-Stake consensus mechanism for medical model fusion on blockchain},"Li, Z and Liang, F and Li, M",2025,Advanced Engineering Informatics,10.1016/j.aei.2024.103095,"To ensure consensus regarding the contribution of distributed medical institutions to data models and the transformation of their application value, this paper proposes a fuzzy DEMATEL-based delegated proof-of-stake consensus mechanism for medical model fusion on blockchain. By utilizing transparent, verifiable consensus methods and monitorable on-chain distributed service logic, this framework determines the value-added performance and value-added application of distributed models. Considering that traditional consensus mechanisms are designed primarily for static, deterministic numerical data, they fall short in terms of accommodating consensus for dynamic, interval-based models. To address this limitation, we propose an enhancement to the DPOS consensus mechanism by using fuzzy DEMATEL. This approach enables contribution measurement and consensus for distributed models on the basis of interval-based model characteristics, thereby improving the interpretability of contribution assessments in medical institutions. Since the current lack of application paradigms for data models in distributed environments limits the value conversion of models at the application layer, we propose the construction of a distributed application logic using blockchain and smart contracts. By leveraging smart contracts to protect data privacy and model ownership, this approach enables the standardized and service-oriented transformation of application values. Finally, we conducted an experimental case study using a real medical image diagnostic model to verify and evaluate the feasibility and efficiency of the proposed framework, and a prototype system is established to demonstrate the distributed model consensus and service requirements when collaborating with companies in real-life scenarios. Four sets of experiments were conducted to ensure the feasibility and efficiency of both the distributed consensus and the distributed service process. The results indicate that the proposed consensus mechanism achieves distributed consensus with a latency of approximately 0.2853 s. While the proposed distributed service framework has disadvantages in terms of the throughput and average latency, the differences are minimal—only 0.3937 requests per second and 0.4060 s, respectively, compared with on-chain business creation. Additionally, compared with on-chain business creation, the framework increases CPU and memory utilization by just 15.8902% and 2.4697%, respectively. {\textcopyright}2024 Elsevier Ltd","Block-chain,Blockchain,DEMATEL,Distributed Service,Distributed consensus,Distributed models,Distributed service,Medical institutions,Medical modeling,Model Consensus Mechanism,Model consensus mechanism,Model fusion,Value Added,Value added",0.6598048,0.41465807,0.41631144,0.47718477,0.25,0.08333333333333333,0.1111111111111111,,,,
15,1123,11,True,22,3,"{Enabling Seamless Data Security, Consensus, and Trading in Vehicular Networks}","Vieira, E and Almeida, J and Ferreira, J and Bartolomeu, P C",2024,IEEE Transactions on Intelligent Vehicles,10.1109/TIV.2024.3388247,"Cooperative driving is an emerging paradigm aimed at enhancing the safety and efficiency of autonomous vehicles. To ensure successful cooperation, road users must reach a consensus for making collective decisions, while recording vehicular data to analyze and address failures related to such agreements. This data has the potential to provide valuable insights into various vehicular events, while also potentially improving accountability measures. Furthermore, vehicles may benefit from the ability to negotiate and trade services among themselves, adding value to the cooperative driving framework. However, the majority of proposed systems aiming to ensure data security, consensus, or service trading, lack efficient and thoroughly validated mechanisms that consider the distinctive characteristics of vehicular networks. These limitations are amplified by a dependency on the centralized support provided by the infrastructure. Furthermore, corresponding mechanisms must diligently address security concerns, especially regarding potential malicious or misbehaving nodes, while also considering the inherent constraints of the wireless medium. We introduce the Verifiable Event Extension (VEE), an applicational extension designed for Intelligent Transportation System (ITS) messages. The VEE operates seamlessly with any existing standardized vehicular communications protocol, addressing crucial aspects of data security, consensus, and trading with minimal overhead. To achieve this, VEE comprises data associated with blockchain techniques, Byzantine fault tolerance (BFT) consensus protocols, and cryptocurrency-based mechanics. Using this mechanism, we piggyback new protocols on the existing ITS traffic, minimally impacting the vehicular network. To assess our proposal's feasibility and lightweight nature, we employed a hardware-in-the-loop setup for analysis. Experimental results demonstrate the viability and efficiency of the VEE extension in overcoming the challenges posed by the distributed and opportunistic nature of wireless vehicular communications.","Data security,Fault tolerance,Fault tolerant systems,Protocols,Roads,Wireless communication,Wireless sensor networks,applicational extension,blockchain,consensus,data security,fault-tolerance,trading,vehicular communications",0.56034374,0.3521512,0.3675869,0.41577613,0.125,0.08333333333333333,0.1111111111111111,,,,
16,654,5,True,21,3,{A convolutional spiking neural network with adaptive coding for motor imagery classification},"Liao, X J and Wu, Y L and Wang, Z and Wang, D H and Zhang, H M",2023,NEUROCOMPUTING,10.1016/j.neucom.2023.126470,"Motor imagery (MI) signal classification is crucial for brain-computer interfaces (BCI). The third-generation neural network, spiking neural network (SNN), has rich neurodynamic properties in the spa-tiotemporal domain, and therefore it is more suitable for processing EEG signals. However, the feature extraction capability of the SNN previously applied to MI signal classification is limited by its structure, and the model's classification accuracy is not comparable to the state-of-the-art algorithms. In this paper, we propose a spiking neural network model called SCNet, which combines the feature extraction capa-bility of CNN with the biological interpretability of SNN, making the model structurally closer to the bio-logical neuronal dynamical system and improving the classification accuracy. SCNet reduces information loss by adaptive coding with learnability and solves the training difficulties of spiking neural networks by surrogate gradient learning. We evaluated the performance of the proposed SCNet on three typically rep-resentative motor imagery datasets. The validation shows that the model outperforms state-of-the-art SNN-based MI classification methods and various ANN and machine learning methods. The experimental results demonstrate the generality and effectiveness of the proposed motor imagery EEG signal classifi-cation model. Better classification results can be obtained by designing a well-structured spiking neural network.& COPY; 2023 Elsevier B.V. All rights reserved.",,0.70924854,0.49202868,0.39184332,0.47119462,0.125,0.08333333333333333,0.2222222222222222,,,,
16,1173,10,True,21,3,{Spiking neural P systems with neuron permeability},"Wang, L and Liu, X and Han, Z and Zhao, Y",2024,Neurocomputing,10.1016/j.neucom.2024.127351 LK - https://unimib.on.worldcat.org/atoztitles/link?sid=EMBASE&sid=EMBASE&issn=18728286&id=doi:10.1016%2Fj.neucom.2024.127351&atitle=Spiking+neural+P+systems+with+neuron+permeability&stitle=Neurocomputing&title=Neurocomputing&volume=576&issue=&spage=&epage=&aulast=Wang&aufirst=Liping&auinit=L.&aufull=Wang+L.&coden=NRCGE&isbn=&pages=-&date=2024&auinit1=L&auinitm=,"Spiking neural P systems (SNP systems) are a class of distributed parallel and interpretable computing models developed in recent years, which are abstracted from the mechanism of spiking neurons and the nervous system. At present, the development of SNP variants has become a hot spot. To enhance the plasticity of SNP systems, inspired by the biological neural mechanism of the variable permeability of neurons, spiking neural P systems with neuron permeability (NP-SNP systems) are discovered and proposed as a novel variant of SNP systems. In NP-SNP systems, neurons have variable permeability directly related to membrane thickness. Membrane permeability changes with the change of membrane thickness. The proposed permeability spike rules are used to quantify changes in permeability. A specific NP-SNP system for generating arbitrary natural numbers is constructed. It is proved that the computing power of NP-SNP systems possesses Turing universality from number-generation, number-acceptance and computing functions. Devoted to the NP-complete problem, the NP-SNP system deterministically solves the Subset Sum problem in linear time. Compared with five variants, NP-SNP systems show advantages in less time steps and deterministic solutions.","article,artificial neural network,brain nerve cell,cell communication,cell membrane permeability,cell survival,comparative study,image processing,information processing,mathematical computing,nerve cell plasticity,postsynaptic potential,spiking neural network",0.63587546,0.44112736,0.341704,0.41524687,0.125,0.08333333333333333,0.2222222222222222,,,,
16,1854,13,True,21,3,{A time-resolved theory of information encoding in recurrent neural networks},"Engelken, R and Goedeke, S",2022,,,"Information encoding in neural circuits depends on how well time-varying stimuli are encoded by neural populations. Slow neuronal timescales, noise and network chaos can compromise reliable and rapid population response to external stimuli. A dynamic balance of externally incoming currents by strong recurrent inhibition was previously proposed as a mechanism to accurately and robustly encode a time-varying stimulus in balanced networks of binary neurons, but a theory for recurrent rate networks was missing. Here, we develop a non-stationary dynamic mean-field theory that transparently explains how a tight balance of excitatory currents by recurrent inhibition improves information encoding. We demonstrate that the mutual information rate of a time-varying input increases linearly with the tightness of balance, both in the presence of additive noise and with recurrently generated chaotic network fluctuations. We corroborated our findings in numerical experiments and demonstrated that recurrent networks with positive firing rates trained to transmit a time-varying stimulus generically use recurrent inhibition to increase the information rate. We also found that networks trained to transmit multiple independent time-varying signals spontaneously form multiple local inhibitory clusters, one for each input channel. Our findings suggest that feedforward excitatory input and local recurrent inhibition-as observed in many biological circuits-is a generic circuit motif for encoding and transmitting time-varying information in recurrent neural circuits. {\textcopyright}2022 Neural information processing systems foundation. All rights reserved.","'current,Additive noise,Binary neurons,Dynamic balance,Encoding (symbols),External stimulus,Information encoding,Mean field theory,Network coding,Neural circuits,Neural populations,Neurons,Recurrent neural networks,Time varying,Time varying networks,Time-resolved,Time-scales",0.6694305,0.4644056,0.43002415,0.48987573,0.125,0.08333333333333333,0.2222222222222222,,,,
17,1286,5,True,16,2,{Graph-based neural networks for explainable image privacy inference},"Yang, G and Cao, J and Chen, Z and Guo, J and Li, J",2020,Pattern Recognition,10.1016/j.patcog.2020.107360,"With the development of social media and smartphones, people share their daily lives via a large number of images, but the convince also raises a problem of privacy leakage. Therefore, effective methods are needed to infer the privacy risk of images and identify images that may disclose privacy. Several works have tried to solve this problem with deep learning models. However, we know little about how the models infer the privacy label of an image, thus it is not easy to understand why the image may disclose privacy. Inspired by recent research on graph neural networks, we introduce prior knowledge to the deep models to make the inference more explainable. We propose the Graph-based neural networks for Image Privacy (GIP) to infer the privacy risk of images. The GIP mainly focuses on objects in an image, and the knowledge graph is extracted from the objects in the dataset without reliance on extra knowledge. Experimental results show that the GIP achieves higher performance compared with the object-based methods and comparable performance even compared with the multi-modal fusion method. The results show that the introduction of the knowledge graph not only makes the deep model more explainable but also makes better use of the information of objects provided by the images. Combing the knowledge graph with deep learning is a promising way to help protect image privacy that is worth exploring. {\textcopyright}2020","Deep learning,Graph neural networks,Graphic methods,Image classification,Image privacy protection,Knowledge graphs,Knowledge representation,Learning models,Multi-modal fusion,Neural networks,Object-based methods,Prior knowledge,Problem of privacy,Recent researches",0.69379497,0.5060111,0.26695156,0.3736624,0.125,0.08333333333333333,0.2222222222222222,,,,
17,2378,10,True,16,2,{Contribution-Aware Federated Learning for Smart Healthcare},"Liu, Z L and Chen, Y Y and Zhao, Y S and Yu, H and Liu, Y and Bao, R Y and Jiang, J P and Nie, Z Q and Xu, Q and Yang, Q and Intelligence, Assoc Advancement Artificial",2022,,,"Artificial intelligence (AI) is a promising technology to transform the healthcare industry. Due to the highly sensitive nature of patient data, federated learning (FL) is often leveraged to build models for smart healthcare applications. Existing deployed FL frameworks cannot address the key issues of varying data quality and heterogeneous data distributions across multiple institutions in this sector. In this paper, we report our experience developing and deploying the Contribution-Aware Federated Learning (CAreFL) framework for smart healthcare. It provides fair and explainable FL participant contribution evaluation in an efficient and privacy preserving manner, and optimizes the FL model aggregation approach based on the evaluation results. Since its deployment in Yidu Cloud Technology Inc. in March 2021, CAreFL has served 8 well-established medical institutions in China to build healthcare decision support models. It can perform contribution evaluations 2.84 times faster than the best existing approach, and has improved the average accuracy of the resulting models by 2.62% compared to the previous system (which is significant in industrial settings). To our knowledge, it is the first contribution-aware federated learning successfully deployed in the healthcare industry.",,0.7535807,0.54961514,0.31004608,0.42092973,0.125,0.08333333333333333,0.0,,,,
18,1809,8,True,15,2,{Causal and Interpretable Rules for Time Series Analysis},"Dhaou, A and Bertoncello, A and Gourv{\'{e}}nec, S and Garnier, J and {Le Pennec}, E and MACHINERY, ASSOC COMP",2021,,10.1145/3447548.3467161,"The number of complex infrastructures in an industrial setting is growing and is not immune to unexplained recurring events such as breakdowns or failure that can have an economic and environmental impact. To understand these phenomena, sensors have been placed on the different infrastructures to track, monitor, and control the dynamics of the systems. The causal study of these data allows predictive and prescriptive maintenance to be carried out. It helps to understand the appearance of a problem and find counterfactual outcomes to better operate and defuse the event. In this paper, we introduce a novel approach combining the case-crossover design which is used to investigate acute triggers of diseases in epidemiology, and the Apriori algorithm which is a data mining technique allowing to find relevant rules in a dataset. The resulting time series causal algorithm extracts interesting rules in our application case which is a non-linear time series dataset. In addition, a predictive rule-based algorithm demonstrates the potential of the proposed method.",,0.68612474,0.49290857,0.34557772,0.4307145,0.125,0.16666666666666666,0.0,,,,
18,3350,14,True,15,2,{Efficient and Scalable Structure Learning for Bayesian Networks: Algorithms and Applications},"Zhu, R and Pfadler, A and Wu, Z and Han, Y and Yang, X and Ye, F and Qian, Z and Zhou, J and Cui, B",2021,,10.1109/ICDE51399.2021.00292,"Structure Learning for Bayesian network (BN) is an important problem with extensive research. It plays central roles in a wide variety of applications in Alibaba Group. However, existing structure learning algorithms suffer from considerable limitations in real-world applications due to their low efficiency and poor scalability. To resolve this, we propose a new structure learning algorithm LEAST, which comprehensively fulfills our business requirements as it attains high accuracy, efficiency and scalability at the same time. The core idea of LEAST is to formulate the structure learning into a continuous constrained optimization problem, with a novel differentiable constraint function measuring the acyclicity of the resulting graph. Unlike with existing work, our constraint function is built on the spectral radius of the graph and could be evaluated in near linear time w.r.t. the graph node size. Based on it, LEAST can be efficiently implemented with low storage overhead. According to our benchmark evaluation, LEAST runs 1–2 orders of magnitude faster than state-of-the-art method with comparable accuracy, and it is able to scale on BNs with up to hundreds of thousands of variables. In our production environment, LEAST is deployed and serves for more than 20 applications with thousands of executions per day. We describe a concrete scenario in a ticket booking service in Alibaba, where LEAST is applied to build a near real-time automatic anomaly detection and root error cause analysis system. We also show that LEAST unlocks the possibility of applying BN structure learning in new areas, such as large-scale gene expression data analysis and explainable recommendation system.","Bayes methods,Conferences,Data analysis,Data engineering,Production,Real-time systems,Scalability",0.67048657,0.48167416,0.27575362,0.37443686,0.125,0.08333333333333333,0.2222222222222222,,,,
19,2481,6,True,15,2,{Certifying Robustness to Programmable Data Bias in Decision Trees},"Meyer, A P and Albarghouthi, A and D'Antoni, L",2021,,,"Datasets can be biased due to societal inequities, human biases, underrepresentation of minorities, etc. Our goal is to certify that models produced by a learning algorithm are pointwise-robust to potential dataset biases. This is a challenging problem: it entails learning models for a large, or even infinite, number of datasets, ensuring that they all produce the same prediction. We focus on decision-tree learning due to the interpretable nature of the models. Our approach allows programmatically specifying bias models across a variety of dimensions (e.g., missing data for minorities), composing types of bias, and targeting bias towards a specific group. To certify robustness, we use a novel symbolic technique to evaluate a decision-tree learner on a large, or infinite, number of datasets, certifying that each and every dataset produces the same prediction for a specific test point. We evaluate our approach on datasets that are commonly used in the fairness literature, and demonstrate our approach's viability on a range of bias models.",,0.8217569,0.621193,0.25330484,0.39541787,0.125,0.16666666666666666,0.0,,,,
19,2940,14,True,15,2,{Robust Optimal Classification Trees against Adversarial Examples},"Vos, D and Verwer, S",2022,,10.1609/aaai.v36i8.20829,"Decision trees are a popular choice of explainable model, but just like neural networks, they suffer from adversarial examples. Existing algorithms for fitting decision trees robustly against adversarial examples are greedy heuristics and lack approximation guarantees. In this paper we propose ROCT, a collection of methods to train decision trees that are optimally robust against user-specified attack models. We show that the min-max optimization problem that arises in adversarial learning can be solved using a single minimization formulation for decision trees with 0-1 loss. We propose such formulations in Mixed-Integer Linear Programming and Maximum Satisfiability, which widely available solvers can optimize. We also present a method that determines the upper bound on adversarial accuracy for any model using bipartite matching. Our experimental results demonstrate that the existing heuristics achieve close to optimal scores while ROCT achieves state-of-the-art scores. Copyright {\textcopyright}2022, Association for the Advancement of Artificial Intelligence (www.aaai.org). All rights reserved.","Adversarial learning,Approximation algorithms,Artificial intelligence,Attack modeling,Classification trees,Decision trees,Greedy heuristics,Integer programming,Min-max optimization,Minimisation,Mixed integer linear,Neural-networks,Optimal classification,Optimization problems",0.6976517,0.52737784,0.3380102,0.42792058,0.125,0.08333333333333333,0.2222222222222222,,,,
20,1387,7,True,15,2,{A method of constructing a fine-grained sentiment lexicon for the humanities computing of classical chinese poetry},"Zhang, W and Wang, H and Song, M and Deng, S H",2023,NEURAL COMPUTING & APPLICATIONS,10.1007/s00521-022-07690-8,"In Chinese classics, the sentiment attitudes or thoughts of the ancients regarding specific environments, people, and events were generally expressed in the form of poetry. Compared with previous attempts to classify the polarity of poetry, sentiment terms can be used to detect more fine-grained humanity knowledge in literary information resources. However, the existing techniques of domain sentiment lexicon construction fail to take full advantage of deep learning and linguistic knowledge, which cannot ensure the term integrity and accuracy. To this end, this work proposes a novel approach for the construction of a sentiment lexicon via the combination of supervised sentiment term extraction and classification, aiming at incorporating multi-dimensional linguistic knowledge into a two-phase deep learning model. A character-sequence labeling model for term extraction is first constructed by fusing the emotion radical features of Chinese characters, and term embedding augmentation via word knowledge is then carried out to classify the extracted terms. Experiments on Chinese poetry and its appreciation texts validate the superiority of the proposed method, and the model incorporating linguistic knowledge is found to outperform the benchmark models in different metrics. A fine-grained sentiment lexicon with two first classes, five-second classes, 15 third classes, and 14,368 domain terms and unregistered terms is constructed via hierarchical term classification, thereby contributing to the advancement of the interpretability of the humanities computing of classical Chinese poetry.",,0.76076245,0.59514314,0.32334894,0.4327023,0.125,0.08333333333333333,0.0,,,,
20,2774,11,True,15,2,{A Simple and Effective Self-Supervised Contrastive Learning Framework for Aspect Detection},"Shi, T and Li, L Q and Wang, P and Reddy, C K and Intelligence, Assoc Advancement Artificial",2021,,,"Unsupervised aspect detection (UAD) aims at automatically extracting interpretable aspects and identifying aspect-specific segments (such as sentences) from online reviews. However, recent deep learning based topic models, specifically aspect-based autoencoder, suffer from several problems such as extracting noisy aspects and poorly mapping aspects discovered by models to the aspects of interest. To tackle these challenges, in this paper, we first propose a self-supervised contrastive learning framework and an attention-based model equipped with a novel smooth self-attention (SSA) module for the UAD task in order to learn better representations for aspects and review segments. Secondly, we introduce a high-resolution selective mapping (HRSMap) method to efficiently assign aspects discovered by the model to the aspects of interest. We also propose using a knowledge distillation technique to further improve the aspect detection performance. Our methods outperform several recent unsupervised and weakly supervised approaches on publicly available benchmark user review datasets. Aspect interpretation results show that extracted aspects are meaningful, have a good coverage, and can be easily mapped to aspects of interest. Ablation studies and attention weight visualization also demonstrate effectiveness of SSA and the knowledge distillation method.",,0.78464144,0.61382365,0.2683884,0.39745164,0.125,0.08333333333333333,0.0,,,,
