topic_id,global_index,local_index,is_selected_representative,cluster_size,papers_selected_from_cluster,title,authors,year,journal,doi,abstract,keywords,similarity_to_centroid,similarity_to_cluster_papers,diversity_score,representativeness_score,xai_alignment,symbolic_alignment,subsymbolic_alignment,representative_title,representative_authors,similarity_to_representative,is_similar_to_representative
0,16,1,True,891,133,{Logic-Oriented Autoencoders and Granular Logic Autoencoders: Developing Interpretable Data Representation},"Al-Hmouz, R and Pedrycz, W and Balamash, A and Morfeq, A",2022,IEEE Transactions on Fuzzy Systems,10.1109/TFUZZ.2020.3043659,"The plethora of ways of data representation and their applications to system modeling is inherently associated with dimensionality reduction. In a nutshell, the result of dimensionality reduction should support efficient ways of constructing ensuing models (classifiers and predictors) as well as an interpretation of the data themselves. Furthermore, there should be a suitable measure quantifying the quality of data positioned in the reduced space. We advocate that what makes the reduced data interpretable goes hand in hand with revealing a logic fabric of the data, suppressing redundancy, and finally arriving at a logic description of data. The anticipation is that the reduced data can be described in the form of logic expressions formed over the original highly dimensional data. Evidently, having these above-stated points in mind, the aim of this article is twofold: 1) to develop a logic-oriented data representation with the aid of autoencoders; and 2) to quantify the quality of results of this dimensionality reduction by incorporating a facet of information granularity. In other words, we argue that the result of dimensionality reduction gives rise to information granules whose level of granularity associates with the quality of processing completed by the autoencoder. In light of the recent surge of architectures of deep learning, the study is focused on the construction and analysis of logic-oriented autoencoders. We propose a two-level architecture composed of the logic-oriented processing units organized in two layers of logic processing units. As data representation provided by the autoencoder is not ideal, we augment the original architecture by granular parameters, which give rise to granular logic-oriented autoencoders. A suite of experiments is also reported.","Autoencoder,Computer architecture,Decoding,Deep learning,Encoding,Neurons,Optimization,Performance analysis,deep learning,granular computing,information granules,logic autoencoder",0.55782557,0.34460172,0.44047737,0.46981442,0.125,0.08333333333333333,0.1111111111111111,,,,
0,41,3,True,891,133,"{Interpretability of deep neural networks: A review of methods, classification and hardware}","Antamis, T and Drosou, A and Vafeiadis, T and Nizamis, A and Ioannidis, D and Tzovaras, D",2024,NEUROCOMPUTING,10.1016/j.neucom.2024.128204,"Artificial intelligence, and especially deep neural networks, have evolved substantially in the recent years, infiltrating numerous domains of applications, often greatly impactful to society's well-being. As a result, the need to understand how these models operate in depth and to access explanations of their decisions has become more vital than ever. Tending to this demand, the following paper aims to provide a thorough overview of the methods that have so far been developed to explain deep neural networks. Key aspects of explainability are defined and a straightforward classification of existing approaches is introduced, along with numerous examples. The task of realizing these methods on hardware is also discussed to complete the understanding of their application.",,0.56496745,0.3490137,0.25536853,0.33276826,0.25,0.0,0.2222222222222222,,,,
0,92,13,True,891,133,{Towards interpretability in fingerprint based indoor positioning: May attention be with us},"Brunello, A and Montanari, A and Saccomanno, N",2023,Expert Systems with Applications,10.1016/j.eswa.2023.120679,"In a world increasingly pervaded by mobile and IoT devices, position-related information is gaining more and more importance. Highly accurate and standardized positioning techniques are not yet available for indoor scenarios, unlike for the outdoor case. The most commonly used method for indoor positioning is WiFi fingerprinting, which, despite its well-recognized advantages, still suffers from some notable limitations. Recently, approaches relying on deep learning showed promising results even though their lack of interpretability is still a significant drawback. In this paper, for the first time, we propose a domain-specific concept of interpretability, based on identifying the access points that are most relevant to a position estimate. The goal is to enhance the positioning process by gaining novel scientific knowledge and operational insights, without worsening the performance of the task. We show how it is possible to practically achieve both a local and a global notion of interpretability by means of a deep learning model equipped with an attention module, applied to a ranking based fingerprint representation. Since off-the-shelf application of attention does not guarantee to achieve a faithful nor plausible interpretation, we verified through a series of thoroughly designed quantitative and qualitative clustering based experiments the existence of a strong relationship between the obtained interpretations and the positioning domain. Finally, as by-product, we showed an example of how the new knowledge can be used in principle to improve positioning performance. {\textcopyright}2023 Elsevier Ltd","Access points,Artificial intelligence,Deep learning,Domain specific,Highly accurate,Indoor positioning,Indoor positioning systems,Interpretability,Neural network,Neural-networks,Position estimates,Positioning techniques,Ubiquitous systems,Wi-Fi,Wi-Fi fingerprinting,WiFi fingerprinting,Wireless local area networks (WLAN)",0.5634059,0.34804899,0.406882,0.44601294,0.125,0.08333333333333333,0.2222222222222222,,,,
0,114,17,True,891,133,{Improving and evaluating complex question answering over knowledge bases by constructing strongly supervised data},"Cao, X and Zhao, Y S and Shen, B",2023,NEURAL COMPUTING & APPLICATIONS,10.1007/s00521-022-07965-0,"Complex question answering (CQA) is widely used in real-world tasks such as search engines and intelligent customer service. With the development of large-scale knowledge bases, CQA over knowledge bases has attracted considerable attention in recent years. However, there are many types of complex questions, and few works deeply focus on the performance analysis of models for different types of questions. Another major challenge is the lack of complete supervised labels due to the expense of manual labelling, decreasing model interpretability and increasing the difficulty of model training. In this paper, we constructed a dataset, named CoSuQue, which includes multiple types of complex questions and complete supervised labels that are easily obtained. Our work provides an in-depth analysis of the model's ability to answer different types of questions, contributing a comprehensive evaluation of the performance of CQA models. Based on the ability of the model to handle different types of questions, the model structure can be improved in a more targeted manner. The different types of complex questions and the complete supervised labels allow the inference process of the model to be investigated. Furthermore, we propose a novel training method that leverages the proposed dataset to improve the performance of the model on other publicly available datasets. Experiments on the Complex WebQuestions and WebQuestionsSP datasets demonstrate the effectiveness of our approach on the CQA task.",,0.6217319,0.38408044,0.34183443,0.4118088,0.125,0.08333333333333333,0.0,,,,
0,117,18,True,891,133,{A modular architecture for transparent computation in recurrent neural networks},"Carmantini, G S and beim Graben, P and Desroches, M and Rodrigues, S",2017,Neural Networks,10.1016/j.neunet.2016.09.001 LK - https://unimib.on.worldcat.org/atoztitles/link?sid=EMBASE&sid=EMBASE&issn=18792782&id=doi:10.1016%2Fj.neunet.2016.09.001&atitle=A+modular+architecture+for+transparent+computation+in+recurrent+neural+networks&stitle=Neural+Netw.&title=Neural+Networks&volume=85&issue=&spage=85&epage=105&aulast=Carmantini&aufirst=Giovanni+S.&auinit=G.S.&aufull=Carmantini+G.S.&coden=NNETE&isbn=&pages=85-105&date=2017&auinit1=G&auinitm=S,"Computation is classically studied in terms of automata, formal languages and algorithms; yet, the relation between neural dynamics and symbolic representations and operations is still unclear in traditional eliminative connectionism. Therefore, we suggest a unique perspective on this central issue, to which we would like to refer as transparent connectionism, by proposing accounts of how symbolic computation can be implemented in neural substrates. In this study we first introduce a new model of dynamics on a symbolic space, the versatile shift, showing that it supports the real-time simulation of a range of automata. We then show that the G{\""{o}}delization of versatile shifts defines nonlinear dynamical automata, dynamical systems evolving on a vectorial space. Finally, we present a mapping between nonlinear dynamical automata and recurrent artificial neural networks. The mapping defines an architecture characterized by its granular modularity, where data, symbolic operations and their control are not only distinguishable in activation space, but also spatially localizable in the network itself, while maintaining a distributed encoding of symbolic representations. The resulting networks simulate automata in real-time and are programmed directly, in the absence of network training. To discuss the unique characteristics of the architecture and their consequences, we present two examples: (i) the design of a Central Pattern Generator from a finite-state locomotive controller, and (ii) the creation of a network simulating a system of interactive automata that supports the parsing of garden-path sentences as investigated in psycholinguistics experiments.","article,artificial neural network,central pattern generator,linguistics,mathematical model,nonlinear system,priority journal,recurrent neural network,simulation,symbolism",0.52371055,0.3235269,0.37412083,0.41151828,0.125,0.16666666666666666,0.2222222222222222,,,,
0,142,20,True,891,133,{An Interpretable Channelwise Attention Mechanism based on Asymmetric and Skewed Gaussian Distribution},"Chen, C and Li, B",2023,Pattern Recognition,10.1016/j.patcog.2023.109467,"Channelwise attention mechanisms have recently been demonstrated to boost the performance of deep convolutional neural networks (CNNs). The hypothesis on the negative correlation between channelwise responses and their importance levels has been verified. Therefore, according to the shifted means and unbalanced responses that are observed in attention distribution, two empirical hypotheses are proposed in this paper. Then, as an interpretable attention module, bilateral asymmetric skewed Gaussian attention (bi-SGA) is utilized to combine skewed and asymmetric properties into the Gaussian context transformer (GCT), which is the state-of-the-art. Finally, extensive experiments on the different benchmarks validate the rationality of the hypotheses. The proposed bi-SGA improves the overall performance of GCT attention mechanisms with only two extra parameters to be learned. Moreover, our attention mechanism also provides a perspective on analyzing the channelwise importance levels in deep neural networks in an interpretable and logical manner. {\textcopyright}2023 Elsevier Ltd","Asymmetric distribution,Attention mechanisms,Channelwise attention,Convolutional neural network,Convolutional neural networks,Deep neural networks,Gaussian distribution,Gaussians,Interpretable modeling,Mechanism-based,Negative correlation,Performance,Skewness distribution",0.49724424,0.30717707,0.4156772,0.43606895,0.125,0.08333333333333333,0.2222222222222222,,,,
0,156,23,True,891,133,{Positional normalization-based mixed-image data augmentation and ensemble self-distillation algorithm},"Chen, W and Hu, Y and Peng, M and Zhu, B",2024,Expert Systems with Applications,10.1016/j.eswa.2024.124140,"The prior approach to data augmentation using positional normalization necessitated manual determination of weight parameters for blending two images. However, theoretically, these parameters cannot cater to all samples. We propose a novel data augmentation approach called pnMix (Positional normalization-based data mixing) based on data blending and positional normalization to address these issues. Moreover, we have improved the teacher model of an existing network structure based on self-distillation technology using an ensembling approach called ESKD. Our method enhances performance across multiple datasets and tasks. We outperform previous methods in complex real-world datasets such as imagenet-a and imagenet-o, which we believe are highly meaningful for practical applications. Specifically, we obtain good results on the CIFAR100 and Imagenet image classification datasets, the Pascal VOC and COCO object detection datasets, and the COCO and Cityscapes image segmentation datasets. Furthermore, we analyze the pnMix method's advantages compared to other data augmentation methods through visualization techniques, demonstrating its effectiveness and interpretability. Our source code and pre-trained models are available at https://github.com/sydney72380/pnMix. {\textcopyright}2024 Elsevier Ltd","Classification (of information),Data augmentation,Data ensemble,Data visualization,Distillation,Distillation algorithm,Image data,Image mixing,Image segmentation,Knowledge self-distillation,Mixing,Normalisation,Object detection,Positional normalization,Teacher models,Weight parameters",0.51891804,0.32056627,0.32295477,0.3719456,0.125,0.08333333333333333,0.1111111111111111,,,,
0,199,30,True,891,133,{CHIP: Channel-Wise Disentangled Interpretation of Deep Convolutional Neural Networks},"Cui, X and Wang, D and Wang, Z J",2020,IEEE Transactions on Neural Networks and Learning Systems,10.1109/TNNLS.2019.2952322,"With the increasing popularity of deep convolutional neural networks (DCNNs), in addition to achieving high accuracy, it becomes increasingly important to explain how DCNNs make their decisions. In this article, we propose a CHannel-wise disentangled InterPretation (CHIP) model for visual interpretations of DCNN predictions. The proposed model distills the class-discriminative importance of channels in DCNN by utilizing sparse regularization. We first introduce network perturbation to learn the CHIP model. The proposed model is capable to not only distill the global perspective knowledge from networks but also present class-discriminative visual interpretations for the predictions of networks. It is noteworthy that the CHIP model is able to interpret different layers of networks without retraining. By combining the distilled interpretation knowledge at different layers, we further propose the Refined CHIP visual interpretation that is both high-resolution and class-discriminative. Based on qualitative and quantitative experiments on different data sets and networks, the proposed model provides promising visual interpretations for network predictions in an image classification task compared with the existing visual interpretation methods. The proposed model also outperforms the related approaches in the ILSVRC 2015 weakly supervised localization task.","Channel-wise disentanglement,Data models,Knowledge engineering,Logic gates,Perturbation methods,Predictive models,Task analysis,Visualization,model interpretability,network perturbation,visual interpretation",0.5896743,0.36427656,0.2624914,0.34428713,0.125,0.16666666666666666,0.3333333333333333,,,,
0,277,49,True,891,133,{Image Visual Realism: From Human Perception to Machine Computation},"Fan, S and Ng, T.-T. and Koenig, B L and Herberg, J S and Jiang, M and Shen, Z and Zhao, Q",2018,IEEE transactions on pattern analysis and machine intelligence,10.1109/TPAMI.2017.2747150 LK - https://unimib.on.worldcat.org/atoztitles/link?sid=EMBASE&sid=EMBASE&issn=19393539&id=doi:10.1109%2FTPAMI.2017.2747150&atitle=Image+Visual+Realism%3A+From+Human+Perception+to+Machine+Computation&stitle=IEEE+Trans+Pattern+Anal+Mach+Intell&title=IEEE+transactions+on+pattern+analysis+and+machine+intelligence&volume=40&issue=9&spage=2180&epage=2193&aulast=Fan&aufirst=Shaojing&auinit=S.&aufull=Fan+S.&coden=&isbn=&pages=2180-2193&date=2018&auinit1=S&auinitm=,"Visual realism is defined as the extent to which an image appears to people as a photo rather than computer generated. Assessing visual realism is important in applications like computer graphics rendering and photo retouching. However, current realism evaluation approaches use either labor-intensive human judgments or automated algorithms largely dependent on comparing renderings to reference images. We develop a reference-free computational framework for visual realism prediction to overcome these constraints. First, we construct a benchmark dataset of 2,520 images with comprehensive human annotated attributes. From statistical modeling on this data, we identify image attributes most relevant for visual realism. We propose both empirically-based (guided by our statistical modeling of human data) and deep convolutional neural network models to predict visual realism of images. Our framework has the following advantages: (1) it creates an interpretable and concise empirical model that characterizes human perception of visual realism; (2) it links computational features to latent factors of human image perception.","artificial neural network,computer graphics,female,human,machine learning,male,physiology,procedures,psychophysics,statistical model,virtual reality,vision",0.55106294,0.3404241,0.3741526,0.41838017,0.125,0.08333333333333333,0.2222222222222222,,,,
0,316,55,True,891,133,{ARTxAI: Explainable Artificial Intelligence Curates Deep Representation Learning for Artistic Images Using Fuzzy Techniques},"Fumanal-Idocin, J and Andreu-Perez, J and Cord{\'{o}}n, O and Hagras, H and Bustince, H",2024,IEEE Transactions on Fuzzy Systems,10.1109/TFUZZ.2023.3337878,"Automatic art analysis employs different image processing techniques to classify and categorize works of art. When working with artistic images, we need to take into account further considerations compared to classical image processing. This is because artistic paintings change drastically depending on the author, the scene depicted, and their artistic style. This can result in features that perform very well in a given task but do not grasp the whole of the visual and symbolic information contained in a painting. In this article, we show how the features obtained from different tasks in artistic image classification are suitable to solve other ones of similar nature. We present different methods to improve the generalization capabilities and performance of artistic classification systems. Furthermore, we propose an explainable artificial intelligence method to map known visual traits of an image with the features used by the deep learning model considering fuzzy rules. These rules show the patterns and variables that are relevant to solve each task and how effective is each of the patterns found. Our results show that compared to multitask learning, our proposed context-aware features can achieve up to 19% more accurate results when using the residual network architecture and 3% when using ConvNeXt. We also show that some of the features used by these models can be more clearly correlated to visual traits in the original image than other kinds of features.","Art,Automatic art analysis,Deep learning,Feature extraction,Image classification,Painting,Visualization,deep learning,explainable artificial intelligence,fuzzy clustering,fuzzy rules,image classification",0.60494304,0.37370893,0.3160255,0.38825488,0.125,0.16666666666666666,0.1111111111111111,,,,
0,367,65,True,891,133,{A Semi-Supervised Deep Rule-Based Approach for Complex Satellite Sensor Image Analysis},"Gu, X and Angelov, P P and Zhang, C and Atkinson, P M",2022,IEEE Transactions on Pattern Analysis and Machine Intelligence,10.1109/TPAMI.2020.3048268,"Large-scale (large-area), fine spatial resolution satellite sensor images are valuable data sources for Earth observation while not yet fully exploited by research communities for practical applications. Often, such images exhibit highly complex geometrical structures and spatial patterns, and distinctive characteristics of multiple land-use categories may appear at the same region. Autonomous information extraction from these images is essential in the field of pattern recognition within remote sensing, but this task is extremely challenging due to the spectral and spatial complexity captured in satellite sensor imagery. In this research, a semi-supervised deep rule-based approach for satellite sensor image analysis (SeRBIA) is proposed, where large-scale satellite sensor images are analysed autonomously and classified into detailed land-use categories. Using an ensemble feature descriptor derived from pre-trained AlexNet and VGG-VD-16 models, SeRBIA is capable of learning continuously from both labelled and unlabelled images through self-adaptation without human involvement or intervention. Extensive numerical experiments were conducted on both benchmark datasets and real-world satellite sensor images to comprehensively test the validity and effectiveness of the proposed method. The novel information mining technique developed here can be applied to analyse large-scale satellite sensor images with high accuracy and interpretability, across a wide range of real-world applications.","Feature extraction,Image segmentation,Mathematical model,Prototypes,Satellites,Semantics,Semisupervised learning,deep learning,deep rule-based system,satellite sensor image analysis,semi-supervised learning",0.41964695,0.25924063,0.40696692,0.41013694,0.125,0.08333333333333333,0.0,,,,
0,422,76,True,891,133,{ImageLM: Interpretable image-based learner modelling for classifying learners' computational thinking},"Hooshyar, D and Yang, Y",2024,Expert Systems with Applications,10.1016/j.eswa.2023.122283,"Predictive learner modelling is crucial for personalized education. While convolutional neural networks (CNNs) have shown great success in education, their potential in learner modelling via image data is unexplored. This research introduces a novel and interpretable approach for Image-based Learner Modelling (ImageLM) using CNNs and transfer learning to model learners' performance and accordingly classify their computational thinking solutions. The approach integrates Grad-CAM, enabling it to provide insights into its decision-making process. Findings show that our custom CNN outperforms other models (namely ResNet, VGG, and Inception), with 83% accuracy in predicting solution correctness. More importantly, the ImageLM approach identifies the regions that contribute the most to the predictions, shedding light on learners' computational thinking knowledge and advancing toward trustworthy AI for education. These results underline the potential of utilizing imagery data from learners' activities during the learning process to predict their performance, especially in challenging environments like programming where traditional feature extraction and learning might struggle. {\textcopyright}2023 The Authors","Computational thinking,Computational thinkings,Convolution,Convolutional neural network,Convolutional neural networks,Decision making,Forecasting,Image classification,Image data,Image processing,Image-based,Images processing,Learner modeling,Learner modelling,Learning systems,Neural network learning,Performance,Transfer learning,Trustworthy AI for education",0.6184348,0.3820436,0.3329898,0.40435106,0.125,0.08333333333333333,0.2222222222222222,,,,
0,455,81,True,891,133,{Artificial intelligence without restriction surpassing human intelligence with probability one: Theoretical insight into secrets of the brain with AI twins of the brain},"Huang, G.-B. and Westover, M B and Tan, E.-K. and Wang, H and Cui, D and Ma, W.-Y. and Wang, T and He, Q and Wei, H and Wang, N and Tian, Q and Lam, K.-Y. and Yao, X and Wong, T Y",2025,Neurocomputing,10.1016/j.neucom.2024.129053 LK - https://unimib.on.worldcat.org/atoztitles/link?sid=EMBASE&sid=EMBASE&issn=18728286&id=doi:10.1016%2Fj.neucom.2024.129053&atitle=Artificial+intelligence+without+restriction+surpassing+human+intelligence+with+probability+one%3A+Theoretical+insight+into+secrets+of+the+brain+with+AI+twins+of+the+brain&stitle=Neurocomputing&title=Neurocomputing&volume=619&issue=&spage=&epage=&aulast=Huang&aufirst=Guang-Bin&auinit=G.-B.&aufull=Huang+G.-B.&coden=NRCGE&isbn=&pages=-&date=2025&auinit1=G&auinitm=-B,"Artificial Intelligence (AI) has apparently become one of the most important techniques discovered by humans in history while the human brain is widely recognized as one of the most complex systems in the universe. One fundamental critical question which would affect human sustainability remains open: Will artificial intelligence (AI) evolve to surpass human intelligence in the future? This paper shows that in theory new AI twins with fresh cellular level of AI techniques for neuroscience could approximate the brain and its functioning systems (e.g. perception and cognition functions) with any expected small error and AI without restrictions could surpass human intelligence with probability one in the end. This paper indirectly proves the validity of the conjecture made by Frank Rosenblatt 70 years ago about the potential capabilities of AI, especially in the realm of artificial neural networks. This paper also gives the answer to the two widely discussed fundamental questions: 1) whether AI could have potentials of discovering new principles in nature; 2) whether error backpropagation (BP) algorithm commonly and efficiently used in tuning parameters in AI applications is also adopted in the brain. Intelligence is just one of fortuitous but sophisticated creations of the nature which has not been fully discovered. Like mathematics and physics, with no restrictions artificial intelligence would lead to a new subject with its self-contained systems and principles. We anticipate that this paper opens new doors for 1) AI twins and other AI techniques to be used in cellular level of efficient neuroscience dynamic analysis, functioning analysis of the brain and brain illness solutions; 2) new worldwide collaborative scheme for interdisciplinary teams concurrently working on and modelling different types of neurons and synapses and different level of functioning subsystems of the brain with AI techniques; 3) development of low energy of AI techniques with the aid of fundamental neuroscience properties; and 4) new controllable, explainable and safe AI techniques with reasoning capabilities of discovering principles in nature.","action potential,article,artificial intelligence,artificial neural network,axon,back propagation,brain analysis,brain disease,brain ischemia,cognition,decision making,dendrite,digital twin,electric potential,electrical synapse,electroencephalography,finite element analysis,gap junction,human,learning algorithm,machine learning,medical practice,nerve cell network,nerve cell plasticity,neurotransmission,presynaptic membrane,problem solving,reasoning,signal processing,signal transduction,single hidden layer feedforward neural network,support vector machine,synaptic transmission,thinking",0.37545985,0.23194367,0.3784697,0.37771726,0.125,0.08333333333333333,0.3333333333333333,,,,
0,504,87,True,891,133,{Few-Shot Learning With Geometric Constraints},"Jung, H G and Lee, S W",2020,IEEE TRANSACTIONS ON NEURAL NETWORKS AND LEARNING SYSTEMS,10.1109/TNNLS.2019.2957187,"In this article, we consider the problem of few-shot learning for classification. We assume a network trained for base categories with a large number of training examples, and we aim to add novel categories to it that have only a few, e.g., one or five, training examples. This is a challenging scenario because: 1) high performance is required in both the base and novel categories; and 2) training the network for the new categories with a few training examples can contaminate the feature space trained well for the base categories. To address these challenges, we propose two geometric constraints to fine-tune the network with a few training examples. The first constraint enables features of the novel categories to cluster near the category weights, and the second maintains the weights of the novel categories far from the weights of the base categories. By applying the proposed constraints, we extract discriminative features for the novel categories while preserving the feature space learned for the base categories. Using public data sets for few-shot learning that are subsets of ImageNet, we demonstrate that the proposed method outperforms prevalent methods by a large margin.",,0.5723825,0.3535944,0.30366963,0.37084785,0.0,0.08333333333333333,0.1111111111111111,,,,
0,573,101,True,891,133,{AFS Graph: Multidimensional Axiomatic Fuzzy Set Knowledge Graph for Open-Domain Question Answering},"Lang, Q and Liu, X and Jia, W",2023,IEEE transactions on neural networks and learning systems,10.1109/TNNLS.2022.3171677 LK - https://unimib.on.worldcat.org/atoztitles/link?sid=EMBASE&sid=EMBASE&issn=21622388&id=doi:10.1109%2FTNNLS.2022.3171677&atitle=AFS+Graph%3A+Multidimensional+Axiomatic+Fuzzy+Set+Knowledge+Graph+for+Open-Domain+Question+Answering&stitle=IEEE+Trans+Neural+Netw+Learn+Syst&title=IEEE+transactions+on+neural+networks+and+learning+systems&volume=34&issue=12&spage=10904&epage=10918&aulast=Lang&aufirst=Qi&auinit=Q.&aufull=Lang+Q.&coden=&isbn=&pages=10904-10918&date=2023&auinit1=Q&auinitm=,"Open-domain question answering (QA) tasks require a model to retrieve inference chains associated with the answer from massive documents. The core of a QA model is the information filtering ability and reasoning ability. This article proposes a semantic knowledge reasoning graph model based on the multidimensional axiomatic fuzzy set (AFS), which can generate the knowledge graph (KG) and build reasoning paths for reading comprehension tasks through unsupervised learning. Moreover, taking advantage of the interpretable AFS framework enables the proposed model to have the ability to learn and analyze the semantic relationships between candidate documents. Meanwhile, the utilization of the multidimensional AFS acquires semantic descriptions of candidate documents more concise and flexible. The similarity degree between paragraphs is calculated according to the AFS description to generate the graph. Interpretable chains of reasoning provided by the AFS knowledge graph (AFS Graph) will serve as the basis for the answer prediction. Compared with the previous methods, the AFS Graph model presented in this article improves interpretability and reasoning ability. Experimental results show that the proposed model can achieve the state-of-the-art performance on datasets of HotpotQA, SQuAD, and Natural Questions Open.","article,prediction,reasoning",0.5681853,0.35100153,0.31183255,0.37592074,0.125,0.16666666666666666,0.0,,,,
0,576,102,True,891,133,{Knowledge graph embedding with the special orthogonal group in quaternion space for link prediction},"Le, T and Tran, H and Le, B",2023,Knowledge-Based Systems,10.1016/j.knosys.2023.110400,"Graph embedding is an important technique for improving the quality of link prediction models on knowledge graphs. Although embedding based on neural networks can capture latent features with high expressive power, geometric embedding has other advantages, such as intuitiveness, interpretability, and few parameters. Several recent works have used rotation in quaternion space to enhance performance, yet these rotations have been limited to 3D representations. This paper proposes Rotate4D, a novel model that performs 4D rotations in quaternion space using a special orthogonal group. Specifically, Rotate4D begins by embedding entities in quaternion space, then rotates the head embedding to the tail embedding in two different ways (isoclinic and double rotation). The group structure helps decompose the relation into unit vectors to perform 4D rotations in quaternion space. In addition, quaternion scaling is applied to solve hierarchical relations. With this approach, the proposed model improved link prediction performance compared with state-of-the-art models on standard datasets, especially for the Hits@1 metric (an improvement of 2.72% to 3.49%). In addition to these experiments, we also theoretically prove that Rotate4D can model all relational patterns, including symmetry, anti-symmetry, inversion, and composition. {\textcopyright}2023 Elsevier B.V.","Embeddings,Forecasting,Graph embeddings,Knowledge graph,Knowledge graph embedding,Knowledge graphs,Link prediction,Neural-networks,Prediction modelling,Quaternion,Rotation,Special orthogonal group,Vector spaces",0.5004178,0.30913755,0.26354498,0.3227632,0.125,0.08333333333333333,0.2222222222222222,,,,
0,601,105,True,891,133,{Combining deep learning and ontology reasoning for remote sensing image semantic segmentation},"Li, Y and Ouyang, S and Zhang, Y",2022,Knowledge-Based Systems,10.1016/j.knosys.2022.108469,"Because of its wide potential applications, remote sensing (RS) image semantic segmentation has attracted increasing research interest in recent years. Until now, deep semantic segmentation network (DSSN) has achieved a certain degree of success on semantic segmentation of RS imagery and can obviously outperform the traditional methods based on hand-crafted features. As a classic data-driven technique, DSSN can be trained by an end-to-end mechanism and is competent for employing low-level and mid-level cues (i.e., the discriminative image structure) to understand RS images. However, its interpretability and reliability are poor due to the nature weakness of the data-driven deep learning methods. By contrast, human beings have an excellent inference capacity and can reliably interpret RS imagery with the basic RS domain knowledge. Ontological reasoning is an ideal way to imitate and employ the domain knowledge of human beings. However, it is still rarely explored and adopted in the RS domain. As a solution of the aforementioned critical limitation of DSSN, this study proposes a collaboratively boosting framework (CBF) to combine the data-driven deep learning module and knowledge-guided ontology reasoning module in an iterative manner. The deep learning module adopts the DSSN architecture and takes the integration of the original image and inferred channels as the input of the DSSN. In addition, the ontology reasoning module is composed of intra- and extra-taxonomy reasoning. More specifically, the intra-taxonomy reasoning directly corrects misclassifications of the deep learning module based on the domain knowledge, which is the key to improve the classification performance. The extra-taxonomy reasoning aims to generate the inferred channels beyond the current taxonomy to improve the discriminative performance of DSSN in the original RS image space. On the one hand, benefiting from the referred channels from the ontology reasoning module, the deep learning module using the integration of the original image and referred channels can achieve better classification performance than only using the original image. On the other hand, better classification results from the deep learning module further improve the performance of the ontology reasoning module. As a whole, the deep learning and ontology reasoning modules are mutually boosted in the iterations. Extensive experiments on two publicly open RS datasets such as UCM and ISPRS Potsdam show that our proposed CBF can outperform the competitive baselines with a large margin. {\textcopyright}2022 Elsevier B.V.","Collaboratively boosting framework,Collaboratively boosting framework (CBF),Deep learning,Deep semantic segmentation network,Deep semantic segmentation network (DSSN),Domain Knowledge,Domain knowledge,Image enhancement,Iterative methods,Learning modules,Ontology,Ontology reasoning,Ontology reasonings,Remote sensing,Remote sensing (RS) imagery,Remote sensing imagery,Remote sensing images,Remote-sensing,Semantic Segmentation,Semantic Web,Semantic segmentation,Semantics",0.5857354,0.36184323,0.37399888,0.426933,0.125,0.25,0.1111111111111111,,,,
0,657,113,True,891,133,{A review of few-shot classification},"Lim, J M and Lim, K M and Lee, C P and Lim, J Y",2025,EXPERT SYSTEMS WITH APPLICATIONS,10.1016/j.eswa.2025.127054,"Few-shot fine-grained image classification presents a significant challenge in computer vision due to its need for distinguishing subtle differences among visually similar categories with limited labeled data. This review paper provides a comprehensive overview of current methodologies and advances in this field. It examines various approaches including metric-based, data augmentation-based, knowledge distillation, self-supervised learning, and hybrid-based approaches that integrate multiple strategies. Metric-based methods focus on optimizing similarity metrics to enhance classification accuracy with few samples. Data augmentation approaches generate synthetic samples to expand training datasets and address data scarcity. Knowledge distillation leverages the transfer of knowledge from large teacher models to smaller student models, improving their performance. Self-supervised learning utilizes unlabeled data to pre-train models, thereby reducing dependence on labeled datasets. Hybrid approaches combine these techniques to address their individual limitations and enhance model robustness and adaptability. In addition, this paper also discusses the current limitations of these approaches, such as data scarcity, interpretability issues, and challenges in domain adaptation. Furthermore, key areas for future research, including multimodal learning, scalability and efficiency, domain adaptability, novel data augmentation techniques, and the interpretability and explainability of few-shot fine-grained models, are identified. The review highlights the broader implications of advancements in this field, emphasizing the potential impact on applications like object recognition, medical imaging, and species identification. By summarizing the state-of-the-art techniques and suggesting directions for future work, this paper aims to contribute to the advancement of few-shot fine-grained image classification and its practical applications.",,0.56060326,0.34631765,0.29554427,0.36180902,0.25,0.08333333333333333,0.0,,,,
0,686,116,True,891,133,{Exploring Simple and Transferable Recognition-Aware Image Processing},"Liu, Z and Wang, H J and Zhou, T H and Shen, Z Q and Kang, B Y and Shelhamer, E and Darrell, T",2023,IEEE TRANSACTIONS ON PATTERN ANALYSIS AND MACHINE INTELLIGENCE,10.1109/TPAMI.2022.3183243,"Recent progress in image recognition has stimulated the deployment of vision systems at an unprecedented scale. As a result, visual data are now often consumed not only by humans but also by machines. Existing image processing methods only optimize for better human perception, yet the resulting images may not be accurately recognized by machines. This can be undesirable, e.g., the images can be improperly handled by search engines or recommendation systems. In this work, we examine simple approaches to improve machine recognition of processed images: optimizing the recognition loss directly on the image processing network or through an intermediate input transformation model. Interestingly, the processing model's ability to enhance recognition quality can transfer when evaluated on models of different architectures, recognized categories, tasks, and training datasets. This makes the methods applicable even when we do not have the knowledge of future recognition models, e.g., when uploading processed images to the Internet. We conduct experiments on multiple image processing tasks paired with ImageNet classification and PASCAL VOC detection as recognition tasks. With these simple yet effective methods, substantial accuracy gain can be achieved with strong transferability and minimal image quality loss. Through a user study we further show that the accuracy gain can transfer to a black-box cloud model. Finally, we try to explain this transferability phenomenon by demonstrating the similarities of different models' decision boundaries. Code is available at https://github.com/liuzhuang13/Transferable_RA.",,0.56515825,0.34913158,0.35734963,0.4093018,0.0,0.08333333333333333,0.1111111111111111,,,,
0,706,121,True,891,133,{Overview of knowledge reasoning for knowledge graph},"Liu, X and Mao, T and Shi, Y and Ren, Y",2024,Neurocomputing,10.1016/j.neucom.2024.127571 LK - https://unimib.on.worldcat.org/atoztitles/link?sid=EMBASE&sid=EMBASE&issn=18728286&id=doi:10.1016%2Fj.neucom.2024.127571&atitle=Overview+of+knowledge+reasoning+for+knowledge+graph&stitle=Neurocomputing&title=Neurocomputing&volume=585&issue=&spage=&epage=&aulast=Liu&aufirst=Xinliang&auinit=X.&aufull=Liu+X.&coden=NRCGE&isbn=&pages=-&date=2024&auinit1=X&auinitm=,"Knowledge graphs are large-scale semantic networks that considerably impact knowledge representation. Mining hidden knowledge from existing data, including triplet knowledge reasoning, is a primary objective of knowledge graphs. With the development of Neural Network (NN) and Deep Learning (DL), the interpretability of triplet knowledge reasoning gradually decreases; furthermore, what machines learn is not actual reasoning but digital reasoning shortcuts. To solve this problem, more background knowledge needs to be introduced into knowledge graphs: causal graphs can offer valuable causal logic knowledge for reasoning; temporal quadruples can provide essential temporal distribution details; and commonsense graphs can furnish pertinent commonsense understanding to support reasoning. In recent years, many scholars have incorporated additional background knowledge into knowledge graphs to construct more complex reasoning mechanisms. This paper reviews the basic concepts and definitions of knowledge reasoning and the reasoning methods used for knowledge graphs. Specifically, we dissect the reasoning methods into four categories: triplet reasoning, causal inference, temporal inference, and commonsense reasoning. Finally, we discuss the remaining challenges and research opportunities related to knowledge graph reasoning.","deep learning,drug therapy,human,knowledge,mining,reasoning,short survey",0.59841716,0.36967754,0.25562394,0.34132224,0.125,0.25,0.2222222222222222,,,,
0,708,122,True,891,133,"{Rethink, Revisit, Revise: A Spiral Reinforced Self-Revised Network for Zero-Shot Learning}","Liu, Z and Li, Y and Yao, L and McAuley, J and Dixon, S",2024,IEEE transactions on neural networks and learning systems,10.1109/TNNLS.2022.3176282 LK - https://unimib.on.worldcat.org/atoztitles/link?sid=EMBASE&sid=EMBASE&issn=21622388&id=doi:10.1109%2FTNNLS.2022.3176282&atitle=Rethink%2C+Revisit%2C+Revise%3A+A+Spiral+Reinforced+Self-Revised+Network+for+Zero-Shot+Learning&stitle=IEEE+Trans+Neural+Netw+Learn+Syst&title=IEEE+transactions+on+neural+networks+and+learning+systems&volume=35&issue=1&spage=657&epage=669&aulast=Liu&aufirst=Zhe&auinit=Z.&aufull=Liu+Z.&coden=&isbn=&pages=657-669&date=2024&auinit1=Z&auinitm=,"Current approaches to zero-shot learning (ZSL) struggle to learn generalizable semantic knowledge capable of capturing complex correlations. Inspired by Spiral Curriculum, which enhances learning processes by revisiting knowledge, we propose a form of spiral learning that revisits visual representations based on a sequence of attribute groups (e.g., a combined group of color and shape). Spiral learning aims to learn generalized local correlations, enabling models to gradually enhance global learning and, thus, understand complex correlations. Our implementation is based on a two-stage reinforced self-revised (RSR) framework: preview and review. RSR first previews visual information to construct diverse attribute groups in a weakly supervised manner. Then, it spirally learns refined localities based on attribute groups and uses localities to revise global semantic correlations. Our framework outperforms state-of-the-art algorithms on four benchmark datasets in both zero-shot and generalized zero-shot settings, which demonstrates the effectiveness of spiral learning in learning generalizable and complex correlations. We also conduct extensive analysis to show that attribute groups and reinforced decision processes can capture complementary semantic information to improve predictions and aid explainability.","article,decision making,learning,prediction,visual information",0.6147609,0.379774,0.2771703,0.36156794,0.125,0.08333333333333333,0.1111111111111111,,,,
0,736,125,True,891,133,{Interpretability Diversity for Decision-Tree-Initialized Dendritic Neuron Model Ensemble},"Luo, X and Ye, L and Liu, X and Wen, X and Zhou, M and Zhang, Q",2024,IEEE transactions on neural networks and learning systems,10.1109/TNNLS.2023.3290203 LK - https://unimib.on.worldcat.org/atoztitles/link?sid=EMBASE&sid=EMBASE&issn=21622388&id=doi:10.1109%2FTNNLS.2023.3290203&atitle=Interpretability+Diversity+for+Decision-Tree-Initialized+Dendritic+Neuron+Model+Ensemble&stitle=IEEE+Trans+Neural+Netw+Learn+Syst&title=IEEE+transactions+on+neural+networks+and+learning+systems&volume=35&issue=11&spage=15896&epage=15909&aulast=Luo&aufirst=Xudong&auinit=X.&aufull=Luo+X.&coden=&isbn=&pages=15896-15909&date=2024&auinit1=X&auinitm=,"To construct a strong classifier ensemble, base classifiers should be accurate and diverse. However, there is no uniform standard for the definition and measurement of diversity. This work proposes a learners' interpretability diversity (LID) to measure the diversity of interpretable machine learners. It then proposes a LID-based classifier ensemble. Such an ensemble concept is novel because: 1) interpretability is used as an important basis for diversity measurement and 2) before its training, the difference between two interpretable base learners can be measured. To verify the proposed method's effectiveness, we choose a decision-tree-initialized dendritic neuron model (DDNM) as a base learner for ensemble design. We apply it to seven benchmark datasets. The results show that the DDNM ensemble combined with LID obtains superior performance in terms of accuracy and computational efficiency compared to some popular classifier ensembles. A random-forest-initialized dendritic neuron model (RDNM) combined with LID is an outstanding representative of the DDNM ensemble.","article,classifier,decision tree,dendrite,human,nerve cell,random forest",0.45693862,0.28227788,0.35385144,0.37962323,0.125,0.08333333333333333,0.0,,,,
0,752,128,True,891,133,{XTQA: Span-Level Explanations for Textbook Question Answering},"Ma, J and Chai, Q and Liu, J and Yin, Q and Wang, P and Zheng, Q",2024,IEEE transactions on neural networks and learning systems,10.1109/TNNLS.2023.3294991 LK - https://unimib.on.worldcat.org/atoztitles/link?sid=EMBASE&sid=EMBASE&issn=21622388&id=doi:10.1109%2FTNNLS.2023.3294991&atitle=XTQA%3A+Span-Level+Explanations+for+Textbook+Question+Answering&stitle=IEEE+Trans+Neural+Netw+Learn+Syst&title=IEEE+transactions+on+neural+networks+and+learning+systems&volume=35&issue=11&spage=16493&epage=16503&aulast=Ma&aufirst=Jie&auinit=J.&aufull=Ma+J.&coden=&isbn=&pages=16493-16503&date=2024&auinit1=J&auinitm=,"Textbook question answering (TQA) is the task of correctly answering diagram or nondiagram (ND) questions given large multimodal contexts consisting of abundant essays and diagrams. In real-world scenarios, an explainable TQA system plays a key role in deepening humans' understanding of learned knowledge. However, there is no work to investigate how to provide explanations currently. To address this issue, we devise a novel architecture toward span-level eXplanations for TQA (XTQA). In this article, spans are the combinations of sentences within a paragraph. The key idea is to consider the entire textual context of a lesson as candidate evidence and then use our proposed coarse-to-fine grained explanation extracting (EE) algorithm to narrow down the evidence scope and extract the span-level explanations with varying lengths for answering different questions. The EE algorithm can also be integrated into other TQA methods to make them explainable and improve the TQA performance. Experimental results show that XTQA obtains the best overall explanation result [mean intersection over union (mIoU)] of 52.38% on the first 300 questions of CK12-QA test splits, demonstrating the explainability of our method (ND: 150 and diagram: 150). The results also show that XTQA achieves the best TQA performance of 36.46% and 36.95% on the aforementioned splits. We have released our code in https://github.com/dr-majie/opentqa.","algorithm,article,human",0.58879286,0.36373207,0.3682276,0.42336893,0.125,0.08333333333333333,0.0,,,,
0,798,138,True,891,133,{A Primer for Neural Arithmetic Logic Modules},"Mistry, B and Farrahi, K and Hare, J",2022,Journal of Machine Learning Research,,"Neural Arithmetic Logic Modules have become a growing area of interest, though remain a niche field. These modules are neural networks which aim to achieve systematic generalisation in learning arithmetic and/or logic operations such as {+, −, ×, ÷, ≤, AND} while also being interpretable. This paper is the first in discussing the current state of progress of this field, explaining key works, starting with the Neural Arithmetic Logic Unit (NALU). Focusing on the shortcomings of the NALU, we provide an in-depth analysis to reason about design choices of recent modules. A cross-comparison between modules is made on experiment setups and findings, where we highlight inconsistencies in a fundamental experiment causing the inability to directly compare across papers. To alleviate the existing inconsistencies, we create a benchmark which compares all existing arithmetic NALMs. We finish by providing a novel discussion of existing applications for NALU and research directions requiring further exploration. {\textcopyright}2022 Bhumika Mistry, Katayoun Farrahi and Jonathon Hare.","Area of interest,Arithmetic,Arithmetic logic,Arithmetic logic unit,Computer circuits,Generalisation,Interpretability,Logic devices,Logic module,Logic operations,Neural-networks,Systematic generalization,arithmetic,extrapolation,interpretability,neural networks,systematic generalisation",0.5622828,0.3473552,0.3752222,0.42198735,0.125,0.08333333333333333,0.2222222222222222,,,,
0,800,139,True,891,133,{An explainable deep vision system for animal classification and detection in trail-camera images with automatic post-deployment retraining},"Moallem, G and Pathirage, D D and Reznick, J and Gallagher, J and Sari-Sarraf, H",2021,KNOWLEDGE-BASED SYSTEMS,10.1016/j.knosys.2021.106815,"This paper introduces an automated vision system for animal detection in trail-camera images taken from a field under the administration of the Texas Parks and Wildlife Department. As traditional wildlife counting techniques are intrusive and labor intensive to conduct, trail-camera imaging is a comparatively non-intrusive method for capturing wildlife activity. However, given the large volume of images produced from trail-cameras, manual analysis of the images remains time-consuming and inefficient. We implemented a two-stage deep convolutional neural network pipeline to find animal-containing images in the first stage and then process these images to detect birds in the second stage. The animal classification system classifies animal images with overall 93% sensitivity and 96% specificity. The bird detection system achieves better than 93% sensitivity, 92% specificity, and 68% average Intersection-over-Union rate. The entire pipeline processes an image in less than 0.5 s as opposed to an average 30 s for a human labeler. We also addressed post-deployment issues related to data drift for the animal classification system as image features vary with seasonal changes. This system utilizes an automatic retraining algorithm to detect data drift and update the system. We introduce a novel technique for detecting drifted images and triggering the retraining procedure. Two statistical experiments are also presented to explain the prediction behavior of the animal classification system. These experiments investigate the cues that steers the system towards a particular decision. Statistical hypothesis testing demonstrates that the presence of an animal in the input image significantly contributes to the system's decisions. (C) 2021 Elsevier B.V. All rights reserved.",,0.45637628,0.28193054,0.371225,0.39251283,0.125,0.0,0.2222222222222222,,,,
0,801,140,True,891,133,{Dynamical Systems Implementation of Intrinsic Sentence Meaning},"Moisl, H",2022,MINDS AND MACHINES,10.1007/s11023-022-09590-1,"This paper proposes a model for implementation of intrinsic natural language sentence meaning in a physical language understanding system, where 'intrinsic' is understood as 'independent of meaning ascription by system-external observers'. The proposal is that intrinsic meaning can be implemented as a point attractor in the state space of a nonlinear dynamical system with feedback which is generated by temporally sequenced inputs. It is motivated by John Searle's well known (Behavioral and Brain Sciences, 3: 417-57, 1980) critique of the then-standard and currently still influential computational theory of mind (CTM), the essence of which was that CTM representations lack intrinsic meaning because that meaning is dependent on ascription by an observer. The proposed dynamical model comprises a collection of interacting artificial neural networks, and constitutes a radical simplification of the principle of compositional phrase structure which is at the heart of the current standard view of sentence semantics because it is computationally interpretable as a finite state machine.",,0.5231304,0.3231685,0.44195104,0.46224588,0.125,0.0,0.2222222222222222,,,,
0,803,141,True,891,133,{Doubts on the reliability of parallel corpus filtering},"Moon, H and Park, C and Koo, S and Lee, J and Lee, S J and Seo, J and Eo, S and Jang, Y and Kim, H and Lee, H G and Lim, H",2023,EXPERT SYSTEMS WITH APPLICATIONS,10.1016/j.eswa.2023.120962,"Parallel corpus filtering (PCF) aims to filter out low-quality data residing in parallel corpora. Recently, deep learning-based methods have been employed to assess the quality of sentence pairs in a parallel corpus, along with rule-based filtering that filters out noisy data depending on the pre-defined error types. Despite their utilization, to the best of our knowledge, a comprehensive investigation into the practical applicability and interpretability of PCF techniques remains unexplored. In this study, we raise two doubts on deep learning-based PCF: (i) Can deep learning-based PCF extract high-quality data? and (ii) Are scoring functions of PCF reliable? To answer these questions, we conduct comparative experiments on various PCF techniques with four datasets on two language pairs, English-Korean, and English-Japanese. Through the experiments, we demonstrate that the performance of the deep learning-based PCF highly depends on the targeting parallel corpus, and shows fluctuating adaptability depending on their characteristics. In particular, we figure out that high-scored sentences derived by the PCF technique do not necessarily guarantee high-quality results, rather it shows unintended preference.",,0.53018135,0.32752424,0.45324433,0.47247857,0.125,0.16666666666666666,0.0,,,,
0,804,142,True,891,133,{Post-hoc explanation of black-box classifiers using confident itemsets},"Moradi, M and Samwald, M",2021,Expert Systems with Applications,10.1016/j.eswa.2020.113941,"Black-box Artificial Intelligence (AI) methods, e.g. deep neural networks, have been widely utilized to build predictive models that can extract complex relationships in a dataset and make predictions for new unseen data records. However, it is difficult to trust decisions made by such methods since their inner working and decision logic is hidden from the user. Explainable Artificial Intelligence (XAI) refers to systems that try to explain how a black-box AI model produces its outcomes. Post-hoc XAI methods approximate the behavior of a black-box by extracting relationships between feature values and the predictions. Perturbation-based and decision set methods are among commonly used post-hoc XAI systems. The former explanators rely on random perturbations of data records to build local or global linear models that explain individual predictions or the whole model. The latter explanators use those feature values that appear more frequently to construct a set of decision rules that produces the same outcomes as the target black-box. However, these two classes of XAI methods have some limitations. Random perturbations do not take into account the distribution of feature values in different subspaces, leading to misleading approximations. Decision sets only pay attention to frequent feature values and miss many important correlations between features and class labels that appear less frequently but accurately represent decision boundaries of the model. In this paper, we address the above challenges by proposing an explanation method named Confident Itemsets Explanation (CIE). We introduce confident itemsets, a set of feature values that are highly correlated to a specific class label. CIE utilizes confident itemsets to discretize the whole decision space of a model to smaller subspaces. Extracting important correlations between the features and the outcomes of the classifier in different subspaces, CIE produces instance-wise and class-wise explanations that accurately approximate the behavior of the target black-box. Conducting a set of experiments on various black-box classifiers, and different tabular and textual data classification tasks, we show that our CIE method performs better than the previous perturbation-based and rule-based explanators in terms of the descriptive accuracy (an improvement of 9.3%) and interpretability (an improvement of 8.8%) of the explanations. Subjective evaluations demonstrate that the users find the explanations of CIE more understandable and interpretable than those of the other comparison methods. {\textcopyright}2020 The Author(s)","Artificial intelligence,Classification (of information),Comparison methods,Complex relationships,Confident itemsets,Decision boundary,Deep neural networks,Explainable artificial intelligence,Fidelity,Forecasting,Highly-correlated,Individual prediction,Interpretability,Machine learning,Post-hoc explanation,Predictive analytics,Predictive models,Random perturbations,Random processes,Subjective evaluations",0.55504775,0.3428857,0.300403,0.3640642,0.375,0.3333333333333333,0.2222222222222222,,,,
0,822,145,True,891,133,{Operationalizing Explainable Artificial Intelligence in the European Union Regulatory Ecosystem},"Nannini, L and Alonso-Moral, J M and Catal{\'{a}}, A and Lama, M and Barro, S",2024,IEEE Intelligent Systems,10.1109/MIS.2024.3383155,"The European Union's (EU's) regulatory ecosystem presents challenges with balancing legal and sociotechnical drivers for explainable artificial intelligence (XAI) systems. Core tensions emerge on dimensions of oversight, user needs, and litigation. This article maps provisions on algorithmic transparency and explainability across major EU data, AI, and platform policies using qualitative analysis. We characterize the involved stakeholders and organizational implementation targets. Constraints become visible between useful transparency for accountability and confidentiality protections. Through an AI hiring system example, we explore the complications with operationalizing explainability. Customization is required to satisfy explainability desires within confidentiality and proportionality bounds. The findings advise technologists on prudent XAI technique selection given multidimensional tensions. The outcomes recommend that policy makers balance worthy transparency goals with cohesive legislation, enabling equitable dispute resolution.","Artificial intelligence,Ecosystems,Europe,Explainable AI,Intelligent systems,Law,Regulation,Sociotechnical systems,Stakeholders",0.3439699,0.21249048,0.356259,0.35318673,0.5,0.08333333333333333,0.0,,,,
0,940,155,True,891,133,{SCRE: special cargo relation extraction using representation learning},"Reshadat, V and Akcay, A and Zervanou, K and Zhang, Y and de Jong, E",2023,Neural Computing and Applications,10.1007/s00521-023-08704-9,"The airfreight industry of shipping goods with special handling needs, also known as special cargo, often deals with non-transparent data and outdated technology, resulting in significant inefficiency. A special cargo ontology is a means of extracting, structuring, and storing domain knowledge and representing the concepts and relationships that can be processed by computers. This ontology can be used as the base of semantic data retrieval in many artificial intelligence applications, such as planning for special cargo shipments. Domain information extraction is an essential task in implementing and maintaining special cargo ontology. However, the absence of domain information makes instantiating the cargo ontology challenging. We propose a relation representation learning approach based on a hierarchical attention-based multi-task model and leverage it in the special cargo domain. The proposed relation representation learning architecture is applied for identifying and categorizing samples of various relation types in the special cargo ontology. The model is trained with domain-specific documents on a number of semantic tasks that vary from lightweight tasks in the bottom layers to the heavyweight tasks in the top layers of the model in a hierarchical setting. Therefore, it conveys complementary input features and learns a rich representation. We also train a domain-specific relation representation model that relies only on an entity-linked corpus of cargo shipment domain. These two relation representation models are then employed in a supervised multi-class classifier called Special Cargo Relation Extractor (SCRE). The results of the experiments show that the proposed relation representation models can represent the complex semantic information of the special cargo domain efficiently. {\textcopyright}2023, The Author(s).","Cargo shipment,Data mining,Domain Knowledge,Domain knowledge,Domain specific,Learning systems,Ontology,Ontology's,Relation classification,Relation classifications,Relation extraction,Relation representation,Representation model,Semantic data retrieval,Semantics,Ships,Special cargo shipment",0.58241713,0.35979337,0.36556304,0.41977656,0.125,0.16666666666666666,0.1111111111111111,,,,
0,978,159,True,891,133,{GraphCLIP: Image-graph contrastive learning for multimodal artwork classification},"Scaringi, R and Fiameni, G and Vessio, G and Castellano, G",2025,Knowledge-Based Systems,10.1016/j.knosys.2024.112857,"We present GraphCLIP, a novel contrastive learning framework for multimodal artwork classification that integrates visual and contextual information to improve predictive accuracy and interpretability. Traditional computer vision methods often fall short in visual arts, where context is crucial. GraphCLIP leverages image data and a Knowledge Graph to extract features from both perspectives. Evaluated on the ArtGraph dataset, with over 100,000 artworks in 32 styles and 18 genres, GraphCLIP outperforms existing models in single-task (up to +8% in F1-score) and multi-task settings (up to +6%), demonstrating robustness even with unseen classes. Additionally, visual and contextual qualitative explanations enhance model transparency. The versatility of GraphCLIP extends beyond art classification: its methodology can be adapted to other domains where integrating diverse data types is essential. (The code is publicly available at: https://github.com/CILAB-ArtGraph/graphclip.git.) {\textcopyright}2024 The Author(s)","Adversarial machine learning,Art analysis,Contextual information,Contrastive Learning,Contrastive learning,Deep learning,Explainable AI,Graph neural networks,Image graphs,Learning frameworks,Multi-modal,Visual arts,Visual information",0.5816053,0.3592919,0.32815307,0.39151615,0.375,0.08333333333333333,0.2222222222222222,,,,
0,1012,167,True,891,133,{NeuroSymbolic Knowledge-Grounded Planning and Reasoning in Artificial Intelligence Systems},"Sheth, A and Khandelwal, V and Roy, K and Pallagani, V and Chakraborty, M",2025,IEEE Intelligent Systems,10.1109/MIS.2025.3544943,"Decision-support systems in AI-assisted health care require robust, interpretable, and user-centric processes that effectively handle natural language inputs. While large language models (LLMs) excel at generating coherent text, they struggle with complex reasoning and multistep planning tasks. In response, we propose a neurosymbolic framework that integrates LLMs with symbolic knowledge graphs, graph-based reasoners, and constraint-aware planning modules. This hybrid approach leverages LLMs for initial plan formulation while refining outcomes with structured, domain-specific representations that enforce safety standards, ensure regulatory compliance, and maintain logical consistency. Demonstrated through examples in health care and manufacturing, our method bridges the gap between unstructured language generation and formal reasoning, enhancing reliability in high-stakes applications and supporting dynamic, context-aware decision-making. The framework offers a scalable, trustworthy solution for complex, constraint-driven environments. By combining generative creativity with formal logic, our approach addresses the key limitations of LLMs, making it suitable for diverse, high-impact domains.","Cognition,Context awareness,Decision making,Decision support systems,Medical services,Natural languages,Planning,Regulation,Safety,Standards,User centered design",0.61611915,0.3806131,0.30326104,0.38147557,0.125,0.5,0.1111111111111111,,,,
0,1084,180,True,891,133,{Multi-modal Knowledge-aware Reinforcement Learning Network for Explainable Recommendation[Formula presented]},"Tao, S and Qiu, R and Ping, Y and Ma, H",2021,Knowledge-Based Systems,10.1016/j.knosys.2021.107217,"Knowledge graphs (KGs) can provide rich, structured information for recommendation systems as well as increase accuracy and perform explicit reasoning. Deep reinforcement learning (RL) has also sparked great interest in personalized recommendations. The combination of the two holds promise in carrying out interpretable causal inference procedures and improving the performance of graph-structured recommendation. However, most KG-based recommendation focus on rich semantic relationships between entities in a heterogeneous knowledge graph, and thus fail to fully make use of the image information corresponding to an entity. In order to address these issues, we proposed a novel Multi-modal Knowledge-aware Reinforcement Learning Network (MKRLN), which couples recommendation and interpretability by providing actual paths in multi-modal KG (MKG). The MKRLN can generate path representation by composing the structural and visual information of entities, and infers the underlying rational of agent-MKG interactions by leveraging the sequential dependencies within a path from the MKG. In addition, as KGs have too many attributes and entities, their combination with RL leads to too many action spaces and states in the reinforcement learning space, which complicates the search of action spaces. Furthermore, in order to solve this problem, we proposed a new hierarchical attention-path, which makes users focus their attention on the items they are interested in. This reduces the relations and entities in the KGs, which in turn reduces the action space and state in RL, shortens the path to the target entity, and improves the accuracy of recommendation. Our model has explicit explanation ability in knowledge and images. Finally, we extensively evaluated our model on several large-scale real-world benchmark datasets, and it yielded favorable results compared with state-of-the-art methods. {\textcopyright}2021 Elsevier B.V.","Action spaces,Deep learning,Deep reinforcement learning,Image,Image enhancement,Knowledge graph,Knowledge graphs,Large dataset,Learning network,Multi-modal,Multi-modal knowledge graph,Personalized recommendation,Recommendation,Recommender systems,Reinforcement learning,Reinforcement learnings,Semantics,Structured information",0.6579523,0.4064559,0.25217646,0.3536204,0.25,0.16666666666666666,0.2222222222222222,,,,
0,1140,189,True,891,133,{TAGAT: Type-Aware Graph Attention neTworks for reasoning over knowledge graphs},"Wang, Y and Wang, H and He, J and Lu, W and Gao, S",2021,Knowledge-Based Systems,10.1016/j.knosys.2021.107500,"With the rapid development of knowledge graphs (KGs), various AI-related applications have been affected positively. However, even though some KGs are relatively large, they still suffer from incompleteness. This has mighty promoted the development of reasoning over KGs to complement them. However, most existing reasoning methods only focus on semantics in the KG, ignoring potential or valuable information hidden in it, the most typical ones are neighborhood information and type information. This limits not only the reasoning performance but also the interpretability of the embedding space. To this end, we propose a Type-Aware Graph Attention neTworks (TAGAT) for the reasoning task over KGs. Except for combining type-related information during the embedding process, TAGAT further adopts a hierarchical attention mechanism to realize the perception of type and neighborhood information meticulously. For each entity, different attention levels respectively focus on considering the contribution of different relations, different types under each relation and different entity of each type under each relation. Moreover, the embedding space of TAGAT is constrained by the type information and naturally has better type-related interpretability, which greatly complements the defects of existing KGC models. Extensive experiments validate the high reasoning performance and the relatively ideal interpretability of our model. {\textcopyright}2021 Elsevier B.V.","Attention mechanisms,Embeddings,Graph attention network,Graph embeddings,Hierarchical attention mechanism,Interpretability,Knowledge graph,Knowledge graph embedding,Knowledge graphs,Knowledge reasoning,Semantics,Type information,Type-aware",0.6494325,0.40119272,0.28128338,0.37332064,0.125,0.16666666666666666,0.1111111111111111,,,,
0,1257,212,True,891,133,{One-Stage Tree: end-to-end tree builder and pruner},"Xu, Z and Zhu, G and Yuan, C and Huang, Y",2022,Machine Learning,10.1007/s10994-021-06094-4,"Decision trees have favorable properties, including interpretability, high computational efficiency, and the ability to learn from little training data. Learning a decision tree is known to be NP-complete. The researchers have proposed many greedy algorithms such as CART to learn approximate solutions. Inspired by the current popular neural networks, soft trees that support end-to-end training with back-propagation have attracted more and more attention. However, existing soft trees either lose the interpretability due to the continuous relaxation or employ the two-stage method of end-to-end building and then pruning. In this paper, we propose One-Stage Tree to build and prune the decision tree jointly through a bilevel optimization problem. Moreover, we leverage the reparameterization trick and proximal iterations to keep the tree discrete during end-to-end training. As a result, One-Stage Tree reduces the performance gap between training and testing and maintains the advantage of interpretability. Extensive experiments demonstrate that the proposed One-Stage Tree outperforms CART and the existing soft trees on classification and regression tasks. {\textcopyright}2021, The Author(s).","Backpropagation,Computational efficiency,Decision tree,Decision trees,End to end,End-to-end learning,Explainable AI,Greedy algorithms,Interpretability,Learn+,NP Complete,Property,Soft tree,Training data",0.56755584,0.35061273,0.34120715,0.3977943,0.25,0.08333333333333333,0.2222222222222222,,,,
0,1273,215,True,891,133,{Online learning discriminative sparse convolution networks for robust UAV object tracking},"Xu, Q and Xu, Z and Wang, H and Chen, Y and Tao, L",2025,Knowledge-Based Systems,10.1016/j.knosys.2024.112742,"Despite the remarkable empirical success for UAV object tracking, current convolutional networks usually have three unavoidable limitations: (1) The feature maps produced by convolutional layers are difficult to interpret. (2) The network needs to be trained offline on a large-scale auxiliary training set, resulting in the feature extraction ability of the trained network depending on the categories of the training set. (3) The performance of networks suffers from sensitivity to hyper-parameters (such as learning rate and weight decay) when the network needs online fine-tuning. To overcome the three limitations, this paper proposes a Discriminative Sparse Convolutional Network (DSCN) that exhibits good layer-wise interpretability and can be trained online without requiring any auxiliary training data. By imposing sparsity constraints on the convolutional kernels, DSCN furnishes the convolution layer with an explicit data meaning, thus enhancing the interpretability of the feature maps. These convolutional kernels are directly learned online from image blocks, which eliminates the offline training process on auxiliary data sets. Moreover, a simple yet effective online tuning method with few hyper-parameters is proposed to fine-tune fully connected layers online. We have successfully applied DSCN to UAV object tracking and conducted extensive experiments on six mainstream UAV datasets. The experimental results demonstrate that our method performs favorably against several state-of-the-art tracking algorithms in terms of tracking accuracy and robustness. {\textcopyright}2024 Elsevier B.V.","Adversarial machine learning,Contrastive Learning,Convolution,Convolutional networks,Deep learning,Feature map,Federated learning,Hyper-parameter,Interpretability,Object Tracking,Online learning,Sparse constrain,Sparse constrains,Training sets,UAV object tracking",0.51063585,0.31544983,0.37252516,0.40705281,0.125,0.08333333333333333,0.2222222222222222,,,,
0,1309,220,True,891,133,{FGCAN: Filter-based Gated Contextual Attention Network for event detection},"Yao, S and Shuang, K and Li, R and Su, S",2021,Knowledge-Based Systems,10.1016/j.knosys.2021.107294,"Contextual information is widely used in natural language processing and is important for event detection. How to make full use of contextual information is a challenging problem. Traditional event detection methods mainly use sentence-level information to identify event triggers and classify them into specific types. Event trigger is defined as the word or phrase that most clearly expresses an event occurrence. However, the information used for detecting events is usually spread across multiple sentences, and sentence-level information is often insufficient to resolve ambiguities for some types of events. In this paper, we propose a novel Filter-based Gated Contextual Attention Network model called FGCAN, which is augmented with hierarchical contextualized representations to utilize both sentence-level and document-level information. In document level, we construct a gated contextual attention layer to extract document-level information by considering the relatedness between the current and other sentences and dynamically incorporate it into words. In this way, we can get cross-sentence clues without designing complex inference rules. In sentence level, we feed sentences into the classifier to get global information of them, and devise a rule-based filter algorithm to rectify the prediction of each word based on the probability ranking of the sentence labels, which is highly interpretable. These two mechanisms focusing on different scopes of contextual information can complement each other. The experimental results on the widely used ACE 2005 and KBP 2015 datasets show that our approach outperforms the state-of-the-art methods and the two components are effective in using contextual information. {\textcopyright}2021 Elsevier B.V.","Classification (of information),Contextual information,Detection methods,Event detection,Event trigger,Events detection,Filter algorithm,Filter-based,Language processing,Natural language processing systems,Natural languages,Neural network,Neural networks,Neural-networks,Sentence level",0.61221844,0.37820342,0.29679656,0.37565202,0.125,0.16666666666666666,0.3333333333333333,,,,
0,1327,222,True,891,133,{Explicit Duration Recurrent Networks},"Yu, S -Z.",2022,IEEE Transactions on Neural Networks and Learning Systems,10.1109/TNNLS.2021.3051019,"Recurrent neural networks (RNNs) can be used to operate over sequences of vectors and have been successfully applied to a variety of problems. However, it is hard to use RNNs to model the variable dwell time of the hidden state underlying an input sequence. In this article, we interpret the typical RNNs, including original RNN, standard long short-term memory (LSTM), peephole LSTM, projected LSTM, and gated recurrent unit (GRU), using a slightly extended hidden Markov model (HMM). Based on this interpretation, we are motivated to propose a novel RNN, called explicit duration recurrent network (EDRN), analog to a hidden semi-Markov model (HSMM). It has a better performance than conventional LSTMs and can explicitly model any duration distribution function of the hidden state. The model parameters become interpretable and can be used to infer many other quantities that the conventional RNNs cannot obtain. Therefore, EDRN is expected to extend and enrich the applications of RNNs. The interpretation also suggests that the conventional RNNs, including LSTM and GRU, can be made small modifications to improve their performance without increasing the parameters of the networks.","Computer architecture,Delay effects,Delays,Gated recurrent unit (GRU),Hidden Markov models,Logic gates,Standards,Time series analysis,hidden Markov model (HMM),hidden semi-Markov model (HSMM),long short-term memory (LSTM) networks,recurrent neural networks (RNNs),sequence learning,state duration distribution",0.46135828,0.2850082,0.34420693,0.37349477,0.125,0.08333333333333333,0.2222222222222222,,,,
0,1355,228,True,891,133,{Three-way enhanced convolutional neural networks for sentence-level sentiment classification},"Zhang, Y and Zhang, Z and Miao, D and Wang, J",2019,Information Sciences,10.1016/j.ins.2018.10.030,"Deep neural network models have achieved remarkable results in sentiment classification. Traditional feature-based methods perform slightly worse than deep learning methods in terms of classification accuracy, but they have their own advantages in interpretability and time complexity. To the best of our knowledge, few works study the ensemble of deep learning methods and traditional feature-based methods. Inspired by the methodology of three-way decisions, we proposed a three-way enhanced convolutional neural network model named 3W-CNN. 3W-CNN can be seen as an ensemble method which uses the enhance model to optimize convolutional neural networks (CNN). The enhance model is selected according to the classification accuracy and the difference in classification results compared to CNN. Support vector machine with naive bayes features (NB-SVM) is selected as the enhance model after comparing with several baseline models. However, the performance of NB-SVM is worse than CNN on most of benchmark datasets. To address this issue, we construct a component named confidence divider and design a confidence function to distinguish the classification quality of CNN. NB-SVM is further utilized to reclassify the predictions with weak confidence. The experimental results validated the effectiveness of 3W-CNN and showed three-way decisions could further improve the accuracy of sentiment classification. {\textcopyright}2018 Elsevier Inc.","Benchmarking,Classification accuracy,Classification quality,Classification results,Convolution,Convolutional Neural Networks (CNN),Convolutional neural network,Convolutional neural networks,Deep neural networks,Neural network model,Neural networks,Sentiment classification,Support vector machines,Three-way decisions",0.5684981,0.35119474,0.36942732,0.419195,0.125,0.08333333333333333,0.2222222222222222,,,,
0,1384,233,True,891,133,{ShuffleTrans: Patch-wise weight shuffle for transparent object segmentation},"Zhang, B and Wang, Z and Ling, Y and Guan, Y and Zhang, S and Li, W and Wei, L and Zhang, C",2023,Neural Networks,10.1016/j.neunet.2023.08.011 LK - https://unimib.on.worldcat.org/atoztitles/link?sid=EMBASE&sid=EMBASE&issn=18792782&id=doi:10.1016%2Fj.neunet.2023.08.011&atitle=ShuffleTrans%3A+Patch-wise+weight+shuffle+for+transparent+object+segmentation&stitle=Neural+Netw.&title=Neural+Networks&volume=167&issue=&spage=199&epage=212&aulast=Zhang&aufirst=Boxiang&auinit=B.&aufull=Zhang+B.&coden=NNETE&isbn=&pages=199-212&date=2023&auinit1=B&auinitm=,"Transparent objects widely exist in the world. The task of transparent object segmentation is challenging as the object lacks its own texture. The cue of shape information therefore gets more critical. Most existing methods, however, rely on the mechanism of simple convolution, which is good at local cues and performs weakly on global cues like shape. To solve this problem, an operation named Patch-wise Weight Shuffle is proposed to bring in the global context cue by being combined with the dynamic convolution. A network ShuffleTrans that recognizes shape better is then designed based on this operation. Besides, fitter for this task, two auxiliary modules are presented in ShuffleTrans: a Boundary and Direction Refinement Module which collects two additional information, and a Channel Attention Enhancement Module that assists the above operation. Experiments on four texture-less object segmentation datasets and two normal datasets verify the effectiveness and generality of the method. Especially, the ShuffleTrans achieved 74.93% mIoU on the Trans10k v2 test set, which is more accurate than existing methods.","article,attention",0.36451662,0.22518343,0.41743094,0.40420237,0.125,0.0,0.1111111111111111,,,,
0,1406,235,True,891,133,{A Machine Learning Paradigm for Studying Pictorial Realism: How Accurate are Constable's Clouds?},"Zhang, Z and Mansfield, E C and Li, J and Russell, J and Young, G S and Adams, C and Bowley, K A and Wang, J Z",2024,IEEE Transactions on Pattern Analysis and Machine Intelligence,10.1109/TPAMI.2023.3324743,"The British landscape painter John Constable is considered foundational for the Realist movement in 19th-century European painting. Constable's painted skies, in particular, were seen as remarkably accurate by his contemporaries, an impression shared by many viewers today. Yet, assessing the accuracy of realist paintings like Constable's is subjective or intuitive, even for professional art historians, making it difficult to say with certainty what set Constable's skies apart from those of his contemporaries. Our goal is to contribute to a more objective understanding of Constable's realism. We propose a new machine-learning-based paradigm for studying pictorial realism in an explainable way. Our framework assesses realism by measuring the similarity between clouds painted by artists noted for their skies, like Constable, and photographs of clouds. The experimental results of cloud classification show that Constable approximates more consistently than his contemporaries the formal features of actual clouds in his paintings. The study, as a novel interdisciplinary approach that combines computer vision and machine learning, meteorology, and art history, is a springboard for broader and deeper analyses of pictorial realism.","Art,Clouds,Feature extraction,Image segmentation,John Constable,Machine learning,Painting,Pictorial realism,Visualization,cloud classification,feature fusion,style disentanglement",0.41641057,0.25724134,0.35764682,0.37233776,0.125,0.08333333333333333,0.0,,,,
0,1431,241,True,891,133,{Brain-Inspired Search Engine Assistant Based on Knowledge Graph},"Zhao, X and Chen, H and Xing, Z and Miao, C",2023,IEEE transactions on neural networks and learning systems,10.1109/TNNLS.2021.3113026 LK - https://unimib.on.worldcat.org/atoztitles/link?sid=EMBASE&sid=EMBASE&issn=21622388&id=doi:10.1109%2FTNNLS.2021.3113026&atitle=Brain-Inspired+Search+Engine+Assistant+Based+on+Knowledge+Graph&stitle=IEEE+Trans+Neural+Netw+Learn+Syst&title=IEEE+transactions+on+neural+networks+and+learning+systems&volume=34&issue=8&spage=4386&epage=4400&aulast=Zhao&aufirst=Xuejiao&auinit=X.&aufull=Zhao+X.&coden=&isbn=&pages=4386-4400&date=2023&auinit1=X&auinitm=,"Search engines can quickly respond to a hyperlink list according to query keywords. However, when a query is complex, developers need to repeatedly refine search keywords and open a large number of web pages to find and summarize answers. Many research works of question and answering (Q&A) system attempt to assist search engines by providing simple, accurate, and understandable answers. However, without original semantic contexts, these answers lack explainability, making them difficult for users to trust and adopt. In this article, a brain-inspired search engine assistant named DeveloperBot based on knowledge graph is proposed, which aligns to the cognitive process of humans and has the capacity to answer complex queries with explainability. Specifically, DeveloperBot first constructs a multilayer query graph by splitting a complex multiconstraint query into several ordered constraints. Then, it models a constraint reasoning process as a subgraph search process inspired by a spreading activation model of cognitive science. In the end, novel features of the subgraph are extracted for decision-making. The corresponding reasoning subgraph and answer confidence are derived as explanations. The results of the decision-making demonstrate that DeveloperBot can estimate answers and answer confidences with high accuracy. We implement a prototype and conduct a user study to evaluate whether and how the direct answers and the explanations provided by DeveloperBot can assist developers' information needs.","article,brain,decision making,human,human experiment,psychology,reasoning,search engine,trust",0.57295096,0.35394555,0.36392373,0.41618052,0.125,0.25,0.0,,,,
0,1475,244,True,891,133,{Frequency-aware feature aggregation network with dual-task consistency for RGB-T salient object detection},"Zhou, H and Tian, C and Zhang, Z and Li, C and Xie, Y and Li, Z",2024,Pattern Recognition,10.1016/j.patcog.2023.110043,"RGB-Thermal salient object detection (SOD) aims to merge two spectral images to segment visually appealing objects. Current methods primarily extract salient object information in the pixel perspective. However, biological and psychological research indicates notable frequency sensitivity of the human visual system (HVS). The high-frequency (HF) and low-frequency (LF) information in images are processed by different neural channels, which has been overlooked in SOD. In this study, we argue that the objective of RGB-T SOD is not only to enhance feature representation in the pixel-aware but also to emulate human visual mechanisms. To our best knowledge, we explore RGB-T SOD from the frequency perspective for the first time. Specifically, we first present a frequency-aware multi-spectral feature aggregation module (FMFA) to exploit the separability and complementarity of frequency-aware features, generating and making full use of LF and HF cues. FMFA improves the feature representation of RGB-T from the frequency perspective and provides stronger frequency cues for boundary auxiliary tasks. Then, we develop an HF-guided signed distance map prediction module (HF-SDM) with dual-task consistency to effectively alleviate the coarse mask caused by blur boundary. HF-SDM employs the geometric relationship of objects which boosts the interaction between salient regions and boundaries. As a result, the model can gain sharper boundaries for salient objects. Finally, we propose a frequency-aware feature aggregation network (FFANet) incorporated with dual-task learning. Extensive experiments on RGB-T SOD datasets demonstrate that our proposed method outperforms other state-of-the-art methods. Ablation studies and visualizations further verify the effectiveness and interpretability of our method. {\textcopyright}2023 Elsevier Ltd","Aggregation network,Dual-task consistency,Dual-tasks,Feature aggregation,Feature extraction,Frequency feature aggregation,Frequency features,High frequency HF,Image segmentation,Object detection,Object recognition,Pixels,RGB-thermal,Salient object detection,Thermal",0.37232882,0.23000945,0.4570756,0.4358889,0.125,0.08333333333333333,0.2222222222222222,,,,
0,1480,245,True,891,133,{Interpretable knowledge recommendation for intelligent process planning with graph embedded deep reinforcement learning},"Zhou, G and Han, C and Zhang, C and Zhou, Y and Zeng, K and Liu, J and Li, J and Ding, K and Chan, F T S",2025,Advanced Engineering Informatics,10.1016/j.aei.2025.103321,"In the context of Industry 4.0, knowledge recommendation serves as the basis for intelligent process planning. However, the limited interpretability of knowledge recommendation systems make it challenging for users to understand and trust the recommendation process. Consequently, this paper defines an interpretable knowledge recommendation process (iKRP) task that transforms the knowledge recommendation process into a sequential decision-making task through deep reinforcement learning (DRL). It then generates relational paths to the answers based on the topic entities within the knowledge graph. To improve the interpretability of the recommended process knowledge, the following research approaches are proposed: (1) a framework for recommending sequences of process decision knowledge; (2) a TransEx knowledge graph embedding model that integrates attention mechanisms and complex-valued embeddings, with the accuracy improvements of 5.56 % over baseline method; (3) a process knowledge recommendation network based on DRL through the asynchronous superior actor-critic algorithm to achieve interpretability; (4) enhanced interpretability of the recommended process knowledge via the presentation of clear decision paths. Finally, the validity and reliability of the proposed method are demonstrated through application cases, which achieve a final accuracy rate of 0.8148. {\textcopyright}2025 Elsevier Ltd","Deep reinforcement learning,Intelligent process planning,Interpretability,Interpretable knowledge recommendation,Knowledge graph,Knowledge graphs,Knowledge reuse,Process decisions,Process knowledge,Reinforcement learnings,Research approach,Sequential decision making",0.54291004,0.33538756,0.32971877,0.3830166,0.125,0.08333333333333333,0.2222222222222222,,,,
0,1510,254,True,891,133,{The Mechanical Bard: An Interpretable Machine Learning Approach to Shakespearean Sonnet Generation},"Agnew, E and Qiu, M and Zhu, L and Wiseman, S and Rudin, C",2023,,10.18653/v1/2023.acl-short.140,"We consider the automated generation of sonnets, a poetic form constrained according to meter, rhyme scheme, and length. Sonnets generally also use rhetorical figures, expressive language, and a consistent theme or narrative. Our constrained decoding approach allows for the generation of sonnets within preset poetic constraints, while using a relatively modest neural backbone. Human evaluation confirms that our approach produces Shakespearean sonnets that resemble human-authored sonnets, and which adhere to the genre's defined constraints and contain lyrical language and literary devices. {\textcopyright}2023 Association for Computational Linguistics.","Automated generation,Computational linguistics,Constrained decoding,Human evaluation,Machine learning,Machine learning approaches,Mechanical",0.52480596,0.32420355,0.42233354,0.44795167,0.125,0.08333333333333333,0.1111111111111111,,,,
0,1541,260,True,891,133,{Topological RANSAC for instance verification and retrieval without fine-tuning},"An, G and Seon, J and An, I and Huo, Y and Yoon, S E",2023,,,"This paper presents an innovative visual reasoning approach to enhancing instance verification and retrieval, particularly in situations where a fine-tuning set is unavailable. The widely-used SPatial verification (SP) method, despite its efficacy, relies on a spatial model and the hypothesis-testing strategy for instance recognition, leading to inherent limitations, including the assumption of planar structures and neglect of topological relations among features. To address these shortcomings, we introduce a pioneering technique that replaces the spatial model with a topological one within the RANSAC process. We propose bio-inspired saccade and fovea functions to verify the topological consistency among features, effectively circumventing the issues associated with SP's spatial model. Our experimental results demonstrate that our method significantly outperforms SP, achieving state-of-the-art performance in non-fine-tuning retrieval. Furthermore, our approach can enhance performance when used in conjunction with fine-tuned features. Importantly, our method retains high explainability and is lightweight, offering a practical and adaptable solution for a variety of real-world applications. Our code can be found through this link.",,0.44866392,0.27716613,0.47840428,0.4709692,0.125,0.08333333333333333,0.0,,,,
0,1570,269,True,891,133,{Accelerating Concept Learning via Sampling},"Baci, A and Heindorf, S",2023,,10.1145/3583780.3615158,"Node classification is an important task in many fields, e.g., predicting entity types in knowledge graphs, classifying papers in citation graphs, or classifying nodes in social networks. In many cases, it is crucial to explain why certain predictions are made. Towards this end, concept learning has been proposed as a means of interpretable node classification: given positive and negative examples in a knowledge base, concepts in description logics are learned that serve as classification models. However, state-of-the-art concept learners, including EvoLearner and CELOE exhibit long runtimes. In this paper, we propose to accelerate concept learning with graph sampling techniques. We experiment with seven techniques and tailor them to the setting of concept learning. In our experiments, we achieve a reduction in training size by over 90% while maintaining a high predictive performance. {\textcopyright}2023 Copyright held by the owner/author(s).","Citation graphs,Classification models,Concept learning,Data description,Description logic,Entity-types,Graph sampling,Graph samplings,Graph theory,Knowledge base,Knowledge bases,Knowledge graph,Knowledge graphs,Negative examples,Positive examples",0.5568441,0.34399545,0.35432148,0.40495214,0.125,0.16666666666666666,0.1111111111111111,,,,
0,1576,270,True,891,133,{Conversational Decision-Making Model for Predicting the King's Decision in the Annals of the Joseon Dynasty},"Bak, J and Oh, A and Linguist, Assoc Computat",2018,,,"Styles of leaders when they make decisions in groups vary, and the different styles affect the performance of the group. To understand the key words and speakers associated with decisions, we initially formalize the problem as one of predicting leaders' decisions from discussion with group members. As a dataset, we introduce conversational meeting records from a historical corpus, and develop a hierarchical RNN structure with attention and pre-trained speaker embedding in the form of a, Conversational Decision Making Model (CDMM). The CDMM outperforms other baselines to predict leaders' final decisions from the data. We explain why CDMM works better than other methods by showing the key words and speakers discovered from the attentions as evidence.",,0.5226053,0.3228441,0.4256978,0.44992468,0.0,0.08333333333333333,0.0,,,,
0,1628,283,True,891,133,{What Languages are Easy to Language-Model? A Perspective from Learning Probabilistic Regular Languages},"Borenstein, N and Svete, A and Chan, R S M and Valvoda, J and Nowak, F and Augenstein, I and Chodroff, E and Cotterell, R",2024,,,"What can large language models learn? By definition, language models (LM) are distributions over strings. Therefore, an intuitive way of addressing the above question is to formalize it as a matter of learnability of classes of distributions over strings. While prior work in this direction focused on assessing the theoretical limits, in contrast, we seek to understand the empirical learnability. Unlike prior empirical work, we evaluate neural LMs on their home turf-learning probabilistic languages-rather than as classifiers of formal languages. In particular, we investigate the learnability of regular LMs (RLMs) by RNN and Transformer LMs. We empirically test the learnability of RLMs as a function of various complexity parameters of the RLM and the hidden state size of the neural LM. We find that the RLM rank, which corresponds to the size of linear space spanned by the logits of its conditional distributions, and the expected length of sampled strings are strong and significant predictors of learnability for both RNNs and Transformers. Several other predictors also reach significance, but with differing patterns between RNNs and Transformers.",,0.5414064,0.33445862,0.25752008,0.32849166,0.0,0.08333333333333333,0.1111111111111111,,,,
0,1641,288,True,891,133,{A System for Explainable Answer Set Programming},"Cabalar, P and Fandinno, J and Mu{\~{n}}iz, B",2020,,10.4204/EPTCS.325.19,"We present xclingo, a tool for generating explanations from ASP programs annotated with text and labels. These annotations allow tracing the application of rules or the atoms derived by them. The input of xclingo is a markup language written as ASP comment lines, so the programs annotated in this way can still be accepted by a standard ASP solver. xclingo translates the annotations into additional predicates and rules and uses the ASP solver clingo to obtain the extension of those auxiliary predicates. This information is used afterwards to construct derivation trees containing textual explanations. The language allows selecting which atoms to explain and, in its turn, which atoms or rules to include in those explanations. We illustrate the basic features through a diagnosis problem from the literature.",,0.53426623,0.3300477,0.3594461,0.40315115,0.125,0.08333333333333333,0.0,,,,
0,1651,290,True,891,133,{Unfooling Perturbation-Based Post Hoc Explainers},"Carmichael, Z and Scheirer, W J",2023,,10.1609/aaai.v37i6.25847,"Monumental advancements in artificial intelligence (AI) have lured the interest of doctors, lenders, judges, and other professionals. While these high-stakes decision-makers are optimistic about the technology, those familiar with AI systems are wary about the lack of transparency of its decision-making processes. Perturbation-based post hoc explainers offer a model agnostic means of interpreting these systems while only requiring query-level access. However, recent work demonstrates that these explainers can be fooled adversarially. This discovery has adverse implications for auditors, regulators, and other sentinels. With this in mind, several natural questions arise – how can we audit these black box systems? And how can we ascertain that the auditee is complying with the audit in good faith? In this work, we rigorously formalize this problem and devise a defense against adversarial attacks on perturbation-based explainers. We propose algorithms for the detection (CAD-Detect) and defense (CAD-Defend) of these attacks, which are aided by our novel conditional anomaly detection approach, KNN-CAD. We demonstrate that our approach successfully detects whether a black box system adversarially conceals its decision-making process and mitigates the adversarial attack on real-world data for the prevalent explainers, LIME and SHAP. The code for this work is available at https://github.com/craymichael/unfooling. Copyright {\textcopyright}2023, Association for the Advancement of Artificial Intelligence (www.aaai.org). All rights reserved.","Anomaly detection,Artificial intelligence systems,Black box system,Decision makers,Decision making,Decision-making process,Detection approach,Good faith,Lime,Network security,Optimistics,Real-world",0.5050875,0.31202233,0.34141088,0.38233003,0.125,0.08333333333333333,0.1111111111111111,,,,
0,1662,296,True,891,133,{NVSRN: A Neural Variational Scaling Reasoning Network for Initiative Response Generation},"Chang, J and He, R and Xu, H and Han, K and Wang, L and Li, X and Dang, J",2019,,10.1109/ICDM.2019.00015,"Open-domain multi-turn dialogue systems are booming in human-machine interactions, which encourage to chat actively and freely in an intelligent natural way. Previous generative conversational models usually employ a single and deterministic encoder-decoder framework to model the semantic consistency between the context and corresponding response. However, they neglect the various dialog patterns (we denote the regularity of topic shifting as dialog pattern) in the conversations, leading to uninformative, non-initiative yet plausible responses. Although the existing variational methods have improved the response diversity to some extent by introducing a global variability into the generative process, they fail to simulate the transfer between topics with directional information due to the weak interpretability of the Gaussian-distributed latent variables. In this paper, we propose a novel Neural Variational Scaling Reasoning Network (NVSRN) for initiative response generation. To this end, our approach has two core ingredients: neural dialog pattern reasoner (reasoner) and topic scaling mechanism. Specifically, inspired by the advantage of von Mises-Fisher (vMF) distribution modeling the directional data (e.g., the topic transfer state), we employ it as the latent space of the reasoner to explore the regularity of topic shifting, which is then used to reason the topic of response. Based on this, a topic scaling mechanism is designed to control the transfer degree of topic in the response generator. The experimental results on two large dialog datasets demonstrate that the proposed model outperforms state-of-the-art baselines. The human evaluation shows the proposed model can produce more informative and initiative responses actively.","topic shifting, von Mises Fisher distribution,conditional variational autoencoder,dialogue generation,topic scaling mechanism",0.66372633,0.41002288,0.28855836,0.38235036,0.125,0.08333333333333333,0.2222222222222222,,,,
0,1663,297,True,891,133,{Invariant Rationalization},"Chang, S Y and Zhang, Y and Yu, M and Jaakkola, T S and Syst, Assoc Informat",2019,,,"Selective rationalization improves neural network interpretability by identifying a small subset of input features - the rationale - that best explains or supports the prediction. A typical rationalization criterion, i.e. maximum mutual information (MMI), finds the rationale that maximizes the prediction performance based only on the rationale. However, MMI can be problematic because it picks up spurious correlations between the input features and the output. Instead, we introduce a game-theoretic invariant rationalization criterion where the rationales are constrained to enable the same predictor to be optimal across different environments. We show both theoretically and empirically that the proposed rationales can rule out spurious correlations and generalize better to different test scenarios. The resulting explanations also align better with human judgments. Our implementations are publicly available at https://github.com/code-terminator/ invariant_rationalization.","Game theory,Game-theoretic,Human judgments,Input features,Interpretability,Machine learning,Maximum mutual information,Prediction performance,Stereophonic broadcasting,Test scenario",0.49125978,0.3034801,0.3659066,0.3972449,0.125,0.08333333333333333,0.2222222222222222,,,,
0,1665,298,True,891,133,{Knowledge Graph Completion with Counterfactual Augmentation},"Chang, H and Cai, J and Li, J",2023,,10.1145/3543507.3583401,"Graph Neural Networks (GNNs) have demonstrated great success in Knowledge Graph Completion (KGC) by modeling how entities and relations interact in recent years. However, most of them are designed to learn from the observed graph structure, which appears to have imbalanced relation distribution during the training stage. Motivated by the causal relationship among the entities on a knowledge graph, we explore this defect through a counterfactual question: ""would the relation still exist if the neighborhood of entities became different from observation?"". With a carefully designed instantiation of a causal model on the knowledge graph, we generate the counterfactual relations to answer the question by regarding the representations of entity pair given relation as context, structural information of relation-aware neighborhood as treatment, and validity of the composed triplet as the outcome. Furthermore, we incorporate the created counterfactual relations with the GNN-based framework on KGs to augment their learning of entity pair representations from both the observed and counterfactual relations. Experiments on benchmarks show that our proposed method outperforms existing methods on the task of KGC, achieving new state-of-the-art results. Moreover, we demonstrate that the proposed counterfactual relations-based augmentation also enhances the interpretability of the GNN-based framework through the path interpretations of predictions. {\textcopyright}2023 ACM.","Causal inferences,Counterfactuals,Graph augmentation,Graph neural networks,Graph structures,Knowledge graph,Knowledge graph completion,Knowledge graphs,Learn+,Neighbourhood,Network-based framework,causal inference,graph augmentation,graph neural networks,knowledge graph completion",0.5897008,0.36429295,0.27949178,0.35704404,0.125,0.08333333333333333,0.2222222222222222,,,,
0,1667,299,True,891,133,{Embodied Multimodal Multitask Learning},"Chaplot, D S and Lee, L and Salakhutdinov, R and Parikh, D and Batra, D",2020,,,"Visually-grounded embodied language learning models have recently shown to be effective at learning multiple multimodal tasks such as following navigational instructions and answering questions. In this paper, we address two key limitations of these models, (a) the inability to transfer the grounded knowledge across different tasks and (b) the inability to transfer to new words and concepts not seen during training using only a few examples. We propose a multitask model which facilitates knowledge transfer across tasks by disentangling the knowledge of words and visual attributes in the intermediate representations. We create scenarios and datasets to quantify cross-task knowledge transfer and show that the proposed model outperforms a range of baselines in simulated 3D environments. We also show that this disentanglement of representations makes our model modular and interpretable which allows for transfer to instructions containing new concepts.*",,0.59144413,0.3653699,0.3215279,0.38900697,0.125,0.08333333333333333,0.0,,,,
0,1681,302,True,891,133,{Lifted Message Passing for Hybrid Probabilistic Inference},"Chen, Y Q and Ruozzi, N and Natarajan, S",2019,,,"Lifted inference algorithms for first-order logic models, e.g., Markov logic networks (MLNs), have been of significant interest in recent years. Lifted inference methods exploit model symmetries in order to reduce the size of the model and, consequently, the computational cost of inference. In this work, we consider the problem of lifted inference in MLNs with continuous or both discrete and continuous groundings. Existing work on lifting with continuous groundings has mostly been limited to special classes of models, e.g., Gaussian models, for which variable elimination or message-passing updates can be computed exactly. Here, we develop approximate lifted inference schemes based on particle sampling. We demonstrate empirically that our approximate lifting schemes perform comparably to existing state-of-the-art models for Gaussian MLNs, while having the flexibility to be applied to models with arbitrary potential functions.",,0.47316158,0.29229975,0.3195383,0.35794413,0.0,0.08333333333333333,0.1111111111111111,,,,
0,1682,303,True,891,133,{Mapping Natural-language Problems to Formal-language Solutions Using Structured Neural Representations},"Chen, K Z and Huang, Q Y and Palangi, H and Smolensky, P and Forbus, K D and Gao, J F and Syst, Assoc Informat",2019,,,"Generating formal-language programs represented by relational tuples, such as Lisp programs or mathematical operations, to solve problems stated in natural language is a challenging task because it requires explicitly capturing discrete symbolic structural information implicit in the input. However, most general neural sequence models do not explicitly capture such structural information, limiting their performance on these tasks. In this paper, we propose a new encoder-decoder model based on a structured neural representation, Tensor Product Representations (TPRs), for mapping Natural-language problems to Formal-language solutions, called TPN2F. The encoder of TP-N2F employs TPR 'binding' to encode natural-language symbolic structure in vector space and the decoder uses TPR 'unbinding' to generate, in symbolic space, a sequential program represented by relational tuples, each consisting of a relation (or operation) and a number of arguments. TP-N2F considerably outperforms LSTM-based seq2seq models on two benchmarks and creates new state-of-the-art results. Ablation studies show that improvements can be attributed to the use of structured TPRs explicitly in both the encoder and decoder. Analysis of the learned structures shows how TPRs enhance the interpretability of TP-N2F. {\textcopyright}2020 37th International Conference on Machine Learning, ICML 2020. All rights reserved.","Decoding,Encoder-decoder,Formal languages,Interpretability,LISP (programming language),Long short-term memory,Machine learning,Mapping,Mathematical operations,Natural languages,Neural representations,Sequential programs,Signal encoding,State of the art,Structural information,Vector spaces",0.59861135,0.3697975,0.2587589,0.34372202,0.125,0.16666666666666666,0.2222222222222222,,,,
0,1724,321,True,891,133,{Visual Programming for Text-to-Image Generation and Evaluation},"Cho, J and Zala, A and Bansal, M",2023,,,"As large language models have demonstrated impressive performance in many domains, recent works have adopted language models (LMs) as controllers of visual modules for vision-and-language tasks. While existing work focuses on equipping LMs with visual understanding, we propose two novel interpretable/explainable visual programming frameworks for text-to-image (T2I) generation and evaluation. First, we introduce VPGEN, an interpretable step-by-step T2I generation framework that decomposes T2I generation into three steps: object/count generation, layout generation, and image generation. We employ an LM to handle the first two steps (object/count generation and layout generation), by finetuning it on text-layout pairs. Our step-by-step T2I generation framework provides stronger spatial control than end-to-end models, the dominant approach for this task. Furthermore, we leverage the world knowledge of pretrained LMs, overcoming the limitation of previous layout-guided T2I works that can only handle predefined object classes. We demonstrate that our VPGEN has improved control in counts/spatial relations/scales of objects than state-of-the-art T2I generation models. Second, we introduce VPEVAL, an interpretable and explainable evaluation framework for T2I generation based on visual programming. Unlike previous T2I evaluations with a single scoring model that is accurate in some skills but unreliable in others, VPEVAL produces evaluation programs that invoke a set of visual modules that are experts in different skills, and also provides visual+textual explanations of the evaluation results. Our analysis shows that VPEVAL provides a more human-correlated evaluation for skill-specific and open-ended prompts than widely used single model-based evaluation. We hope that our work encourages future progress on interpretable/explainable generation and evaluation for T2I models.",,0.6154695,0.38021183,0.3179344,0.3923182,0.25,0.08333333333333333,0.0,,,,
0,1744,328,True,891,133,{Reconciling Training and Evaluation Objectives in Location Agnostic Surrogate Explainers},"Clifford, M and Erskine, J and Hepburn, A and Flach, P and Santos-Rodr{\'{i}}guez, R and ACM",2023,,10.1145/3583780.3615284,"Transparency in AI models is crucial to designing, auditing, and deploying AI systems. However, 'black box' models are still used in practice for their predictive power despite their lack of transparency. This has led to a demand for post-hoc, model-agnostic surrogate explainers which provide explanations for decisions of any model by approximating its behaviour close to a query point with a surrogate model. However, it is often overlooked how the location of the query point in the decision surface of the black box model affects the faithfulness of the surrogate explainer. Here, we show that when using standard techniques, there is a decrease in agreement between the black box and the surrogate model for query points towards the edge of the test dataset and when moving away from the decision boundary. This originates from a mismatch between the data distributions used to train and evaluate surrogate explainers. We address this by leveraging knowledge about the test data distribution captured in the class labels of the black box model. By addressing this and encouraging users to take care in understanding the alignment of training and evaluation objectives, we empower them to construct more faithful surrogate explainers.",,0.5958908,0.36811695,0.29075485,0.36703885,0.125,0.08333333333333333,0.0,,,,
0,1746,329,True,891,133,{NEURAL-BASED CLASSIFICATION RULE LEARNING FOR SEQUENTIAL DATA},"Collery, M and Bonnard, P and Fages, F and Kusters, R",2023,,,"Discovering interpretable patterns for classification of sequential data is of key importance for a variety of fields, ranging from genomics to fraud detection or more generally interpretable decision-making. In this paper, we propose a novel differentiable fully interpretable method to discover both local and global patterns (i.e. catching a relative or absolute temporal dependency) for rule-based binary classification. It consists of a convolutional binary neural network with an interpretable neural filter and a training strategy based on dynamically-enforced sparsity. We demonstrate the validity and usefulness of the approach on synthetic datasets and on an open-source peptides dataset. Key to this end-to-end differentiable method is that the expressive patterns used in the rules are learned alongside the rules themselves. {\textcopyright}2023 11th International Conference on Learning Representations, ICLR 2023. All rights reserved.","Binary classification,Classification (of information),Classification rules,Convolutional neural networks,Decision making,Decisions makings,Fraud detection,Genome,Genomics,Global patterns,Local patterns,Rule based,Rule learning,Sequential data",0.57303226,0.3539958,0.34775984,0.40407795,0.125,0.16666666666666666,0.3333333333333333,,,,
0,1772,336,True,891,133,{Inference to the Best Explanation in Large Language Models},"Dalal, D and Valentino, M and Freitas, A and Buitelaar, P",2024,,,"While Large Language Models (LLMs) have found success in real-world applications, their underlying explanatory process is still poorly understood. This paper proposes IBE-Eval, a framework inspired by philosophical accounts on Inference to the Best Explanation (IBE) to advance the interpretation and evaluation of LLM explanations. IBE-Eval estimates the plausibility of natural language explanations through a combination of explicit logical and linguistic features including: consistency, parsimony, coherence, and uncertainty. Extensive experiments are conducted on Causal Question Answering (CQA), where IBE-Eval is tasked to select the most plausible causal explanation amongst competing ones generated by the LLM (e.g. GPT 3.5 or LLaMA 2). The experiments reveal that IBE-Eval can successfully identify the best explanation with up to 77% accuracy (approximate to 27% above random), improving upon a GPT 3.5-as-a-judge baseline (approximate to +17%) while being intrinsically more efficient and interpretable. Additional analysis suggests that, despite LLM-specific variances, generated explanations tend to conform to IBE criteria and that IBE-Eval is significantly correlated with human judgment, opening up opportunities for future development of automated explanation verification tools.",,0.6068344,0.3748774,0.3025614,0.37862965,0.125,0.08333333333333333,0.0,,,,
0,1776,339,True,891,133,{Hierarchical Object-oriented Spatio-Temporal Reasoning for Video Question Answering},"Dang, L H and Le, T M and Le, V and Tran, T",2021,,10.24963/ijcai.2021/88,"Video Question Answering (Video QA) is a powerful testbed to develop new AI capabilities. This task necessitates learning to reason about objects, relations, and events across visual and linguistic domains in space-time. High-level reasoning demands lifting from associative visual pattern recognition to symbol-like manipulation over objects, their behavior and interactions. Toward reaching this goal we propose an object-oriented reasoning approach in that video is abstracted as a dynamic stream of interacting objects. At each stage of the video event flow, these objects interact with each other, and their interactions are reasoned about with respect to the query and under the overall context of a video. This mechanism is materialized into a family of general-purpose neural units and their multi-level architecture called Hierarchical Object-oriented Spatio-Temporal Reasoning (HOSTR) networks. This neural model maintains the objects' consistent lifelines in the form of a hierarchically nested spatio-temporal graph. Within this graph, the dynamic interactive object-oriented representations are built up along the video sequence, hierarchically abstracted in a bottom-up manner, and converge toward the key information for the correct answer. The method is evaluated on multiple major Video QA datasets and establishes new state-of-the-arts in these tasks. Analysis into the model's behavior indicates that object-oriented reasoning is a reliable, interpretable and efficient approach to Video QA. {\textcopyright}2021 International Joint Conferences on Artificial Intelligence. All rights reserved.","Abstracting,Artificial intelligence,Arts computing,Hierarchical objects,High-level reasoning,Object oriented,Object-relations,Pattern recognition,Question Answering,Reasoning approach,Spacetime,Spatio-temporal reasoning,Video events,Visual pattern recognition",0.65892243,0.40705523,0.2508155,0.35284224,0.125,0.16666666666666666,0.2222222222222222,,,,
0,1783,343,True,891,133,{Boolean Decision Rules via Column Generation},"Dash, S and G{\""{u}}nl{\""{u}}k, O and Wei, D",2018,,,"This paper considers the learning of Boolean rules in either disjunctive normal form (DNF, OR-of-ANDs, equivalent to decision rule sets) or conjunctive normal form (CNF, AND-of-ORs) as an interpretable model for classification. An integer program is formulated to optimally trade classification accuracy for rule simplicity. Column generation (CG) is used to efficiently search over an exponential number of candidate clauses (conjunctions or disjunctions) without the need for heuristic rule mining This approach also bounds the gap between the selected rule set and the best possible rule set on the training data. To handle large datasets, we propose an approximate CG algorithm using randomization. Compared to three recently proposed alternatives, the CG algorithm dominates the accuracy-simplicity tradeoff in 8 out of 16 datasets. When maximized for accuracy, CG is competitive with rule learners designed for this purpose, sometimes finding significantly simpler solutions that are no less accurate.",,0.4895707,0.30243668,0.29328692,0.34235787,0.125,0.16666666666666666,0.0,,,,
0,1810,351,True,891,133,{Syn-QG: Syntactic and Shallow Semantic Rules for Question Generation},"Dhole, K D and Manning, C D and Linguist, Assoc Computat",2020,,,"Question Generation (QG) is fundamentally a simple syntactic transformation; however, many aspects of semantics influence what questions are good to form. We implement this observation by developing Syn-QG, a set of transparent syntactic rules leveraging universal dependencies, shallow semantic parsing, lexical resources, and custom rules which transform declarative sentences into question-answer pairs. We utilize PropBank argument descriptions and VerbNet state predicates to incorporate shallow semantic content, which helps generate questions of a descriptive nature and produce inferential and semantically richer questions than existing systems. In order to improve syntactic fluency and eliminate grammatically incorrect questions, we employ back-translation over the output of these syntactic rules. A set of crowd-sourced evaluations shows that our system can generate a larger number of highly grammatical and relevant questions than previous QG systems and that back-translation drastically improves grammaticality at a slight cost of generating irrelevant questions.",,0.5641903,0.34853363,0.3637427,0.4138546,0.125,0.08333333333333333,0.0,,,,
0,1814,353,True,891,133,{Cognitive Graph for Multi-Hop Reading Comprehension at Scale},"Ding, M and Zhou, C and Chen, Q B and Yang, H X and Tang, J and ACL",2019,,,"We propose a new CogQA framework for multi-hop question answering in web-scale documents. Founded on the dual process theory in cognitive science, the framework gradually builds a cognitive graph in an iterative process by coordinating an implicit extraction module (System 1) and an explicit reasoning module (System 2). While giving accurate answers, our framework further provides explainable reasoning paths. Specifically, our implementation(1) based on BERT and graph neural network (GNN) efficiently handles millions of documents for multi-hop reasoning questions in the HotpotQA fullwiki dataset, achieving a winning joint F-1 score of 34.9 on the leaderboard, compared to 23.6 of the best competitor.(2)","Cognitive graph,Cognitive science,Computational linguistics,Dual-process theories,F1 scores,Graph neural networks,Iterative process,Question Answering,Reading comprehension",0.58543634,0.3616585,0.2516495,0.3350962,0.125,0.08333333333333333,0.2222222222222222,,,,
0,1815,354,True,891,133,{Dynamic Visual Reasoning by Learning Differentiable Physics Models from Video and Language},"Ding, M and Chen, Z and Du, T and Luo, P and Tenenbaum, J B and Gan, C",2021,,,"In this work, we propose a unified framework, called Visual Reasoning with Differentiable Physics (VRDP) 1, that can jointly learn visual concepts and infer physics models of objects and their interactions from videos and language. This is achieved by seamlessly integrating three components: a visual perception module, a concept learner, and a differentiable physics engine. The visual perception module parses each video frame into object-centric trajectories and represents them as latent scene representations. The concept learner grounds visual concepts (e.g., color, shape, and material) from these object-centric representations based on the language, thus providing prior knowledge for the physics engine. The differentiable physics model, implemented as an impulse-based differentiable rigid-body simulator, performs differentiable physical simulation based on the grounded concepts to infer physical properties, such as mass, restitution, and velocity, by fitting the simulated trajectories into the video observations. Consequently, these learned concepts and physical models can explain what we have seen and imagine what is about to happen in future and counterfactual scenarios. Integrating differentiable physics into the dynamic reasoning framework offers several appealing benefits. More accurate dynamics prediction in learned physics models enables state-of-the-art performance on both synthetic and real-world benchmarks while still maintaining high transparency and interpretability; most notably, VRDP improves the accuracy of predictive and counterfactual questions by 4.5% and 11.5% compared to its best counterpart. VRDP is also highly data-efficient: physical parameters can be optimized from very few videos, and even a single video can be sufficient. Finally, with all physical parameters inferred, VRDP can quickly learn new concepts from few examples. {\textcopyright}2021 Neural information processing systems foundation. All rights reserved.","Benchmarking,Counterfactuals,Dynamics,Engines,Learn+,Physical parameters,Physics engine,Physics modeling,Three-component,Unified framework,Vision,Visual concept,Visual languages,Visual perception,Visual reasoning",0.5557398,0.34331328,0.39265132,0.43342346,0.25,0.16666666666666666,0.2222222222222222,,,,
0,1827,356,True,891,133,{DistRDF2ML-Scalable Distributed In-Memory Machine Learning Pipelines for RDF Knowledge Graphs},"Draschner, C F and Stadler, C and Bakhshandegan, F and Lehmann, J and Jabeen, H and ACM",2021,,10.1145/3459637.3481999,"This paper presents DistRDF2ML, the generic, scalable, and distributed framework for creating in-memory data preprocessing pipelines for Spark-based machine learning on RDF knowledge graphs. This framework introduces software modules that transform large-scale RDF data into ML-ready fixed-length numeric feature vectors. The developed modules are optimized to the multimodal nature of knowledge graphs. DistRDF2ML provides aligned software design and usage principles as common data science stacks that offer an easy-to-use package for creating machine learning pipelines. The modules used in the pipeline, the hyper-parameters and the results are exported as a semantic structure that can be used to enrich the original knowledge graph. The semantic representation of metadata and machine learning results offers the advantage of increasing the machine learning pipelines' reusability, explainability, and reproducibility. The entire framework of DistRDF2ML is open source, integrated into the holistic SANSA stack, documented in scala-docs, and covered by unit tests. DistRDF2ML demonstrates its scalable design across different processing power configurations and (hyper-)parameter setups within various experiments. The framework brings the three worlds of knowledge graph engineers, distributed computation developers, and data scientists closer together and offers all of them the creation of explainable ML pipelines using a few lines of code.",,0.56477785,0.3488966,0.41273707,0.45074725,0.125,0.08333333333333333,0.0,,,,
0,1843,361,True,891,133,{Logic Programming and Machine Ethics},"Dyoub, A and Costantini, S and Lisi, F A",2020,,10.4204/EPTCS.325.6,"Transparency is a key requirement for ethical machines. Verified ethical behavior is not enough to establish justified trust in autonomous intelligent agents: it needs to be supported by the ability to explain decisions. Logic Programming (LP) has a great potential for developing such perspective ethical systems, as in fact logic rules are easily comprehensible by humans. Furthermore, LP is able to model causality, which is crucial for ethical decision making.",,0.2334381,0.14420848,0.49354237,0.4285163,0.125,0.16666666666666666,0.0,,,,
0,1857,367,True,891,133,{Utility is in the Eye of the User: A Critique of NLP Leaderboards},"Ethayarajh, K and Jurafsky, D and Linguist, Assoc Computat",2020,,,"Benchmarks such as GLUE have helped drive advances in NLP by incentivizing the creation of more accurate models. While this leaderboard paradigm has been remarkably successful, a historical focus on performance-based evaluation has been at the expense of other qualities that the NLP community values in models, such as compactness, fairness, and energy efficiency. In this opinion paper, we study the divergence between what is incentivized by leaderboards and what is useful in practice through the lens of microeconomic theory. We frame both the leaderboard and NLP practitioners as consumers and the benefit they get from a model as its utility to them. With this framing, we formalize how leaderboards - in their current form - can be poor proxies for the NLP community at large. For example, a highly inefficient model would provide less utility to practitioners but not to a leaderboard, since it is a cost that only the former must bear. To allow practitioners to better estimate a model's utility to them, we advocate for more transparency on leaderboards, such as the reporting of statistics that are of practical concern (e.g., model size, energy efficiency, and inference latency).",,0.36058787,0.22275637,0.49122798,0.45856795,0.125,0.08333333333333333,0.0,,,,
0,1863,371,True,891,133,{Understanding Human Gaze Communication by Spatio-Temporal Graph Reasoning},"Fan, L F and Wang, W G and Huang, S Y and Tang, X Y and Zhu, S C and IEEE",2019,,10.1109/ICCV.2019.00582,"This paper addresses a new problem of understanding human gaze communication in social videos from both atomic-level and event-level, which is significant for studying human social interactions. To tackle this novel and challenging problem, we contribute a large-scale video dataset, VACATION, which covers diverse daily social scenes and gaze communication behaviors with complete annotations of objects and human faces, human attention, and communication structures and labels in both atomic-level and event-level. Together with VACATION, we propose a spatio-temporal graph neural network to explicitly represent the diverse gaze interactions in the social scenes and to infer atomic-level gaze communication by message passing. We further propose an event network with encoder-decoder structure to predict the event-level gaze communication. Our experiments demonstrate that the proposed model improves various baselines significantly in predicting the atomic-level and event-level gaze communications.",,0.49627584,0.30657884,0.3260333,0.36859393,0.0,0.08333333333333333,0.2222222222222222,,,,
0,1872,375,True,891,133,{SMURF: SeMantic and linguistic UndeRstanding Fusion for Caption Evaluation via Typicality Analysis},"Feinglass, J and Yang, Y Z and Linguist, Assoc Computat",2021,,,"The open-ended nature of visual captioning makes it a challenging area for evaluation. The majority of proposed models rely on specialized training to improve human-correlation, resulting in limited adoption, generalizability, and explainabilty. We introduce ""typicality"", a new formulation of evaluation rooted in information theory, which is uniquely suited for problems lacking a definite ground truth. Typicality serves as our framework to develop a novel semantic comparison, SPARCS, as well as referenceless fluency evaluation metrics. Over the course of our analysis, two separate dimensions of fluency naturally emerge: style, captured by metric SPURTS, and grammar, captured in the form of grammatical outlier penalties. Through extensive experiments and ablation studies on benchmark datasets, we show how these decomposed dimensions of semantics and fluency provide greater systemlevel insight into captioner differences. Our proposed metrics along with their combination, SMURF, achieve state-of-the-art correlation with human judgment when compared with other rule-based evaluation metrics(1).",,0.5961136,0.36825448,0.34000933,0.4040354,0.125,0.08333333333333333,0.0,,,,
0,1880,379,True,891,133,{Schema-Guided User Satisfaction Modeling for Task-Oriented Dialogues},"Feng, Y and Jiao, Y and Prasad, A and Aletras, N and Yilmaz, E and Kazai, G",2023,,10.18653/v1/2023.acl-long.116,"User Satisfaction Modeling (USM) is one of the popular choices for task-oriented dialogue systems evaluation, where user satisfaction typically depends on whether the user's task goals were fulfilled by the system. Task-oriented dialogue systems use task schema, which is a set of task attributes, to encode the user's task goals. Existing studies on USM neglect explicitly modeling the user's task goals fulfillment using the task schema. In this paper, we propose SG-USM, a novel schema-guided user satisfaction modeling framework. It explicitly models the degree to which the user's preferences regarding the task attributes are fulfilled by the system for predicting the user's satisfaction level. SG-USM employs a pre-trained language model for encoding dialogue context and task attributes. Further, it employs a fulfillment representation layer for learning how many task attributes have been fulfilled in the dialogue, an importance predictor component for calculating the importance of task attributes. Finally, it predicts the user satisfaction based on task attribute fulfillment and task attribute importance. Experimental results on benchmark datasets (i.e. MWOZ, SGD, ReDial, and JDDC) show that SG-USM consistently outperforms competitive existing methods. Our extensive analysis demonstrates that SG-USM can improve the interpretability of user satisfaction modeling, has good scalability as it can effectively deal with unseen tasks and can also effectively work in low-resource settings by leveraging unlabeled data. {\textcopyright}2023 Association for Computational Linguistics.","Computational linguistics,Dialogue systems,Encoding (symbols),Language model,Modelling framework,Satisfaction model,Speech processing,System evaluation,System use,Task-oriented,User profile,User satisfaction levels,User's preferences,Users' satisfactions",0.4577986,0.2828092,0.39232373,0.40869245,0.125,0.08333333333333333,0.1111111111111111,,,,
0,1936,395,True,891,133,{Classification Rules in Relaxed Logical Form},"Ghosh, B and Malioutov, D and Meel, K S",2020,,10.3233/FAIA200382,"Machine learning algorithms that produce rule-based predictions in Conjunctive Normal form (CNF) or in Disjunctive Normal form (DNF) are arguably some of the most interpretable ones. For example, decision set is an interpretable model in practice, that represents the decision function in the form of DNF. In this paper, we consider relaxed definitions of standard OR/AND operators which allow exceptions in the construction of a clause and also in the selection of clauses in a rule. Building on these relaxed definition, we introduce relaxed-CNF rules, which are motivated by the popular usage of checklists in the medical domain and generalizes the widely employed rule representations including CNF, DNF, and decision sets. While the combinatorial structure of relaxed-CNF rules offers exponential succinctness, the naive learning techniques are computationally expensive. To this end, we propose a novel incremental mini-batch learning procedure, called CRR, that employs advances in the Mixed-Integer Linear Programming (MILP) solvers to efficiently learn relaxed-CNF rules. Our experimental analysis demonstrates that CRR can generate relaxed-CNF rules, which are more accurate and sparser compared to the alternative rule-based models.",,0.5606259,0.3463317,0.29328692,0.36012167,0.125,0.3333333333333333,0.0,,,,
0,1939,396,True,891,133,{TopicFM: Robust and Interpretable Topic-Assisted Feature Matching},"Giang, K T and Song, S and Jo, S",2023,,10.1609/aaai.v37i2.25341,"This study addresses an image-matching problem in challenging cases, such as large scene variations or textureless scenes. To gain robustness to such situations, most previous studies have attempted to encode the global contexts of a scene via graph neural networks or transformers. However, these contexts do not explicitly represent high-level contextual information, such as structural shapes or semantic instances; therefore, the encoded features are still not sufficiently discriminative in challenging scenes. We propose a novel image-matching method that applies a topic-modeling strategy to encode high-level contexts in images. The proposed method trains latent semantic instances called topics. It explicitly models an image as a multinomial distribution of topics, and then performs probabilistic feature matching. This approach improves the robustness of matching by focusing on the same semantic areas between the images. In addition, the inferred topics provide interpretability for matching the results, making our method explainable. Extensive experiments on outdoor and indoor datasets show that our method outperforms other state-of-the-art methods, particularly in challenging cases. Copyright {\textcopyright}2023, Association for the Advancement of Artificial Intelligence (www.aaai.org).","Artificial intelligence,Contextual information,Encoding (symbols),Features matching,Global context,Graph neural networks,Image enhancement,Image matching,Matching methods,Matching problems,Matchings,Probability distributions,Semantics,Structural semantics,Structural shape,Textures,Topic Modeling",0.57196057,0.35333374,0.2927972,0.36258805,0.25,0.08333333333333333,0.2222222222222222,,,,
0,1996,413,True,891,133,{Foundations of Fine-Grained Explainability},"Hall{\'{e}}, S and Tremblay, H",2021,,10.1007/978-3-030-81688-9_24,"Explainability is the process of linking part of the inputs given to a calculation to its output, in such a way that the selected inputs somehow ""cause"" the result. We establish the formal foundations of a notion of explainability for arbitrary abstract functions manipulating nested data structures. We then establish explanation relationships for a set of elementary functions, and for compositions thereof. A fully functional implementation of these concepts is finally presented and experimentally evaluated.",,0.4117241,0.25434625,0.33289993,0.35260597,0.125,0.08333333333333333,0.0,,,,
0,1999,414,True,891,133,{Learning to Score Economic Development from Satellite Imagery},"Han, S and Ahn, D and Park, S and Yang, J and Lee, S and Kim, J and Yang, H and Park, S and Cha, M and MACHINERY, ASSOC COMP",2020,,10.1145/3394486.3403347,"Reliable and timely measurements of economic activities are fundamental for understanding economic development and designing government policies. However, many developing countries still lack reliable data. In this paper, we introduce a novel approach for measuring economic development from high-resolution satellite images in the absence of ground truth statistics. Our method consists of three steps. First, we run a clustering algorithm on satellite images that distinguishes artifacts from nature (siCI uster). Second, we generate a partial order graph of the identified clusters based on the level of economic development, either by human guidance or by low-resolution statistics (siPog). Third, we use a CNN-based sorter that assigns differentiable scores to each satellite grid based on the relative ranks of clusters (siScore). The novelty of our method is that we break down a computationally hard problem into sub-tasks, which involves a human-in-the-loop solution. With the combination of unsupervised learning and the partial orders of dozens of urban vs. rural clusters, our method can estimate the economic development scores of over 10,000 satellite grids consistently with other baseline development proxies (Spearman correlation of 0.851). This efficient method is interpretable and robust; we demonstrate how to apply our method to both developed (e.g., South Korea) and developing economies (e.g., Vietnam and Malawi).",,0.4526329,0.27961802,0.44987667,0.45056573,0.125,0.0,0.1111111111111111,,,,
0,2008,418,True,891,133,{Making tree ensembles interpretable: A Bayesian model selection approach},"Hara, S and Hayashi, K",2018,,,"Tree ensembles, such as random forests, are renowned for their high prediction performance. However, their interpretability is critically limited due to the enormous complexity. In this study, we propose a method to make a complex tree ensemble interpretable by simplifying the model. Specifically, we formalize the simplification of tree ensembles as a model selection problem. Given a complex tree ensemble, we aim at obtaining the simplest representation that is essentially equivalent to the original one. To this end, we derive a Bayesian model selection algorithm that optimizes the simplified model while maintaining the prediction performance. Our numerical experiments on several datasets showed that complicated tree ensembles were approximated interpretably. Copyright 2018 by the author(s).","Artificial intelligence,Bayesian model selection,Bayesian networks,Decision trees,Forestry,Interpretability,Model selection problem,Numerical experiments,Prediction performance,Random forests,Tree ensembles",0.4026875,0.24876378,0.2777735,0.30900198,0.125,0.16666666666666666,0.1111111111111111,,,,
0,2024,424,True,891,133,{Blind Visual Motif Removal From a Single Image},"Hertz, A and Fogel, S and Hanocka, R and Giryes, R and Cohen-Or, D",2019,,10.1109/CVPR.2019.00702,"Many images shared over the web include overlaid objects, or visual motifs, such as text, symbols or drawings, which add a description or decoration to the image. For example, decorative text that specifies where the image was taken, repeatedly appears across a variety of different images. Often, the reoccurring visual motif, is semantically similar, yet, differs in location, style and content (e.g. text placement, font and letters). This work proposes a deep learning based technique for blind removal of such objects. In the blind setting, the location and exact geometry of the motif are unknown. Our approach simultaneously estimates which pixels contain the visual motif, and synthesizes the underlying latent image. It is applied to a single input image, without any user assistance in specifying the location of the motif, achieving state-of-the-art results for blind removal of both opaque and semi-transparent visual motifs.","Deep Learning,Vision + Graphics",0.43719202,0.27007926,0.43124408,0.43273103,0.125,0.08333333333333333,0.0,,,,
0,2030,425,True,891,133,{Learning to Re-Rank with Contextualized Stopwords},"Hofst{\""{a}}tter, S and Lipani, A and Zlabinger, M and Hanbury, A",2020,,10.1145/3340531.3412079,"The use of stopwords has been thoroughly studied in traditional Information Retrieval systems, but remains unexplored in the context of neural models. Neural re-ranking models take the full text of both the query and document into account. Naturally, removing tokens that do not carry relevance information provides us with an opportunity to improve the effectiveness by reducing noise and lower document representation caching-storage requirements. In this work we propose a novel contextualized stopword detection mechanism for neural re-ranking models. This mechanism consists of training a sparse vector in order to filter out document tokens from the ranking decision. This vector is learned end-to-end based on the contextualized document representations, allowing the model to filter terms on a per occurrence basis. This leads to a more explainable model, as it reduces noise. We integrate our component into the state-of-the-art interaction-based TK neural re-ranking model. Our experiments on the MS MARCO passage collection and queries from the TREC 2019 Deep Learning Track show that filtering out traditional stopwords prior to the neural model reduces its effectiveness, while learning to filter out contextualized representations improves it. {\textcopyright}2020 ACM.","Deep learning,Detection mechanism,Document Representation,Information retrieval systems,Knowledge management,Learning to rank,Neural modeling,Ranking decisions,Reducing noise,Search engines,Sparse vectors,State of the art,Storage requirements,efficiency,neural re-ranking,offline pre-computation,sparsity",0.5720587,0.3533944,0.2684788,0.34437376,0.125,0.08333333333333333,0.1111111111111111,,,,
0,2031,426,True,891,133,{Introducing Neural Bag of Whole-Words with ColBERTer: Contextualized Late Interactions using Enhanced Reduction},"Hofst{\""{a}}tter, S and Khattab, O and Althammer, S and Sertkan, M and Hanbury, A and ACM",2022,,10.1145/3511808.3557367,"Recent progress in neural information retrieval has demonstrated large gains in quality, while often sacrificing efficiency and interpretability compared to classical approaches. We propose ColBERTer, a neural retrieval model using contextualized late interaction (ColBERT) with enhanced reduction. Along the effectiveness Pareto frontier, ColBERTer dramatically lowers ColBERT's storage requirements while simultaneously improving the interpretability of its token-matching scores. To this end, ColBERTer fuses single-vector retrieval, multi-vector refinement, and optional lexical matching components into one model. For its multi-vector component, ColBERTer reduces the number of stored vectors by learning unique whole-word representations and learning to identify and remove word representations that are not essential to effective scoring. We employ an explicit multi-task, multi-stage training to facilitate using very small vector dimensions. Results on the MS MARCO and TREC-DL collection show that ColBERTer reduces the storage footprint by up to 2.5x, while maintaining effectiveness. With just one dimension per token in its smallest setting, ColBERTer achieves index storage parity with the plaintext size, with very strong effectiveness results. Finally, we demonstrate ColBERTer's robustness on seven high-quality out-of-domain collections, yielding statistically significant gains over traditional retrieval baselines.",,0.5664719,0.34994304,0.28872955,0.35816514,0.125,0.0,0.1111111111111111,,,,
0,2043,432,True,891,133,{SANN: Programming Code Representation Using Attention Neural Network with Optimized Subtree Extraction},"Hoq, M and Chilla, S R and Ranjbar, M A and Brusilovsky, P and Akram, B",2023,,10.1145/3583780.3615047,"Automated analysis of programming data using code representation methods offers valuable services for programmers, from code completion to clone detection to bug detection. Recent studies show the effectiveness of Abstract Syntax Trees (AST), pre-trained Transformer-based models, and graph-based embeddings in programming code representation. However, pre-trained large language models lack interpretability, while other embedding-based approaches struggle with extracting important information from large ASTs. This study proposes a novel Subtree-based Attention Neural Network (SANN) to address these gaps by integrating different components: an optimized sequential subtree extraction process using Genetic algorithm optimization, a two-way embedding approach, and an attention network. We investigate the effectiveness of SANN by applying it to two different tasks: program correctness prediction and algorithm detection on two educational datasets containing both small and large-scale code snippets written in Java and C, respectively. The experimental results show SANN's competitive performance against baseline models from the literature, including code2vec, ASTNN, TBCNN, CodeBERT, GPT-2, and MVG, regarding accurate predictive power. Finally, a case study is presented to show the interpretability of our model prediction and its application for an important human-centered computing application, student modeling. Our results indicate the effectiveness of the SANN model in capturing important syntactic and semantic information from students' code, allowing the construction of accurate student models, which serve as the foundation for generating adaptive instructional support such as individualized hints and feedback. {\textcopyright}2023 Copyright held by the owner/author(s). Publication rights licensed to ACM. ACM ISBN 979-8-4007-0124-5/23/10...$15.00.","Algorithm detection,C (programming language),Code representation,Codes (symbols),Computer software,Embeddings,Extraction,Forecasting,Genetic algorithms,Graphic methods,Interpretability,Large dataset,Neural network models,Neural-networks,Program analysis,Program correctness,Program correctness prediction,Programming codes,Semantics,Static analysis,Students,Sub trees,Syntactics,Trees (mathematics),algorithm detection,code representation,program analysis,program correctness prediction,static analysis",0.5483147,0.3387263,0.4211542,0.4529443,0.125,0.08333333333333333,0.2222222222222222,,,,
0,2056,438,True,891,133,{Optimal Sparse Decision Trees},"Hu, X Y and Rudin, C and Seltzer, M",2019,,,"Decision tree algorithms have been among the most popular algorithms for interpretable (transparent) machine learning since the early 1980's. The problem that has plagued decision tree algorithms since their inception is their lack of optimality, or lack of guarantees of closeness to optimality: decision tree algorithms are often greedy or myopic, and sometimes produce unquestionably suboptimal models. Hardness of decision tree optimization is both a theoretical and practical obstacle, and even careful mathematical programming approaches have not been able to solve these problems efficiently. This work introduces the first practical algorithm for optimal decision trees for binary variables. The algorithm is a co-design of analytical bounds that reduce the search space and modern systems techniques, including data structures and a custom bit-vector library. Our experiments highlight advantages in scalability, speed, and proof of optimality.",,0.34514427,0.21321592,0.34922266,0.34820306,0.25,0.08333333333333333,0.0,,,,
0,2085,446,True,891,133,{ECR-Chain: Advancing Generative Language Models to Better Emotion-Cause Reasoners through Reasoning Chains},"Huang, Z and Zhao, J and Jin, Q",2024,,,"Understanding the process of emotion generation is crucial for analyzing the causes behind emotions. Causal Emotion Entailment (CEE), an emotion-understanding task, aims to identify the causal utterances in a conversation that stimulate the emotions expressed in a target utterance. However, current works in CEE mainly focus on modeling semantic and emotional interactions in conversations, neglecting the exploration of the emotion-generation process. This hinders the models from deeply understanding emotions, restricting their ability to produce explainable predictions. In this work, inspired by the emotion generation process of “stimulus-appraisal-emotion” in the cognitive appraisal theory, we introduce a step-by-step reasoning method, Emotion-Cause Reasoning Chain (ECR-Chain), to infer the stimulus from the target emotional expressions in conversations. Specifically, we first introduce the ECR-Chain to ChatGPT via few-shot prompting, which significantly improves its performance on the CEE task. We further propose an automated construction process to utilize ChatGPT in building an ECR-Chain set, which can enhance the reasoning abilities of smaller models through supervised training and assist the Vicuna-7B model in achieving state-of-the-art CEE performance. Moreover, our methods can enable these generative language models to effectively perform emotion-cause reasoning in an explainable manner. Our code, data and more details are at https://github.com/hzp3517/ECR-Chain. {\textcopyright}2024 International Joint Conferences on Artificial Intelligence. All rights reserved.","'current,Emotion Recognition,Emotion generation,Emotion understanding,Emotional interactions,Generation process,Generative adversarial networks,Language model,Model semantics,Modeling languages,Performance,Reasoners,Semantic interactions,Semantics",0.59642875,0.36844918,0.39406943,0.44465926,0.125,0.08333333333333333,0.1111111111111111,,,,
0,2086,447,True,891,133,{Confidence is not Timeless: Modeling Temporal Validity for Rule-based Temporal Knowledge Graph Forecasting},"Huang, R and Wei, W and Qu, X and Zhang, S and Chen, D and Cheng, Y",2024,,10.18653/v1/2024.acl-long.580,"Recently, Temporal Knowledge Graph Forecasting (TKGF) has emerged as a pivotal domain for forecasting future events. Unlike black-box neural network methods, rule-based approaches are lauded for their efficiency and interpretability. For this line of work, it is crucial to correctly estimate the predictive effectiveness of the rules, i.e., the confidence. However, the existing literature lacks in-depth investigation into how confidence evolves with time. Moreover, inaccurate and heuristic confidence estimation limits the performance of rule-based methods. To alleviate such issues, we propose a framework named TempValid to explicitly model the temporal validity of rules for TKGF. Specifically, we design a time function to model the interaction between temporal information with confidence. TempValid conceptualizes confidence and other coefficients as learnable parameters to avoid inaccurate estimation and combinatorial explosion. Furthermore, we introduce a rule-adversarial negative sampling and a time-aware negative sampling strategies to facilitate TempValid learning. Extensive experiments show that TempValid significantly outperforms previous state-of-the-art (SOTA) rule-based methods on six TKGF datasets. Moreover, it exhibits substantial advancements in cross-domain and resource-constrained rule learning scenarios. {\textcopyright}2024 Association for Computational Linguistics.","Adversarial machine learning,Black boxes,Computational linguistics,Confidence estimation,Interpretability,Knowledge graph,Knowledge graphs,Neural network method,Performance,Prediction models,Rule based,Rule-based approach,Rule-based method,Temporal knowledge",0.59961,0.37041447,0.27174163,0.3537087,0.125,0.25,0.2222222222222222,,,,
0,2097,451,True,891,133,{A Scalable Two Stage Approach to Computing Optimal Decision Sets},"Ignatiev, A and Lam, E and Stuckey, P J and Marques-Silva, J and Intelligence, Assoc Advancement Artificial",2021,,,"Machine learning (ML) is ubiquitous in modern life. Since it is being deployed in technologies that affect our privacy and safety, it is often crucial to understand the reasoning behind its decisions, warranting the need for explainable AI. Rule-based models, such as decision trees, decision lists, and decision sets, are conventionally deemed to be the most interpretable. Recent work uses propositional satisfiability (SAT) solving (and its optimization variants) to generate minimum-size decision sets. Motivated by limited practical scalability of these earlier methods, this paper proposes a novel approach to learn minimum-size decision sets by enumerating individual rules of the target decision set independently of each other, and then solving a set cover problem to select a subset of rules. The approach makes use of modern maximum satisfiability and integer linear programming technologies. Experiments on a wide range of publicly available datasets demonstrate the advantage of the new approach over the state of the art in SAT-based decision set learning.",,0.47996172,0.29650062,0.316859,0.3576347,0.25,0.5,0.0,,,,
0,2108,454,True,891,133,{Interpretable multi-timescale models for predicting fMRI responses to continuous natural speech},"Jain, S and Vo, V A and Mahto, S and LeBel, A and Turek, J S and Huth, A G",2020,,,"Natural language contains information at multiple timescales. To understand how the human brain represents this information, one approach is to build encoding models that predict fMRI responses to natural language using representations extracted from neural network language models (LMs). However, these LM-derived representations do not explicitly separate information at different timescales, making it difficult to interpret the encoding models. In this work we construct interpretable multi-timescale representations by forcing individual units in an LSTM LM to integrate information over specific temporal scales. This allows us to explicitly and directly map the timescale of information encoded by each individual fMRI voxel. Further, the standard fMRI encoding procedure does not account for varying temporal properties in the encoding features. We modify the procedure so that it can capture both short- and long-timescale information. This approach outperforms other encoding models, particularly for voxels that represent long-timescale information. It also provides a finer-grained map of timescale information in the human language pathway. This serves as a framework for future work investigating temporal hierarchies across artificial and biological language systems. {\textcopyright}2020 Neural information processing systems foundation. All rights reserved.","Encoding (symbols),Encoding models,Long short-term memory,Multi-timescale representations,Multiple timescales,Natural languages,Natural speech,Network language,Signal encoding,Temporal property,Temporal scale",0.5295547,0.32713717,0.3891412,0.42424458,0.125,0.08333333333333333,0.2222222222222222,,,,
0,2162,476,True,891,133,{Symbols as a Lingua Franca for Bridging Human-AI Chasm for Explainable and Advisable AI Systems},"Kambhampati, S and Sreedharan, S and Verma, M and Zha, Y T and Guan, L and Intelligence, Assoc Advancement Artificial",2022,,,"Despite the surprising power of many modern AI systems that often learn their own representations, there is significant discontent about their inscrutability and the attendant problems in their ability to interact with humans. While alternatives such as neuro-symbolic approaches have been proposed, there is a lack of consensus on what they are about. There are often two independent motivations (i) symbols as a lingua franca for human-AI interaction and (ii) symbols as system-produced abstractions used by the AI system in its internal reasoning. The jury is still out on whether AI systems will need to use symbols in their internal reasoning to achieve general intelligence capabilities. Whatever the answer there is, the need for (human-understandable) symbols in human-AI interaction seems quite compelling. Symbols, like emotions, may well not be sine qua non for intelligence per se, but they will be crucial for AI systems to interact with us humans - as we can neither turn off our emotions nor get by without our symbols. In particular, in many human-designed domains, humans would be interested in providing explicit (symbolic) knowledge and advice - and expect machine explanations in kind. This alone requires AI systems to to maintain a symbolic interface for interaction with humans. In this blue sky paper, we argue this point of view, and discuss research directions that need to be pursued to allow for this type of human-AI interaction.",,0.46141112,0.28504086,0.39212602,0.40944728,0.125,0.25,0.0,,,,
0,2165,478,True,891,133,{Detecting and explaining causes from text for a time series event},"Kang, D and Gangal, V and Lu, A and Chen, Z and Hovy, E",2017,,10.18653/v1/d17-1292,"Explaining underlying causes or effects about events is a challenging but valuable task. We define a novel problem of generating explanations of a time series event by (1) searching cause and effect relationships of the time series with textual data and (2) constructing a connecting chain between them to generate an explanation. To detect causal features from text, we propose a novel method based on the Granger causality of time series between features extracted from text such as N-grams, topics, sentiments, and their composition. The generation of the sequence of causal entities requires a commonsense causative knowledge base with efficient reasoning. To ensure good interpretability and appropriate lexical usage we combine symbolic and neural representations, using a neural reasoning algorithm trained on commonsense causal tuples to predict the next cause step. Our quantitative and human analysis show empirical evidence that our method successfully extracts meaningful causality relationships between time series with textual features and generates appropriate explanation between them. {\textcopyright}2017 Association for Computational Linguistics.","Cause-and-effect relationships,Granger Causality,Interpretability,Knowledge based systems,Natural language processing systems,Neural representations,Reasoning algorithms,Textual features,Time series,Time series analysis,Time-series events,Underlying cause",0.57734394,0.35665938,0.3776971,0.42760882,0.125,0.25,0.1111111111111111,,,,
0,2172,479,True,891,133,{Differentiable Multi-Agent Actor-Critic for Multi-Step Radiology Report Summarization},"Karn, S K and Liu, N and Sch{\""{u}}tze, H and Farri, O",2022,,10.18653/v1/2022.acl-long.109,"The IMPRESSIONS section of a radiology report about an imaging study is a summary of the radiologist's reasoning and conclusions, and it also aids the referring physician in confirming or excluding certain diagnoses. A cascade of tasks are required to automatically generate an abstractive summary of the typical information-rich radiology report. These tasks include acquisition of salient content from the report and generation of a concise, easily consumable IMPRESSIONS section. Prior research on radiology report summarization has focused on single-step end-to-end models - which subsume the task of salient content acquisition. To fully explore the cascade structure and explainability of radiology report summarization, we introduce two innovations. First, we design a two-step approach: extractive summarization followed by abstractive summarization. Second, we additionally break down the extractive part into two independent tasks: extraction of salient (1) sentences and (2) keywords. Experiments on English radiology reports from two clinical sites show our novel approach leads to a more precise summary compared to single-step and to two-step-with-single-extractive-process baselines with an overall improvement in F1 score of 3-4%. {\textcopyright}2022 Association for Computational Linguistics.","Actor critic,Cascade structures,Computational linguistics,Consumables,Content acquisition,End-to-end models,Multi agent,Multi agent systems,Multisteps,Natural language processing systems,Radiation,Radiology,Radiology reports,Single-step,Two-step approach",0.5014136,0.3097527,0.4299088,0.44778502,0.125,0.08333333333333333,0.1111111111111111,,,,
0,2177,484,True,891,133,{Theoretical Evaluation of Asymmetric Shapley Values for Root-Cause Analysis},"Kelen, D M and Petreczky, M and Kersch, P and Bencz{\'{u}}r, A A",2023,,10.1109/ICDM58522.2023.00030,"In this work, we examine Asymmetric Shapley Values (ASV), a variant of the popular SHAP additive local explanation method. ASV proposes a way to improve model explanations incorporating known causal relations between variables, and is also considered as a way to test for unfair discrimination in model predictions. Unexplored in previous literature, relaxing symmetry in Shapley values can have counter-intuitive consequences for model explanation. To better understand the method, we first show how local contributions correspond to global contributions of variance reduction. Using variance, we demonstrate multiple cases where ASV yields counter-intuitive attributions, arguably producing incorrect results for root-cause analysis. Second, we identify generalized additive models (GAM) as a restricted class for which ASV exhibits desirable properties. We support our arguments by proving multiple theoretical results about the method. Finally, we demonstrate the use of asymmetric attributions on multiple real-world datasets, comparing the results with and without restricted model families using gradient boosting and deep learning models.","Additives,Behavioral sciences,Boosting,Data mining,Deep learning,Predictive models,SHAP,Sufficient conditions,causality,explainability",0.48376912,0.2988527,0.3417688,0.3772689,0.125,0.0,0.0,,,,
0,2192,489,True,891,133,{Spatially Attentive Output Layer for Image Classification},"Kim, I and Baek, W and Kim, S",2020,,10.1109/CVPR42600.2020.00955,"Most convolutional neural networks (CNNs) for image classification use a global average pooling (GAP) followed by a fully-connected (FC) layer for output logits. However, this spatial aggregation procedure inherently restricts the utilization of location-specific information at the output layer, although this spatial information can be beneficial for classification. In this paper, we propose a novel spatial output layer on top of the existing convolutional feature maps to explicitly exploit the location-specific output information. In specific, given the spatial feature maps, we replace the previous GAP-FC layer with a spatially attentive output layer (SAOL) by employing a attention mask on spatial logits. The proposed location-specific attention selectively aggregates spatial logits within a target region, which leads to not only the performance improvement but also spatially interpretable outputs. Moreover, the proposed SAOL also permits to fully exploit location-specific self-supervision as well as self-distillation to enhance the generalization ability during training. The proposed SAOL with self-supervision and self-distillation can be easily plugged into existing CNNs. Experimental results on various classification tasks with representative architectures show consistent performance improvements by SAOL at almost the same computational cost.","Aggregates,Computer architecture,Computer vision,Convolution,Semantics,Task analysis,Training",0.5406782,0.33400875,0.33355868,0.38533854,0.125,0.0,0.3333333333333333,,,,
0,2198,491,True,891,133,{MONAH: Multi-Modal Narratives for Humans to analyze conversations},"Kim, J Y and Kim, G Y and Liu, C F and Calvo, R A and Taylor, S C R and Yacef, K and Linguist, Assoc Computat",2021,,,"In conversational analyses, humans manually weave multimodal information into the transcripts, which is significantly time-consuming. We introduce a system that automatically expands the verbatim transcripts of videorecorded conversations using multimodal data streams. This system uses a set of preprocessing rules to weave multimodal annotations into the verbatim transcripts and promote interpretability. Our feature engineering contributions are two-fold: firstly, we identify the range of multimodal features relevant to detect rapport-building; secondly, we expand the range of multimodal annotations and show that the expansion leads to statistically significant improvements in detecting rapport-building.",,0.54352057,0.3357647,0.39646947,0.43323225,0.125,0.08333333333333333,0.0,,,,
0,2214,494,True,891,133,{KEBAP: Korean Error Explainable Benchmark Dataset for ASR and Post-processing},"Koo, S and Park, C and Kim, J and Seo, J and Eo, S and Moon, H and Lim, H",2023,,,"Automatic Speech Recognition (ASR) systems are instrumental across various applications, with their performance being critically tied to user satisfaction. Conventional evaluation metrics for ASR systems produce a singular aggregate score, which is insufficient for understanding specific system vulnerabilities. Therefore, we aim to address the limitations of the previous ASR evaluation methods by introducing the Korean Error Explainable Benchmark Dataset for ASR and Post-processing (KEBAP). KEBAP enables comprehensive analysis of ASR systems at both speech- and text levels, thereby facilitating a more balanced assessment encompassing speech recognition accuracy and user readability. KEBAP provides 37 newly defined speech-level resources incorporating diverse noise environments and speaker characteristics categories, also presenting 13 distinct textlevel error types. This paper demonstrates detailed statistical analyses of colloquial noise categories and textual error types. Furthermore, we conduct extensive validation and analysis on commercially deployed ASR systems, providing valuable insights into their performance. As a more fine-grained and real-world-centric evaluation method, KEBAP contributes to identifying and mitigating potential weaknesses in ASR systems.",,0.3735206,0.23074569,0.42166936,0.40963218,0.125,0.0,0.0,,,,
0,2238,503,True,891,133,{Information Bottleneck Approach to Spatial Attention Learning},"Lai, Q and Li, Y and Zeng, A and Liu, M and Sun, H and Xu, Q",2021,,10.24963/ijcai.2021/108,"The selective visual attention mechanism in the human visual system (HVS) restricts the amount of information to reach visual awareness for perceiving natural scenes, allowing near real-time information processing with limited computational capacity [Koch and Ullman, 1987]. This kind of selectivity acts as an 'Information Bottleneck (IB)', which seeks a trade-off between information compression and predictive accuracy. However, such information constraints are rarely explored in the attention mechanism for deep neural networks (DNNs). In this paper, we propose an IB-inspired spatial attention module for DNN structures built for visual recognition. The module takes as input an intermediate representation of the input image, and outputs a variational 2D attention map that minimizes the mutual information (MI) between the attention-modulated representation and the input, while maximizing the MI between the attention-modulated representation and the task label. To further restrict the information bypassed by the attention map, we quantize the continuous attention scores to a set of learnable anchor values during training. Extensive experiments show that the proposed IB-inspired spatial attention mechanism can yield attention maps that neatly highlight the regions of interest while suppressing backgrounds, and bootstrap standard DNN structures for visual recognition tasks (e.g., image classification, fine-grained recognition, cross-domain classification). The attention maps are interpretable for the decision making of the DNNs as verified in the experiments. Our code is available at this https URL. {\textcopyright}2021 International Joint Conferences on Artificial Intelligence. All rights reserved.","Amount of information,Behavioral research,Decision making,Deep neural networks,Economic and social effects,Human Visual System,Information bottleneck,Mutual informations,Neural networks structure,Spatial attention,Visual attention mechanisms,Visual awareness,Visual recognition",0.55985624,0.34585616,0.37142134,0.41853005,0.125,0.08333333333333333,0.2222222222222222,,,,
0,2264,512,True,891,133,{Holistic Evaluation of Text-to-Image Models},"Lee, T and Yasunaga, M and Meng, C L and Mai, Y F and Park, J S and Gupta, A and Zhang, Y Z and Narayanan, D and Teufel, H B and Bellagente, M and Kang, M and Park, T and Leskovec, J and Zhu, J Y and Li, F F and Wu, J J and Ermon, S and Liang, P",2023,,,"The stunning qualitative improvement of text-to-image models has led to their widespread attention and adoption. However, we lack a comprehensive quantitative understanding of their capabilities and risks. To fill this gap, we introduce a new benchmark, Holistic Evaluation of Text-to-Image Models (HEIM). Whereas previous evaluations focus mostly on image-text alignment and image quality, we identify 12 aspects, including text-image alignment, image quality, aesthetics, originality, reasoning, knowledge, bias, toxicity, fairness, robustness, multilinguality, and efficiency. We curate 62 scenarios encompassing these aspects and evaluate 26 state-of-the-art text-to-image models on this benchmark. Our results reveal that no single model excels in all aspects, with different models demonstrating different strengths. We release the generated images and human evaluation results for full transparency at https://crfm.stanford.edu/heim/latest and the code at https://github.com/stanford- crfm/helm, which is integrated with the HELM codebase [1].",,0.5270714,0.32560307,0.38110006,0.41759288,0.125,0.16666666666666666,0.0,,,,
0,2277,518,True,891,133,{Collaborative Spatiotemporal Feature Learning for Video Action Recognition},"Li, C and Zhong, Q and Xie, D and Pu, S",2019,,10.1109/CVPR.2019.00806,"Spatiotemporal feature learning is of central importance for action recognition in videos. Existing deep neural network models either learn spatial and temporal features independently (C2D) or jointly with unconstrained parameters (C3D). In this paper, we propose a novel neural operation which encodes spatiotemporal features collaboratively by imposing a weight-sharing constraint on the learnable parameters. In particular, we perform 2D convolution along three orthogonal views of volumetric video data, which learns spatial appearance and temporal motion cues respectively. By sharing the convolution kernels of different views, spatial and temporal features are collaboratively learned and thus benefit from each other. The complementary features are subsequently fused by a weighted summation whose coefficients are learned end-to-end. Our approach achieves state-of-the-art performance on large-scale benchmarks and won the 1st place in the Moments in Time Challenge 2018. Moreover, based on the learned coefficients of different views, we are able to quantify the contributions of spatial and temporal features. This analysis sheds light on interpretability of the model and may also guide the future design of algorithm for video recognition.","Action Recognition,Deep Learning",0.55394685,0.34220558,0.3062821,0.36819828,0.125,0.08333333333333333,0.2222222222222222,,,,
0,2366,542,True,891,133,{A character-centric neural model for automated story generation},"Liu, D and Li, J and Yu, M.-H. and Huang, Z and Liu, G and Zhao, D and Yan, R",2020,,,"Automated story generation is a challenging task which aims to automatically generate convincing stories composed of successive plots correlated with consistent characters. Most recent generation models are built upon advanced neural networks, e.g., variational autoencoder, generative adversarial network, convolutional sequence to sequence model. Although these models have achieved prompting results on learning linguistic patterns, very few methods consider the attributes and prior knowledge of the story genre, especially from the perspectives of explainability and consistency. To fill this gap, we propose a character-centric neural storytelling model, where a story is created encircling the given character, i.e., each part of a story is conditioned on a given character and corresponded context environment. In this way, we explicitly capture the character information and the relations between plots and characters to improve explainability and consistency. Experimental results on open dataset indicate that our model yields meaningful improvements over several strong baselines on both human and automatic evaluations. Copyright {\textcopyright}2020, Association for the Advancement of Artificial Intelligence (www.aaai.org). All rights reserved.","Adversarial networks,Automatic evaluation,Context environment,Convolutional neural networks,Learning systems,Linguistic patterns,Neural modeling,Prior knowledge,Sequence modeling,Story generations",0.64183784,0.39650103,0.32346624,0.40305912,0.125,0.08333333333333333,0.2222222222222222,,,,
0,2381,549,True,891,133,{A Cognitive Solver with Autonomously Knowledge Learning for Reasoning Mathematical Answers},"Liu, J and Huang, Z and Lin, X and Liu, Q and Ma, J and Chen, E",2022,,10.1109/ICDM54844.2022.00037,"Reasoning answers to mathematical problems requires machines to think and operate like a human to learn knowledge from mathematical data, which is one of the fundamental tasks for exploring general artificial intelligence. Most solutions focus on mimicking how humans understand problems, which generate the necessary expressions for answers. However, they are still far from enough since they ignore the core ability of humans to acquire knowledge from experience. In this paper, we propose a Cognitive Solver (CogSolver) that is capable of autonomously learning knowledge from scratch to solve mathematical problems, inspired by two cognitive science theories. Specifically, we draw one insight from the dual process theory to establish an intelligent BRAIN-ARM framework, and refer to another information processing theory to summarize the knowledge learning process into Store-Apply-Update steps. In CogSolver, the BRAIN system stores three types of mathematical knowledge, including semantics knowledge, relation knowledge, and mathematic rule knowledge. Then, the ARM system applies the knowledge in BRAIN to answer the problems. Specifically, we design a knowledge-aware module and a commutative module in ARM to improve its reasoning ability, where the knowledge is organically integrated into answer reasoning process. After solving the problems, BRAIN updates the stored knowledge according to the feedback of ARM, where we develop knowledge filters to eliminate the redundant ones and further form a more reasonable knowledge base. Our CogSolver carries out the above three steps iteratively, which behaves more like a human. We conduct extensive experiments on real-world math word problem datasets. The experimental results demonstrate the improvement in answer reasoning and clearly show how CogSolver gains knowledge from the problems, leading to superior interpretability. Our codes are available at https://github.com/bigdata-ustc/CogSolver.","Cognition,Commutation,Filtering theory,Information processing,Knowledge based systems,Mathematics,Semantics,knowledge learning,mathematical reasoning",0.5086838,0.31424394,0.38712,0.41751096,0.125,0.25,0.0,,,,
0,2460,578,True,891,133,{Reasoning About Inconsistent Formulas},"Marques-Silva, J and Menc{\'{i}}a, C",2020,,,"The analysis of inconsistent formulas finds an ever-increasing range of applications, that include axiom pinpointing in description logics, fault localization in software, model-based diagnosis, optimization problems, but also explainability of machine learning models. This paper overviews approaches for analyzing inconsistent formulas, focusing on finding and enumerating explanations of and corrections for inconsistency, but also on solving optimization problems modeled as inconsistent formulas.",,0.46666333,0.2882854,0.3893438,0.4086737,0.125,0.16666666666666666,0.0,,,,
0,2462,580,True,891,133,{Formal Reasoning Methods for Explainability in Machine Learning},"Marquez-Silva, J",2020,,,,,0.52437377,0.32393658,0.28627443,0.34579927,0.125,0.16666666666666666,0.0,,,,
0,2464,582,True,891,133,{GradTree: Learning Axis-Aligned Decision Trees with Gradient Descent},"Marton, S and L{\""{u}}dtke, S and Bartelt, C and Stuckenschmidt, H",2024,,10.1609/aaai.v38i13.29345,"Decision Trees (DTs) are commonly used for many machine learning tasks due to their high degree of interpretability. However, learning a DT from data is a difficult optimization problem, as it is non-convex and non-differentiable. Therefore, common approaches learn DTs using a greedy growth algorithm that minimizes the impurity locally at each internal node. Unfortunately, this greedy procedure can lead to inaccurate trees. In this paper, we present a novel approach for learning hard, axis-aligned DTs with gradient descent. The proposed method uses backpropagation with a straight-through operator on a dense DT representation, to jointly optimize all tree parameters. Our approach outperforms existing methods on binary classification benchmarks and achieves competitive results for multi-class tasks. Copyright {\textcopyright}2024, Association for the Advancement of Artificial Intelligence (www.aaai.org). All rights reserved.","Backpropagation,Decision trees,Gradient methods,Gradient-descent,Growth algorithms,Internal nodes,Interpretability,Learn+,Learning systems,Learning tasks,Machine-learning,Non-differentiable,Optimization,Optimization problems,Tree representation",0.50386286,0.3112658,0.27503288,0.33224037,0.125,0.08333333333333333,0.1111111111111111,,,,
0,2476,586,True,891,133,{Foreground Activation Maps for Weakly Supervised Object Localization},"Meng, M and Zhang, T and Tian, Q and Zhang, Y and Wu, F",2021,,10.1109/ICCV48922.2021.00337,"Weakly supervised object localization (WSOL) aims to localize objects with only image-level labels, which has better scalability and practicability than fully supervised methods in the actual deployment. However, with only image-level labels, learning object classification models tends to activate object parts and ignore the whole object, while expanding object parts into the whole object may deteriorate classification performance. To alleviate this problem, we propose foreground activation maps (FAM), whose aim is to optimize object localization and classification jointly via an object-aware attention module and a part-aware attention module in a unified model, where the two tasks can complement and enhance each other. To the best of our knowledge, this is the first work that can achieve remarkable performance for both tasks by optimizing them jointly via FAM for WSOL. Besides, the designed two modules can effectively highlight foreground objects for localization and discover discriminative parts for classification. Extensive experiments with four backbones on two standard benchmarks demonstrate that our FAM performs favorably against state-of-the-art WSOL methods.","Benchmark testing,Computational modeling,Computer vision,Detection and localization in 2D and 3D,Explainable AI,Location awareness,Recognition and classification,Scalability,Standards,Task analysis",0.5158771,0.31868768,0.34823835,0.39014804,0.125,0.08333333333333333,0.0,,,,
0,2504,601,True,891,133,{Connecting Interpretability and Robustness in Decision Trees through Separation},"Moshkovitz, M and Yang, Y Y and Chaudhuri, K",2021,,,"Recent research has recognized interpretability and robustness as essential properties of trust-worthy classification. Curiously, a connection between robustness and interpretability was empirically observed, but the theoretical reasoning behind it remained elusive. In this paper, we rigorously investigate this connection. Specifically, we focus on interpretation using decision trees and robustness to l(infinity)-perturbation. Previous works defined the notion of r-separation as a sufficient condition for robustness. We prove upper and lower bounds on the tree size in case the data is r-separated. We then show that a tighter bound on the size is possible when the data is linearly separated. We provide the first algorithm with provable guarantees both on robustness, interpretability, and accuracy in the context of decision trees. Experiments confirm that our algorithm yields classifiers that are both interpretable and robust and have high accuracy. The code for the experiments is available at https://github.com/yangarbiter/interpretable-robust-trees.",,0.43563476,0.2691173,0.27781343,0.31726876,0.125,0.16666666666666666,0.0,,,,
0,2523,606,True,891,133,{Discovering graph temporal association rules},"Namaki, M H and Wu, Y and Song, Q and Lin, P and Ge, T",2017,,10.1145/3132847.3133014,"Detecting regularities between complex events in temporal graphs is critical for emerging applications. This paper proposes graph temporal association rules (GTAR). A GTAR extends traditional association rules to discover temporal associations for complex events captured by a class of temporal pattern queries. We introduce notions of support and confidence for GTARs, and formalize the discovery problem for GTARs. We show that despite the enhanced expressive power, GTARs discovery is feasible over large temporal graphs. We develop an effective rule discovery algorithm, which integrates event mining and rule discovery as a single process, and reduces the redundant computation by leveraging their interaction. Using real-life and synthetic data, we experimentally verify the effectiveness and scalability of the algorithms. Our case study also verifies that GTARs demonstrate highly interpretable associations in real-world networks. {\textcopyright}2017 Association for Computing Machinery.","Association rules,Complex networks,Emerging applications,Knowledge management,Real-world networks,Redundant computation,Rule discovery algorithms,Support and confidence,Temporal association,Temporal association rule,Temporal pattern",0.46459413,0.28700718,0.35672778,0.38369435,0.125,0.3333333333333333,0.1111111111111111,,,,
0,2544,613,True,891,133,{Unveiling the Black Box of PLMs with Semantic Anchors: Towards Interpretable Neural Semantic Parsing},"Nie, L and Sun, J and Wang, Y and Du, L and Han, S and Zhang, D and Hou, L and Li, J and Zhai, J",2023,,10.1609/aaai.v37i11.26572,"The recent prevalence of pretrained language models (PLMs) has dramatically shifted the paradigm of semantic parsing, where the mapping from natural language utterances to structured logical forms is now formulated as a Seq2Seq task. Despite the promising performance, previous PLM-based approaches often suffer from hallucination problems due to their negligence of the structural information contained in the sentence, which essentially constitutes the key semantics of the logical forms. Furthermore, most works treat PLM as a black box in which the generation process of the target logical form is hidden beneath the decoder modules, which greatly hinders the model's intrinsic interpretability. To address these two issues, we propose to incorporate the current PLMs with a hierarchical decoder network. By taking the first-principle structures as the semantic anchors, we propose two novel intermediate supervision tasks, namely Semantic Anchor Extraction and Semantic Anchor Alignment, for training the hierarchical decoders and probing the model intermediate representations in a self-adaptive manner alongside the fine-tuning process. We conduct intensive experiments on several semantic parsing benchmarks and demonstrate that our approach can consistently outperform the baselines. More importantly, by analyzing the intermediate representations of the hierarchical decoders, our approach also makes a huge step toward the intrinsic interpretability of PLMs in the domain of semantic parsing. Copyright {\textcopyright}2023, Association for the Advancement of Artificial Intelligence (www.aaai.org). All rights reserved.","Anchors,Artificial intelligence,Black boxes,Decoding,Intermediate representations,Interpretability,Language model,Logical forms,Model based approach,Natural language processing systems,Natural languages,Performance,Semantic parsing,Semantics,Structural information,Syntactics",0.64586693,0.39899004,0.3211074,0.40229726,0.125,0.08333333333333333,0.2222222222222222,,,,
0,2563,621,True,891,133,{Speaker Information Can Guide Models to Better Inductive Biases: A Case Study On Predicting Code-Switching},"Ostapenko, A and Wintner, S and Fricke, M and Tsvetkov, Y",2022,,10.18653/v1/2022.acl-long.267,"Natural language processing (NLP) models trained on people-generated data can be unreliable because, without any constraints, they can learn from spurious correlations that are not relevant to the task. We hypothesize that enriching models with speaker information in a controlled, educated way can guide them to pick up on relevant inductive biases. For the speaker-driven task of predicting code-switching points in English-Spanish bilingual dialogues, we show that adding sociolinguistically-grounded speaker features as prepended prompts significantly improves accuracy. We find that by adding influential phrases to the input, speaker-informed models learn useful and explainable linguistic information. To our knowledge, we are the first to incorporate speaker characteristics in a neural model for code-switching, and more generally, take a step towards developing transparent, personalized models that use speaker information in a controlled way. {\textcopyright}2022 Association for Computational Linguistics.","Bilinguals,Case-studies,Code-switching,Codes (symbols),Computational linguistics,Guide models,Inductive bias,Language processing,Learn+,Natural language processing systems,Natural languages,Processing model,Switching points",0.5820415,0.35956132,0.4041894,0.44865245,0.25,0.25,0.1111111111111111,,,,
0,2579,627,True,891,133,{A Symbolic Rule Integration Framework with Logic Transformer for Inductive Relation Prediction},"Pan, Y and Liu, J and Zhao, T and Zhang, L and Lin, Y and Dong, J S",2024,,10.1145/3589334.3645594,"Relation prediction in knowledge graphs (KGs) aims at predicting missing relations in incomplete triples, whereas the dominant paradigm by KG embeddings has a limitation to predict the relation between unseen entities. This situation is called an inductive setting, which is more common in the real-world scenario. To handle this issue, implicit symbolic rules have shown great potential in capturing the inductive capability. However, it is still challenging to obtain precise representations of logic rules from KGs. The argument variability and predicate non-commutativity in symbolic rule integration make the modeling of component symbols difficult. To this end, we propose a novel inductive relation prediction model named SymRITa with a logic transformer integrating rules. SymRITa firstly extracts the subgraph, whose embeddings are captured by a graph network. Meanwhile, symbolic rule graphs in the subgraph can be generated. Then, the symbolic rules are modeled by a proposed logic transformer. Specifically, the input format based on the subgraph-based embeddings is to focus on the argument variability in symbolic rules. In addition, a conjunction attention mechanism in the logic transformer can resolve predicate non-commutativity in the symbolic rule integration process. Finally, the subgraph-based and symbol-based embeddings obtained from the previous steps are combined for the training regime, and prediction results as well as rules explaining the reasoning process are explicitly output. Extensive experiments on twelve inductive datasets show that SymRITa achieves outstanding effectiveness compared to state-of-the-art inductive baselines. Moreover, the logic rules with corresponding confidences provide an interpretable paradigm. {\textcopyright}2024 ACM.","Commutativity,Computer circuits,Embeddings,First order logic,Forecasting,Formal logic,Graph embeddings,Inductive relation prediction,Integration,Integration frameworks,Knowledge graph,Knowledge graphs,Logic rules,Logic transformer,Subgraphs,first-order logic,inductive relation prediction,knowledge graph,logic transformer",0.6029607,0.3724844,0.28128707,0.36170548,0.125,0.5833333333333334,0.1111111111111111,,,,
0,2607,635,True,891,133,{Differentiable grammars for videos},"Piergiovanni, A J and Angelova, A and Ryoo, M S",2020,,,"This paper proposes a novel algorithm which learns a formal regular grammar from real-world continuous data, such as videos. Learning latent terminals, non-terminals, and production rules directly from continuous data allows the construction of a generative model capturing sequential structures with multiple possibilities. Our model is fully differentiable, and provides easily interpretable results which are important in order to understand the learned structures. It outperforms the state-of-the-art on several challenging datasets and is more accurate for forecasting future activities in videos.We plan to open-source the code.1 Copyright {\textcopyright}2020, Association for the Advancement of Artificial Intelligence (www.aaai.org). All rights reserved.","Artificial intelligence,Continuous data,Generative model,Novel algorithm,Open sources,Production rules,Regular grammar,Sequential structure,State of the art",0.59508157,0.36761695,0.3468417,0.40890166,0.125,0.16666666666666666,0.1111111111111111,,,,
0,2608,636,True,891,133,{RangeGrad: Explaining Neural Networks by Measuring Uncertainty Through Bound Propagation},"Pinxteren, S and Favier, M and Calders, T",2023,,10.1007/978-3-031-23618-1_23,"When generating local neural network explanations, many methods remove or obfuscate information at the input and observe the effect on the neural network output. If the lack of certain information causes meaningful changes to the output, we assume it was important and forms part of the explanation for the prediction result. It is not trivial, however, to decide on a clear definition for the absence of information. Previous methods have blurred, darkened or added normally distributed noise to certain portions of the input. In this paper, we propose using interval bounds as a proxy for uncertainty about, or absence of, information. Using this insight, we developed RangeGrad, a novel method for generating saliency maps for neural networks. This method exploits the relationship between uncertainty on the input with prediction uncertainty. We show that the uncertainty framework produces valid explanations in line with existing methods.",,0.54471254,0.336501,0.32076013,0.37674823,0.0,0.0,0.2222222222222222,,,,
0,2682,664,True,891,133,{Question Answering over Curated and Open Web Sources},"Roy, R S and Anand, A and ACM",2020,,10.1145/3409256.3409809,"The last few years have seen an explosion of research on the topic of automated question answering (QA), spanning the communities of information retrieval, natural language processing, and artificial intelligence. This tutorial would cover the highlights of this really active period of growth for QA to give the audience a grasp over the families of algorithms that are currently being used. We partition research contributions by the underlying source from where answers are retrieved: curated knowledge graphs, unstructured text, or hybrid corpora. We choose this dimension of partitioning as it is the most discriminative when it comes to algorithm design. Other key dimensions are covered within each sub-topic: like the complexity of questions addressed, and degrees of explainability and interactivity introduced in the systems. We would conclude the tutorial with the most promising emerging trends in the expanse of QA, that would help new entrants into this field make the best decisions to take the community forward. Much has changed in the community since the last tutorial on QA in SIGIR 2016, and we believe that this timely overview will indeed benefit a large number of conference participants.",,0.5454921,0.3369826,0.29974377,0.36118084,0.125,0.08333333333333333,0.0,,,,
0,2692,667,True,891,133,{ProtoPShare: Prototypical Parts Sharing for Similarity Discovery in Interpretable Image Classification},"Rymarczyk, D and Struski, L and Tabor, J and Zielinski, B and MACHINERY, ASSOC COMP",2021,,10.1145/3447548.3467245,"In this work, we introduce an extension to ProtoPNet called ProtoPShare which shares prototypical parts between classes. To obtain prototype sharing we prune prototypical parts using a novel data-dependent similarity. Our approach substantially reduces the number of prototypes needed to preserve baseline accuracy and finds prototypical similarities between classes. We show the effectiveness of ProtoPShare on the CUB-200-2011 and the Stanford Cars datasets and confirm the semantic consistency of its prototypical parts in user-study.",,0.5905582,0.36482257,0.27466744,0.35364014,0.125,0.0,0.0,,,,
0,2773,691,True,891,133,{Bilingual Lexicon Induction via Unsupervised Bitext Construction and Word Alignment},"Shi, H Y and Zettlemoyer, L and Wang, S I and Linguist, Assoc Computat",2021,,,"Bilingual lexicons map words in one language to their translations in another, and are typically induced by learning linear projections to align monolingual word embedding spaces. In this paper, we show it is possible to produce much higher quality lexicons with methods that combine (1) unsupervised bitext mining and (2) unsupervised word alignment. Directly applying a pipeline that uses recent algorithms for both subproblems significantly improves induced lexicon quality and further gains are possible by learning to filter the resulting lexical entries, with both unsupervised and semisupervised schemes. Our final model outperforms the state of the art on the BUCC 2020 shared task by 14 F1 points averaged over 12 language pairs, while also providing a more interpretable approach that allows for rich reasoning of word meaning in context. Further analysis of our output and the standard reference lexicons suggests they are of comparable quality, and new benchmarks may be needed to measure further progress on this task.(1)",,0.4758569,0.29396483,0.36822397,0.3951322,0.125,0.08333333333333333,0.0,,,,
0,2819,705,True,891,133,{Decision Trees with Short Explainable Rules},"Souza, V F C and Cicalese, F and Laber, E S and Molinaro, M",2022,,,"Decision trees are widely used in many settings where interpretable models are preferred or required. As confirmed by recent empirical studies, the interpretability/explainability of a decision tree critically depends on some of its structural parameters, like size and the average/maximum depth of its leaves. There is indeed a vast literature on the design and analysis of decision tree algorithms that aim at optimizing these parameters. This paper contributes to this important line of research: we propose as a novel criterion of measuring the interpretability of a decision tree, the sparsity of the set of attributes that are (on average) required to explain the classification of the examples. We give a tight characterization of the best possible guarantees achievable by a decision tree built to optimize both our new measure (which we call the explanation size) and the more classical measures of worst-case and average depth. In particular, we give an algorithm that guarantees O (ln n)-approximation (hence optimal if P not equal NP) for the minimization of both the average/worst-case explanation size and the average/worst-case depth. In addition to our theoretical contributions, experiments with 20 real datasets show that our algorithm has accuracy competitive with CART while producing trees that allow for much simpler explanations.",,0.5058272,0.31247932,0.27781343,0.33481687,0.25,0.16666666666666666,0.0,,,,
0,2833,709,True,891,133,{Benchmarking Machine Reading Comprehension: A Psychological Perspective},"Sugawara, S and Stenetorp, P and Aizawa, A and Linguist, Assoc Computat",2021,,,"Machine reading comprehension (MRC) has received considerable attention as a benchmark for natural language understanding. However, the conventional task design of MRC lacks explainability beyond the model interpretation, i.e., reading comprehension by a model cannot be explained in human terms. To this end, this position paper provides a theoretical basis for the design of MRC datasets based on psychology as well as psychometrics, and summarizes it in terms of the prerequisites for benchmarking MRC. We conclude that future datasets should (i) evaluate the capability of the model for constructing a coherent and grounded representation to understand context-dependent situations and (ii) ensure substantive validity by shortcut-proof questions and explanation as a part of the task design.",,0.5833615,0.36037678,0.33760738,0.3990459,0.125,0.0,0.0,,,,
0,2849,718,True,891,133,{Recurrent Neural Language Models as Probabilistic Finite-state Automata},"Svete, A and Cotterell, R",2023,,,"Studying language models (LMs) in terms of well-understood formalisms allows us to precisely characterize their abilities and limitations. Previous work has investigated the representational capacity of recurrent neural network (RNN) LMs in terms of their capacity to recognize unweighted formal languages. However, LMs do not describe unweighted formal languages-rather, they define probability distributions over strings. In this work, we study what classes of such probability distributions RNN LMs can represent, which allows us to make more direct statements about their capabilities. We show that simple RNNs are equivalent to a subclass of probabilistic finitestate automata, and can thus model a strict subset of probability distributions expressible by finite-state models. Furthermore, we study the space complexity of representing finite-state LMs with RNNs. We show that, to represent an arbitrary deterministic finite-state LM with N states over an alphabet S, an RNN requires OpN|S| q neurons. These results present a first step towards characterizing the classes of distributions RNN LMs can represent and thus help us understand their capabilities and limitations.",,0.50374365,0.31119213,0.25752008,0.31907597,0.0,0.08333333333333333,0.2222222222222222,,,,
0,2853,719,True,891,133,{Adapting language models for non-parallel author-stylized rewriting},"Syed, B and Verma, G and Srinivasan, B V and Natarajan, A and Varma, V",2020,,,"Given the recent progress in language modeling using Transformer-based neural models and an active interest in generating stylized text, we present an approach to leverage the generalization capabilities of a language model to rewrite an input text in a target author's style. Our proposed approach adapts a pre-trained language model to generate author-stylized text by fine-tuning on the author-specific corpus using a denoising autoencoder (DAE) loss in a cascaded encoder-decoder framework. Optimizing over DAE loss allows our model to learn the nuances of an author's style without relying on parallel data, which has been a severe limitation of the previous related works in this space. To evaluate the efficacy of our approach, we propose a linguisticallymotivated framework to quantify stylistic alignment of the generated text to the target author at lexical, syntactic and surface levels. The evaluation framework is both interpretable as it leads to several insights about the model, and self-contained as it does not rely on external classifiers, e.g. sentiment or formality classifiers. Qualitative and quantitative assessment indicates that the proposed approach rewrites the input text with better alignment to the target style while preserving the original content better than state-of-the-art baselines. Copyright {\textcopyright}2020 Association for the Advancement of Artificial Intelligence. All rights reserved.","Alignment,Artificial intelligence,Computational linguistics,Encoder-decoder,Evaluation framework,Generalization capability,Language model,Modeling languages,Neural models,Qualitative and quantitative assessments,Recent progress,State of the art",0.5388061,0.33285227,0.36546874,0.40880308,0.125,0.08333333333333333,0.1111111111111111,,,,
0,2856,720,True,891,133,{CAM-Based Methods Can See Through Walls},"Taimeskhanov, M and Sicre, R and Garreau, D",2024,,10.1007/978-3-031-70368-3_20,"CAM-based methods are widely-used post-hoc interpretability method that produce a saliency map to explain the decision of an image classification model. The saliency map highlights the important areas of the image relevant to the prediction. In this paper, we show that most of these methods can incorrectly attribute an important score to parts of the image that the model cannot see. We show that this phenomenon occurs both theoretically and experimentally. On the theory side, we analyze the behavior of GradCAM on a simple masked CNN model at initialization. Experimentally, we train a VGG-like model constrained to not use the lower part of the image and nevertheless observe positive scores in the unseen part of the image. This behavior is evaluated quantitatively on two new datasets. We believe that this is problematic, potentially leading to mis-interpretation of the model's behavior.",,0.50568664,0.31239244,0.29354918,0.34658355,0.125,0.0,0.0,,,,
0,2878,727,True,891,133,{Lifting Symmetry Breaking Constraints with Inductive Logic Programming},"Tarzariol, A and Gebser, M and Schekotihin, K",2021,,,"Efficient omission of symmetric solution candidates is essential for combinatorial problem solving. Most of the existing approaches are instance-specific and focus on the automatic computation of Symmetry Breaking Constraints (SBCs) for each given problem instance. However, the application of such approaches to large-scale instances or advanced problem encodings might be problematic. Moreover, the computed SBCs are propositional and, therefore, can neither be meaningfully interpreted nor transferred to other instances. To overcome these limitations, we introduce a new modeloriented approach for Answer Set Programming that lifts the SBCs of small problem instances into a set of interpretable first-order constraints using the Inductive Logic Programming paradigm. Experiments demonstrate the ability of our framework to learn general constraints from instance-specific SBCs for a collection of combinatorial problems. The obtained results indicate that our approach significantly outperforms a state-of-the-art instancespecific method as well as the direct application of a solver.",,0.50743043,0.31346968,0.36075318,0.3974225,0.125,0.16666666666666666,0.0,,,,
0,2885,730,True,891,133,{MABSplit: Faster Forest Training Using Multi-Armed Bandits},"Tiwari, M and Kang, R and Lee, J Y and Thrun, S and Piech, C and Shomorony, I and Zhang, M J",2022,,,"Random forests are some of the most widely used machine learning models today, especially in domains that necessitate interpretability. We present an algorithm that accelerates the training of random forests and other popular tree-based learning methods. At the core of our algorithm is a novel node-splitting subroutine, dubbed MABSplit, used to efficiently find split points when constructing decision trees. Our algorithm borrows techniques from the multi-armed bandit literature to judiciously determine how to allocate samples and computational power across candidate split points. We provide theoretical guarantees that MABSplit improves the sample complexity of each node split from linear to logarithmic in the number of data points. In some settings, MABSplit leads to 100x faster training (an 99% reduction in training time) without any decrease in generalization performance. We demonstrate similar speedups when MABSplit is used across a variety of forest-based variants, such as Extremely Random Forests and Random Patches. We also show our algorithm can be used in both classification and regression tasks. Finally, we show that MABSplit outperforms existing methods in generalization performance and feature importance calculations under a fixed computational budget. All of our experimental results are reproducible via a one-line script at https://github.com/ThrunGroup/FastForest.",,0.50333464,0.31093946,0.34673584,0.38588554,0.125,0.08333333333333333,0.0,,,,
0,2906,736,True,891,133,{A Tensor-Based Formalization of the Event Calculus*},"Tsilionis, E and Artikis, A and Paliouras, G",2024,,,"We present a formalization of the Event Calculus (EC) in tensor spaces. The motivation for a tensorbased predicate calculus comes from the area of composite event recognition (CER). As a CER engine, we adopt a logic programming implementation of EC with optimizations for continuous narrative assimilation on data streams. We show how to evaluate EC rules algebraically and solve a linear equation to compute the corresponding models. We demonstrate the scalability of our approach with the use of large datasets from a real-world application domain, and show it outperforms significantly symbolic EC, in terms of processing time.",,0.5062584,0.31274566,0.41025782,0.43425798,0.0,0.3333333333333333,0.1111111111111111,,,,
0,2911,738,True,891,133,{Language Models Don't Always Say What They Think: Unfaithful Explanations in Chain-of-Thought Prompting},"Turpin, M and Michael, J and Perez, E and Bowman, S R",2023,,,"Large Language Models (LLMs) can achieve strong performance on many tasks by producing step-by-step reasoning before giving a final output, often referred to as chain-of-thought reasoning (CoT). It is tempting to interpret these CoT explanations as the LLM's process for solving a task. This level of transparency into LLMs' predictions would yield significant safety benefits. However, we find that CoT explanations can systematically misrepresent the true reason for a model's prediction. We demonstrate that CoT explanations can be heavily influenced by adding biasing features to model inputs-e.g., by reordering the multiple-choice options in a few-shot prompt to make the answer always ""(A)""-which models systematically fail to mention in their explanations. When we bias models toward incorrect answers, they frequently generate CoT explanations rationalizing those answers. This causes accuracy to drop by as much as 36% on a suite of 13 tasks from BIG-Bench Hard, when testing with GPT-3.5 from OpenAI and Claude 1.0 from Anthropic. On a social-bias task, model explanations justify giving answers in line with stereotypes without mentioning the influence of these social biases. Our findings indicate that CoT explanations can be plausible yet misleading, which risks increasing our trust in LLMs without guaranteeing their safety. Building more transparent and explainable systems will require either improving CoT faithfulness through targeted efforts or abandoning CoT in favor of alternative methods.",,0.61062175,0.37721702,0.3025614,0.3795765,0.25,0.08333333333333333,0.0,,,,
0,2947,749,True,891,133,{Pose-Aware Multi-Level Feature Network for Human Object Interaction Detection},"Wan, B and Zhou, D and Liu, Y and Li, R and He, X",2019,,10.1109/ICCV.2019.00956,"Reasoning human object interactions is a core problem in human-centric scene understanding and detecting such relations poses a unique challenge to vision systems due to large variations in human-object configurations, multiple co-occurring relation instances and subtle visual difference between relation categories. To address those challenges, we propose a multi-level relation detection strategy that utilizes human pose cues to capture global spatial configurations of relations and as an attention mechanism to dynamically zoom into relevant regions at human part level. We develop a multi-branch deep network to learn a pose-augmented relation representation at three semantic levels, incorporating interaction context, object features and detailed semantic part cues. As a result, our approach is capable of generating robust predictions on fine-grained human object interactions with interpretable outputs. Extensive experimental evaluations on public benchmarks show that our model outperforms prior methods by a considerable margin, demonstrating its efficacy in handling complex scenes.","Cognition,Feature extraction,Neural networks,Proposals,Semantics,Task analysis,Visualization",0.658461,0.40677014,0.2936349,0.3848414,0.125,0.08333333333333333,0.2222222222222222,,,,
0,2953,753,True,891,133,{Attentive Fashion Grammar Network for Fashion Landmark Detection and Clothing Category Classification},"Wang, W G and Xu, Y L and Shen, J B and Zhu, S C and IEEE",2018,,10.1109/CVPR.2018.00449,"This paper proposes a knowledge-guided fashion network to solve the problem of visual fashion analysis, e.g., fashion landmark localization and clothing category classification. The suggested fashion model is leveraged with high-level human knowledge in this domain. We propose two important fashion grammars: (i) dependency grammar capturing kinematics-like relation, and (ii) symmetry grammar accounting for the bilateral symmetry of clothes. We introduce Bidirectional Convolutional Recurrent Neural Networks (BCRNNs) for efficiently approaching message passing over grammar topologies, and producing regularized landmark layouts. For enhancing clothing category classification, our fashion network is encoded with two novel attention mechanisms, i.e., landmark-aware attention and category-driven attention. The former enforces our network to focus on the functional parts of clothes, and learns domain-knowledge centered representations, leading to a supervised attention mechanism. The latter is goal-driven, which directly enhances task-related features and can be learned in an implicit, top-down manner. Experimental results on large-scale fashion datasets demonstrate the superior performance of our fashion grammar network.",,0.55559224,0.34322208,0.38667512,0.4289044,0.0,0.08333333333333333,0.2222222222222222,,,,
0,3021,769,True,891,133,{NOVO: Learnable and Interpretable Document Identifiers for Model-Based IR},"Wang, Z H and Zhou, Y J and Tu, Y T and Dou, Z C and ACM",2023,,10.1145/3583780.3614993,"Model-based Information Retrieval (Model-based IR) has gained attention due to advancements in generative language models. Unlike traditional dense retrieval methods relying on dense vector representations of documents, model-based IR leverages language models to retrieve documents by generating their unique discrete identifiers (docids). This approach effectively reduces the requirements to store separate document representations in an index. Most existing model-based IR approaches utilize pre-defined static docids, i.e., these docids are fixed and are not learnable by training on the retrieval tasks. However, these docids are not specifically optimized for retrieval tasks, which makes it difficult to learn semantics and relationships between documents and achieve satisfactory retrieval performance. To address the above limitations, we propose Neural Optimized VOcabularial (NOVO) docids. NOVO docids are unique n-gram sets identifying each document. They can be generated in any order to retrieve the corresponding document and can be optimized through training to better learn semantics and relationships between documents. We propose to optimize NOVO docids through query denoising modeling and retrieval tasks, allowing for optimizing both semantic and token representations for such docids. Experiments on two datasets under the normal and zeroshot settings show that NOVO exhibits strong performance in more effective and interpretable model-based IR.",,0.5898882,0.36440873,0.3204831,0.38783437,0.125,0.0,0.1111111111111111,,,,
0,3041,774,True,891,133,{Local Explanations via Necessity and Sufficiency: Unifying Theory and Practice},"Watson, D S and Gultchin, L and Taly, A and Floridi, L",2021,,,"Necessity and sufficiency are the building blocks of all successful explanations. Yet despite their importance, these notions have been conceptually underdeveloped and inconsistently applied in explainable artificial intelligence (XAI), a fast-growing research area that is so far lacking in firm theoretical foundations. Building on work in logic, probability, and causality, we establish the central role of necessity and sufficiency in XAI, unifying seemingly disparate methods in a single formal framework. We provide a sound and complete algorithm for computing explanatory factors with respect to a given context, and demonstrate its flexibility and competitive performance against state of the art alternatives on various tasks.",,0.54211605,0.334897,0.28546107,0.3496248,0.25,0.16666666666666666,0.0,,,,
0,3067,785,True,891,133,{Leveraging Passage-level Cumulative Gain for Document Ranking},"Wu, Z and Mao, J and Liu, Y and Zhan, J and Zheng, Y and Zhang, M and Ma, S",2020,,10.1145/3366423.3380305,"Document ranking is one of the most studied but challenging problems in information retrieval (IR) research. A number of existing document ranking models capture relevance signals at the whole document level. Recently, more and more research has begun to address this problem from fine-grained document modeling. Several works leveraged fine-grained passage-level relevance signals in ranking models. However, most of these works focus on context-independent passage-level relevance signals and ignore the context information, which may lead to inaccurate estimation of passage-level relevance. In this paper, we investigate how information gain accumulates with passages when users sequentially read a document. We propose the context-aware Passage-level Cumulative Gain (PCG), which aggregates relevance scores of passages and avoids the need to formally split a document into independent passages. Next, we incorporate the patterns of PCG into a BERT-based sequential model called Passage-level Cumulative Gain Model (PCGM) to predict the PCG sequence. Finally, we apply PCGM to the document ranking task. Experimental results on two public ad hoc retrieval benchmark datasets show that PCGM outperforms most existing ranking models and also indicates the effectiveness of PCG signals. We believe that this work contributes to improving ranking performance and providing more explainability for document ranking. {\textcopyright}2020 ACM.","Ad Hoc retrieval,Benchmark datasets,Context independent,Context information,Document ranking,Information gain,Passage-level cumulative gain,Ranking performance,Search engines,Sequential model,World Wide Web,document ranking,neural network",0.45867044,0.28334776,0.32307374,0.35697293,0.125,0.08333333333333333,0.2222222222222222,,,,
0,3116,802,True,891,133,{Joint Group Feature Selection and Discriminative Filter Learning for Robust Visual Object Tracking},"Xu, T and Feng, Z -H. and Wu, X -J. and Kittler, J",2019,,10.1109/ICCV.2019.00804,"We propose a new Group Feature Selection method for Discriminative Correlation Filters (GFS-DCF) based visual object tracking. The key innovation of the proposed method is to perform group feature selection across both channel and spatial dimensions, thus to pinpoint the structural relevance of multi-channel features to the filtering system. In contrast to the widely used spatial regularisation or feature selection methods, to the best of our knowledge, this is the first time that channel selection has been advocated for DCF-based tracking. We demonstrate that our GFS-DCF method is able to significantly improve the performance of a DCF tracker equipped with deep neural network features. In addition, our GFS-DCF enables joint feature selection and filter learning, achieving enhanced discrimination and interpretability of the learned filters. To further improve the performance, we adaptively integrate historical information by constraining filters to be smooth across temporal frames, using an efficient low-rank approximation. By design, specific temporal-spatial-channel configurations are dynamically learned in the tracking process, highlighting the relevant features, and alleviating the performance degrading impact of less discriminative representations and reducing information redundancy. The experimental results obtained on OTB2013, OTB2015, VOT2017, VOT2018 and TrackingNet demonstrate the merits of our GFS-DCF and its superiority over the state-of-the-art trackers. The code is publicly available at \url{https://github.com/XU-TIANYANG/GFS-DCF}.","Correlation,Feature extraction,Object tracking,Redundancy,Robustness,Task analysis,Visualization",0.44217032,0.27315468,0.37252516,0.38993645,0.125,0.08333333333333333,0.2222222222222222,,,,
0,3123,804,True,891,133,{Logiformer: A Two-Branch Graph Transformer Network for Interpretable Logical Reasoning},"Xu, F and Liu, J and Lin, Q and Pan, Y and Zhang, L",2022,,10.1145/3477495.3532016,"Machine reading comprehension has aroused wide concerns, since it explores the potential of model for text understanding. To further equip the machine with the reasoning capability, the challenging task of logical reasoning is proposed. Previous works on logical reasoning have proposed some strategies to extract the logical units from different aspects. However, there still remains a challenge to model the long distance dependency among the logical units. Also, it is demanding to uncover the logical structures of the text and further fuse the discrete logic to the continuous text embedding. To tackle the above issues, we propose an end-to-end model Logiformer which utilizes a two-branch graph transformer network for logical reasoning of text. Firstly, we introduce different extraction strategies to split the text into two sets of logical units, and construct the logical graph and the syntax graph respectively. The logical graph models the causal relations for the logical branch while the syntax graph captures the co-occurrence relations for the syntax branch. Secondly, to model the long distance dependency, the node sequence from each graph is fed into the fully connected graph transformer structures. The two adjacent matrices are viewed as the attention biases for the graph transformer layers, which map the discrete logical structures to the continuous text embedding space. Thirdly, a dynamic gate mechanism and a question-aware self-attention module are introduced before the answer prediction to update the features. The reasoning process provides the interpretability by employing the logical units, which are consistent with human cognition. The experimental results show the superiority of our model, which outperforms the state-of-the-art single model on two logical reasoning benchmarks. {\textcopyright}2022 ACM.","Discrete logic,Embeddings,Graph theory,Graph transformer,Logical reasoning,Logical structure,Long-distance dependencies,Machine reading comprehension,Reading comprehension,Reasoning capabilities,Syntactics,Syntax graphs,graph transformer,logical reasoning,machine reading comprehension",0.61703014,0.38117588,0.33617485,0.40638867,0.125,0.16666666666666666,0.2222222222222222,,,,
0,3139,808,True,891,133,{Control Image Captioning Spatially and Temporally},"Yan, K and Ji, L and Luo, H S and Zhou, M and Duan, N and Ma, S and Linguist, Assoc Computat",2021,,,"Generating image captions with user intention is an emerging need. The recently published Localized Narratives dataset takes mouse traces as another input to the image captioning task, which is an intuitive and efficient way for a user to control what to describe in the image. However, how to effectively employ traces to improve generation quality and controllability is still under exploration. This paper aims to solve this problem by proposing a novel model called LoopCAG, which connects Contrastive constraints and Attention Guidance in a Loop manner, engaged explicit spatial and temporal constraints to the generating process. Precisely, each generated sentence is temporally aligned to the corresponding trace sequence through a contrastive learning strategy. Besides, each generated text token is supervised to attend to the correct visual objects under heuristic spatial attention guidance. Comprehensive experimental results demonstrate that our LoopCAG model learns better correspondence among the three modalities(vision, language, and traces) and achieves SOTA performance on trace controlled image captioning task. Moreover, the controllability and explainability of LoopCAG are validated by analyzing spatial and temporal sensitivity during the generation process.",,0.56825185,0.35104272,0.3207677,0.38263875,0.125,0.08333333333333333,0.0,,,,
0,3158,816,True,891,133,{Learning Interpretable Decision Rule Sets: A Submodular Optimization Approach},"Yang, F and He, K and Yang, L X and Du, H X and Yang, J B and Yang, B and Sun, L",2021,,,"Rule sets are highly interpretable logical models in which the predicates for decision are expressed in disjunctive normal form (DNF, OR-of-ANDs), or, equivalently, the overall model comprises an unordered collection of if-then decision rules. In this paper, we consider a submodular optimization based approach for learning rule sets. The learning problem is framed as a subset selection task in which a subset of all possible rules needs to be selected to form an accurate and interpretable rule set. We employ an objective function that exhibits submodularity and thus is amenable to submodular optimization techniques. To overcome the difficulty arose from dealing with the exponential-sized ground set of rules, the subproblem of searching a rule is casted as another subset selection task that asks for a subset of features. We show it is possible to write the induced objective function for the subproblem as a difference of two submodular (DS) functions to make it approximately solvable by DS optimization algorithms. Overall, the proposed approach is simple, scalable, and likely to be benefited from further research on submodular optimization. Experiments on real datasets demonstrate the effectiveness of our method.",,0.48950392,0.30239543,0.3337084,0.3726573,0.125,0.25,0.0,,,,
0,3205,832,True,891,133,{Linear TreeShap},"Yu, P and Xu, C and Bifet, A and Read, J",2022,,,"Decision trees are well-known due to their ease of interpretability. To improve accuracy, we need to grow deep trees or ensembles of trees. These are hard to interpret, offsetting their original benefits. Shapley values have recently become a popular way to explain the predictions of tree-based machine learning models. It provides a linear weighting to features independent of the tree structure. The rise in popularity is mainly due to TreeShap, which solves a general exponential complexity problem in polynomial time. Following extensive adoption in the industry, more efficient algorithms are required. This paper presents a more efficient and straightforward algorithm: Linear TreeShap. Like TreeShap, Linear TreeShap is exact and requires the same amount of memory.",,0.45083773,0.27850902,0.28050607,0.323089,0.125,0.08333333333333333,0.0,,,,
0,3207,833,True,891,133,{HP-Capsule: Unsupervised Face Part Discovery by Hierarchical Parsing Capsule Network},"Yu, C and Zhu, X and Zhang, X and Wang, Z and Zhang, Z and Lei, Z",2022,,10.1109/CVPR52688.2022.00400,"Capsule networks are designed to present the objects by a set of parts and their relationships, which provide an insight into the procedure of visual perception. Although recent works have shown the success of capsule networks on simple objects like digits, the human faces with homologous structures, which are suitable for capsules to describe, have not been explored. In this paper, we propose a Hierarchical Parsing Capsule Network (HP-Capsule) for unsupervised face subpart-part discovery. When browsing large-scale face images without labels, the network first encodes the frequently observed patterns with a set of explainable subpart capsules. Then, the subpart capsules are assembled into part-level capsules through a Transformer-based Parsing Module (TPM) to learn the compositional relations between them. During training as the face hierarchy is progressively built and refined, the part capsules adaptively encode the face parts with semantic consistency. HP-Capsule extends the application of capsule networks from digits to human faces and takes a step forward to show how the neural networks understand homologous objects without human intervention. Besides, HP-Capsule gives unsupervised face segmentation results by the covered regions of part capsules, enabling qualitative and quantitative evaluation. Experiments on BP4D and Multi-PIE datasets show the effectiveness of our method. {\textcopyright}2022 IEEE.","Computer vision,Encoding (symbols),Face and gesture,Face and gestures,Face images,Hierarchical parsing,Homologous structures,Human faces,Large-scales,Part levels,Self-& semi-& meta- & unsupervised learning,Semantics,Simple++,Visual perception",0.5779324,0.3570229,0.32956672,0.39165813,0.125,0.08333333333333333,0.2222222222222222,,,,
0,3239,846,True,891,133,{Learning interpretable relational structures of hinge-loss markov random fields},"Zhang, Y and Ramesh, A",2019,,10.24963/ijcai.2019/838,"Statistical relational models such as Markov logic networks (MLNs) and hinge-loss Markov random fields (HL-MRFs) are specified using templated weighted first-order logic clauses, leading to the creation of complex, yet easy to encode models that effectively combine uncertainty and logic. Learning the structure of these models from data reduces the human effort of identifying the right structures. In this work, we present an asynchronous deep reinforcement learning algorithm to automatically learn HL-MRF clause structures. Our algorithm possesses the ability to learn semantically meaningful structures that appeal to human intuition and understanding, while simultaneously being able to learn structures from data, thus learning structures that have both the desirable qualities of interpretability and good prediction performance. The asynchronous nature of our algorithm further provides the ability to learn diverse structures via exploration, while remaining scalable. We demonstrate the ability of the models to learn semantically meaningful structures that also achieve better prediction performance when compared with a greedy search algorithm, a path-based algorithm, and manually defined clauses on two computational social science applications: i) modeling recovery in alcohol use disorder, and ii) detecting bullying. {\textcopyright}2019 International Joint Conferences on Artificial Intelligence. All rights reserved.",,0.6381084,0.3941971,0.3191253,0.39887106,0.125,0.08333333333333333,0.2222222222222222,,,,
1,15,1,True,174,26,{Logic-driven autoencoders},"Al-Hmouz, R and Pedrycz, W and Balamash, A and Morfeq, A",2019,Knowledge-Based Systems,10.1016/j.knosys.2019.104874,"Autoencoders are computing architectures encountered in various schemes of deep learning and realizing an efficient way of representing data in a compact way by forming a set of features. In this study, a concept, architecture, and algorithmic developments of logic-driven autoencoders are presented. In such structures, encoding and the decoding processes realized at the consecutive layers of the autoencoder are completed with the aid of some fuzzy logic operators (namely, OR, AND, NOT operations) and the ensuing encoding and decoding processing is carried out with the aid of fuzzy logic processing. The optimization of the autoencoder is completed through a gradient-based learning. The transparent knowledge representation delivered by autoencoders is facilitated by the involvement of logic processing, which implies that the encoding mechanism comes with the generalization abilities delivered by OR neurons while the specialization mechanism is achieved by the AND-like neurons forming the decoding layer. A series of illustrative examples is also presented. {\textcopyright}2019 Elsevier B.V.","AND neurons,Auto encoders,Autoencoder,Computer architecture,Computer circuits,Computing architecture,Decoding,Deep learning,Encoding (symbols),Encoding and decoding,Encoding mechanism,Fuzzy logic,Fuzzy logic operators,Fuzzy neurons,Generalization ability,Gradient-based learning,Knowledge representation,Learning,Logic processing,Neurons,OR neurons,Signal encoding",0.6721809,0.43395084,0.29664582,0.39052957,0.125,0.25,0.1111111111111111,,,,
1,32,5,True,174,26,{A novel hybrid method based on fuzzy cognitive maps and fuzzy clustering algorithms for grading celiac disease},"Amirkhani, A and Mosavi, M R and Mohammadi, K and Papageorgiou, E I",2018,NEURAL COMPUTING & APPLICATIONS,10.1007/s00521-016-2765-y,"This paper presents a new method based on fuzzy cognitive map (FCM) and possibilistic fuzzy c-means (PFCM) clustering algorithm for categorizing celiac disease (CD). CD is a complex disorder whose development is affected by genetics (HLA alleles) and gluten ingestion. The celiac patients who are not treated are at a high risk of cancer, malignant lymphoma, and small bowel neoplasia. Therefore, CD diagnosis and grading are of paramount importance. The proposed FCM models human thinking for the purpose of classifying patients suffering from CD. We used the latest grading method where three grades A, B1, and B2 are used. To improve FCM efficiency and classification capability, a nonlinear Hebbian learning algorithm is applied for adjusting the FCM weights. To this end, 89 cases are studied. Three experts extracted seven main determinant characteristics of CD which were considered as FCM concepts. The mutual effects of these concepts on one another and on the final concept were expressed in the form of fuzzy rules and linguistic variables. Using the center of gravity defuzzifier, we obtained the numerical values of these weights and obtained the total weight matrix. Ultimately, combining the FCM model with PFCM algorithm, we obtained the grades A, B1, and B2 accuracies as 88, 90, and 91%, respectively. The main advantage of the proposed FCM is the good transparency and interpretability in the decision-making procedure, which make it a suitable tool for daily usage in the clinical practice.",,0.5131634,0.3312913,0.4081112,0.43437427,0.25,0.08333333333333333,0.0,,,,
1,60,10,True,174,26,{A Hybrid Framework Integrating LLM and ANFIS for Explainable Fact-Checking},"Bangerter, M L and Fenza, G and Furno, D and Gallo, M and Loia, V and Stanzione, C and You, I",2024,IEEE Transactions on Fuzzy Systems,10.1109/TFUZZ.2024.3431710,"The widespread utilization of social media for information consumption has significantly exacerbated the problem of information disorder. Recognizing the difficulty people face in discerning the truth, automated assistance is urgently needed. Current state-of-the-art approaches often involve fine-tuning existing models with contributions from domain knowledge bases. The black-box nature and interpretability issues of deep neural networks (DNNs) have increased interest in hybrid approaches, giving rise to Deep Neural Fuzzy Systems (DNFSs). This research paper presents the Hybrid Fact-Checking Framework (HFCF) leveraging a DNFS tailored to address the uncertainty inherent in fact verification tasks and enhance the reliability of model responses. The DNFS integrates a Large Language Model (LLM) with an Adaptive Neuro-Fuzzy Inference System (ANFIS) for automated fact verification. The framework utilizes relevant evidence from open-world and closed-world sources, leveraging deep language models and employing few-shot prompting without additional training to generate and justify verdicts. Including fuzzy rules and considering the trustworthiness and relevance of retrieved evidence enhances response reliability, thereby improving overall effectiveness and outcome interpretability. Experimental validations have been conducted on three publicly available datasets ranging in different domains of expertise: ClimateFEVER, SciFact, and FEVER. The results demonstrate that the proposed framework ensures better outcomes, transparency, and mindful decision-making.","Adaptation models,Data models,Deep Neuro-Fuzzy System,Fact-checking,Fuzzy Inference System,Fuzzy logic,Fuzzy systems,Large Language Model,Large language models,Reliability,Task analysis",0.5708046,0.36850366,0.39530897,0.43918288,0.375,0.25,0.2222222222222222,,,,
1,86,13,True,174,26,{FRRI: A novel algorithm for fuzzy-rough rule induction},"Bollaert, H and Palangeti{\'{c}}, M and Cornelis, C and Greco, S and S{\l}owi{\'{n}}ski, R",2025,Information Sciences,10.1016/j.ins.2024.121362,"Interpretability is the next frontier in machine learning research. In the search for white box models — as opposed to black box models, like random forests or neural networks — rule induction algorithms are a logical and promising option, since the rules can easily be understood by humans. Fuzzy and rough set theory have been successfully applied to this archetype, almost always separately. As both approaches offer different ways to deal with imprecise and uncertain information, often with the use of an indiscernibility relation, it is natural to combine them. The QuickRules [20] algorithm was a first attempt at using fuzzy rough set theory for rule induction. It is based on QuickReduct, a greedy algorithm for building decision superreducts. QuickRules already showed an improvement over other rule induction methods. However, to evaluate the full potential of a fuzzy rough rule induction algorithm, one needs to start from the foundations. Accordingly, the novel rule induction algorithm, Fuzzy Rough Rule Induction (FRRI), we introduce in this paper, uses an approach that has not yet been utilised in this setting. We provide background and explain the workings of our algorithm. Furthermore, we perform a computational experiment to evaluate the performance of our algorithm and compare it to other state-of-the-art rule induction approaches. We find that our algorithm is more accurate while creating small rulesets consisting of relatively short rules. {\textcopyright}2024 Elsevier Inc.","Black box modelling,Classification,Consensus algorithm,Fuzzy rough set theory,Fuzzy set theory,Interpretability,Machine learning research,Neural-networks,Novel algorithm,Random forests,Rough set theory,Rule induction,Rule induction algorithms,White-box models",0.67286956,0.43439546,0.2632631,0.36566472,0.125,0.25,0.2222222222222222,,,,
1,163,17,True,174,26,{Fuzzy Min-Cut With Soft Balancing Effects},"Chen, H and Zhang, R and Wang, R and Nie, F",2025,IEEE Transactions on Fuzzy Systems,10.1109/TFUZZ.2024.3491300,"The clustering algorithm has always been a hot spot in machine learning, which has made great progress and been widely used in different scenarios. Due to the characteristics and requirements of some application scenarios, the branch of the balanced clustering algorithm has been developed. The ideal of these algorithms is to obtain clusters containing approximately the same number of samples. However, when there are data points distributed at the boundary of different clusters, resulting in different probabilities of their belonging, hard-partitioned balanced clustering may not be able to handle these boundary data well, thus limiting their performance. Motivated by this, we propose a Fuzzy Min-Cut with Soft Balancing Effects (FCBE) method in this article. Specifically, the FCBE model utilizes fuzzy constraints to simultaneously enhance the ability of the balanced algorithm to capture boundary data members and the advantage of directly obtaining the partitioning results of graph-cut problem without postprocessing. In addition, a sparse regularization is introduced to avoid trivial solutions and maintain the separability of the relationship matrix. Furthermore, the proposed FCBE method can be viewed as a flexibly adjustable generalization pattern that not only has clear interpretability but also can become special cases with clear physical meanings under different parameter values. The feasibility of FCBE has been verified on real datasets.","Clustering algorithms,Clustering methods,Data models,Fuzzy constraints,Fuzzy systems,Partitioning algorithms,Sparse matrices,Switches,Uncertainty,Vectors,Wireless sensor networks,soft-balanced,sparse regularization,spectral clustering (SC)",0.53623736,0.34618756,0.4085049,0.440438,0.125,0.08333333333333333,0.1111111111111111,,,,
1,188,18,True,174,26,{Discovering knowledge from data clustering using automatically-defined interval type-2 fuzzy predicates},"Comas, D S and Meschino, G J and Now{\'{e}}, A and Ballarin, V L",2017,EXPERT SYSTEMS WITH APPLICATIONS,10.1016/j.eswa.2016.10.018,"In data clustering fuzzy predicates act as cluster descriptors providing linguistically expressed knowledge which indicates how features are related to each cluster. Fuzzy predicates directly and automatically obtained from data enable discovering knowledge inside clusters, even when there is no prior-information about the clustering problem. In this work a new method for automatic discovering of interval type-2 fuzzy predicates in data clustering is proposed, called Type-2 Data-based Fuzzy Predicate Clustering (T2-DFPC). In a first stage, a data analysis is performed by making a random partition of the original data and running a clustering scheme that automatically determines the suitable number of clusters. From this stage, interval type-2 fuzzy predicates are discovered. Results obtained on very different clustering datasets show that the T2-DFPC method was consistently one of the best in terms of accuracy. The method preserves all known advantages of the interval type-2 FL to deal with problems with vagueness, quantifying the degree of truth of the fuzzy predicates and modelling the variability of the data inside the clusters. The proposed method is a fast, useful, general, and unsupervised approach for interpretable data clustering, being the knowledge-extracting capabilities one of the main contributions. Linguistic expressions can be easily adapted to match the terminology used in the field the data are related to. The predicates are able to generalize the knowledge for new cases (new data), as an intelligent system. This new approach might be surprisingly useful in contexts where, besides the clustering partition, summary information from data is of interest. (C) 2016 Elsevier Ltd. All rights reserved.",,0.50799376,0.32795388,0.3656571,0.40124124,0.125,0.08333333333333333,0.0,,,,
1,238,25,True,174,26,{Modeling Self-Adaptive Software Systems by Fuzzy Rules and Petri Nets},"Ding, Z and Zhou, Y and Zhou, M",2018,IEEE Transactions on Fuzzy Systems,10.1109/TFUZZ.2017.2700286,"A self-adaptive software system is one that can autonomously modify its behavior at runtime in response to changes in the system and its environment. It is a challenge to model such a kind of systems since it is hard to predict runtime environmental changes at the design phase. In this paper, a formal model called intelligent Petri net (I-PN) is proposed to model a self-adaptive software system. I-PN is formed by incorporating fuzzy rules to a regular Petri net. The proposed net has the following advantages. 1) Since fuzzy rules can express the behavior of a system in an interpretable way and their variables can be reconfigured by the runtime data, the proposed model can model runtime environment and system behavior. 2) Since a fuzzy inference system with well-defined semantics can be used in a complementary way with other model languages for the analysis, thus the proposed model can be analyzed, even though it is described in two different languages: component behaviors in Petri nets while logic control in fuzzy rules. 3) The proposed model has self-adaption ability and can make adaptive decisions at runtime with the help of fuzzy inference reasoning. We adopt a manufacturing system to show the feasibility of the proposed model.","Adaptation models,Adaptive software system,Computational modeling,Data models,Petri net (PN),Petri nets,Production facilities,Raw materials,Software systems,fuzzy rule,requirement modeling",0.51601726,0.33313373,0.45564473,0.47073787,0.125,0.4166666666666667,0.0,,,,
1,278,31,True,174,26,{Fuzzy logic interpretation of quadratic networks},"Fan, F and Wang, G",2020,Neurocomputing,10.1016/j.neucom.2019.09.001 LK - https://unimib.on.worldcat.org/atoztitles/link?sid=EMBASE&sid=EMBASE&issn=18728286&id=doi:10.1016%2Fj.neucom.2019.09.001&atitle=Fuzzy+logic+interpretation+of+quadratic+networks&stitle=Neurocomputing&title=Neurocomputing&volume=374&issue=&spage=10&epage=21&aulast=Fan&aufirst=Fenglei&auinit=F.&aufull=Fan+F.&coden=NRCGE&isbn=&pages=10-21&date=2020&auinit1=F&auinitm=,"Over past several years, deep learning has achieved huge successes in various applications. However, such a data-driven approach is often criticized for lack of interpretability. Recently, we proposed artificial quadratic neural networks consisting of quadratic neurons in potentially many layers. In cellular level, a quadratic function is used to replace the inner product in a traditional neuron, and then undergoes a nonlinear activation. With a single quadratic neuron, any fuzzy logic operation, such as XOR, can be implemented. In this sense, any deep network constructed with quadratic neurons can be interpreted as a deep fuzzy logic system. Since traditional neural networks and quadratic counterparts can represent each other and fuzzy logic operations are naturally implemented in quadratic neural networks, it is plausible to explain how a deep neural network works with a quadratic network as the system model. In this paper, we generalize and categorize fuzzy logic operations implementable with individual quadratic neurons, and then perform statistical/information-theoretic analyses of exemplary quadratic neural networks.","article,deep neural network,fuzzy logic,nerve cell network",0.65029895,0.41982415,0.29664582,0.38505912,0.125,0.08333333333333333,0.3333333333333333,,,,
1,401,47,True,174,26,{Asymmetric Possibility and Necessity Regression by Twin-Support Vector Networks},"Hao, P.-Y.",2021,IEEE Transactions on Fuzzy Systems,10.1109/TFUZZ.2020.3011756,"This article proposes a novel asymmetric dual-regression model that combines the principles of twin-support vector machine theory with the possibilistic regression analysis. Using the principle of a twin-support vector machine, the proposed approach solves four smaller quadratic programming problems, each of which constructs the lower and upper bound functions of the possibility and necessity models, rather than a single large one. This strategy significantly reduces the time that is required for training. The output from the obtained dual-regression model is characterized by an asymmetric trapezoidal fuzzy number. The obtained asymmetric dual-regression model is more flexible and models the data distribution better than a symmetric model. The proposed approach provides a unified framework that accepts various types of crisp and fuzzy input variables by using radial kernels. The proposed dual model also indicates a degree of confidence to the predicted outputs. The explicable characteristic for the degree of confidence also means that the proposed approach is more suitable for decision-making task. The experimental results demonstrate that the proposed approach has a more efficient training procedure and better describes the inherent ambiguity in the observed phenomena. {\textcopyright}1993-2012 IEEE.","Asymmetric trapezoid fuzzy number,Asymmetric trapezoid fuzzy numbers,Decision making,Degree of confidence,Dual-possibilistic regression model,Fuzzy numbers,Fuzzy regression analysis,Fuzzy rules,Possibilistic regression model,Quadratic programming,Regression analysis,Regression modelling,Support vector machines,Support vector networks,Twin support vector machines,Twin-support vector machine,Vectors,dual-possibilistic regression models,fuzzy regression analysis,twin-support vector machines (TSVM)",0.54120964,0.34939763,0.46649665,0.4851749,0.125,0.08333333333333333,0.1111111111111111,,,,
1,470,51,True,174,26,{A Multi-Agent Architecture for the Design of Hierarchical Interval Type-2 Beta Fuzzy System},"Jarraya, Y and Bouaziz, S and Hagras, H and Alimi, A M",2019,IEEE TRANSACTIONS ON FUZZY SYSTEMS,10.1109/TFUZZ.2018.2871800,"This paper presents a new methodology for building and evolving hierarchical fuzzy systems. For the system design, a tree-based encoding method is adopted to hierarchically link low-dimensional fuzzy systems. Such tree structural representation has by nature a flexible design offering more adjustable and modifiable structures. The proposed hierarchical structure employs a type-2 beta fuzzy system to cope with the faced uncertainties, and the resulting system is called the hierarchical interval type-2 beta fuzzy system (HT2BFS). For the system optimization, two main tasks of structure learning and parameter tuning are applied. The structure learning phase aims to evolve and learn the structures of a population of the HT2BFS in a multi-objective context taking into account the optimization of both the accuracy and the interpretability metrics. The parameter tuning phase is applied to refine and adjust the parameters of the system. To accomplish these two tasks in the most optimal way, we further employ a multi-agent architecture to provide both a distributed and a cooperative management of the optimization tasks. Agents are divided into two different types based on their functions: a structure agent and a parameter agent. The main function of the structure agent is to perform a multi-objective evolutionary structure learning step by means of the multi-objective immune programming algorithm. The parameter agents have the function of managing different hierarchical structures simultaneously to refine their parameters by means of the hybrid harmony search algorithm. In this architecture, agents use cooperation and communication concepts to create high-performance HT2BFSs. The performance of the proposed system is evaluated by several comparisons with various state-of-the-art approaches on noise-free and noisy time series prediction datasets and regression problems. The results clearly demonstrate a great improvement in accuracy rate, convergence speed, and the number of used rules as compared to other existing approaches.",,0.57399833,0.37056556,0.390705,0.43652833,0.125,0.08333333333333333,0.0,,,,
1,500,57,True,174,26,{Multiobjective Optimization of Interpretable Fuzzy Systems and Applicable Subjects for Fast Estimation of Obstructive Sleep Apnea-Hypopnea Severity},"Juang, C -F. and Pan, G -R. and Huang, W -C. and Wen, C -Y. and Wu, M -F.",2023,IEEE Transactions on Fuzzy Systems,10.1109/TFUZZ.2022.3222033,"This article proposes an interpretable fuzzy estimation system (IFES) for fast estimation of severity of obstructive sleep apnea-hypopnea syndrome (OSAHS) using three easily available physiological variables: neck circumference, waist circumference, and average blood pressure after waking up. The IFES aims to decrease the waiting list of polysomnography so that OSAHS treatment can be performed as soon as possible. The IFES is optimized to achieve the following three objectives: high estimation accuracy, the largest number of applicable subjects, and high model interpretability. The applicable subjects are determined by evaluating the influence of six screening factors, such as smoking, hypertension, and sleep efficiency, on the estimation performance. This article finds solutions of this multiobjective optimization problem using a multiobjective genetic algorithm. A total of 1197 participants are enrolled with the five-fold cross-validation scheme employed to evaluate an estimation performance. Experimental results show that the proposed method successfully finds the influence of different screening factors and the found IFESs outperform different estimation models used for comparison.","Apnea-hypopnea index (AHI),Estimation,Fuzzy neural networks,Hypertension,Indexes,Medical diagnostic imaging,Optimization,Sleep apnea,evolutionary fuzzy systems,fuzzy systems,interpretable AI,multiobjective optimization,obstructive sleep apnea",0.51594514,0.33308718,0.48381293,0.49184597,0.125,0.0,0.2222222222222222,,,,
1,574,63,True,174,26,{FD-LSTM: A Fuzzy LSTM Model for Chaotic Time-Series Prediction},"Langeroudi, M K and Yamaghani, M R and Khodaparast, S",2022,IEEE Intelligent Systems,10.1109/MIS.2022.3179843,"The main issue of time-series prediction is to determine the grade of uncertainty in knowledge, with its essential vagueness and haziness in complex problems. In this study, a deep fuzzy long short-term memory (LSTM) architecture has been proposed to handle the high-order uncertainty associated with time-series applications. The LSTM and type-2 fuzzy logic combination aim to make a more transparent, interpretable, and accurate predictive system. The experiments of this study with real data contain global standard and real-valued benchmarks, including Mackey–Glass (MG), sunspot, and English Premier League seasonal datasets. The obtained performance shows the superiority of the proposed fuzzy–deep model in predicting time series with an average AUC = 0.96 in sunspot, 0.93 for football match time series, and 0.95 on a chaotic equation of MG.","Computer architecture,Deep Learning,Fuzzy logic,Fuzzy sets,LSTM,Microprocessors,Predictive models,Time series analysis,Time-Series Prediction,Type-2 fuzzy system,Uncertainty",0.62720335,0.404914,0.29593658,0.37875327,0.25,0.16666666666666666,0.0,,,,
1,596,68,True,174,26,{Group reduced kernel extreme learning machine for fault diagnosis of aircraft engine},"Li, B and Zhao, Y.-P.",2020,Engineering Applications of Artificial Intelligence,10.1016/j.engappai.2020.103968,"The original kernel extreme learning machine (KELM) employs all training samples to construct hidden layer, thus avoiding the performance fluctuations caused by the ELM randomly assigning weights. However, excessive nodes will inevitably lead to structural redundancy, which hinders its application in systems with high real-time performance requirements but limited onboard storage and computing capacity. Considering the well interpretability of sparse learning, this study introduces the group sparse structure for KELM to resolve its limitation of structural redundancy. Specifically, the proposed novel method introduces a special norm to reformulate the dual optimization problem of KELM to realize group sparse structure in output weights. As a result, nodes with large weights can be selected as the significant nodes, while nodes with small weights will be regarded as the redundant nodes and neglected directly. In addition, we have also devised an alternating iterative optimization algorithm and deduced the complete proof of convergence to solve the non-smoothness optimization problem in proposed method. Then, the validity and feasibility of the proposed method are verified by extensive experiments on benchmark datasets. More importantly, tests of fault diagnosis for an aircraft engine show that the proposed approach can maintain the competitive recognition performance with much faster testing speed. {\textcopyright}2020 Elsevier Ltd","Aircraft engine,Aircraft engines,Benchmark datasets,Computing capacity,Dual optimization problems,Engines,Extreme learning machine,Failure analysis,Fault detection,Fault diagnosis,Group sparse structure,Iterative methods,Iterative optimization algorithms,Kernel extreme learning machine,Knowledge acquisition,Machine learning,Optimization,Optimization problems,Real time performance,Real time systems,Redundancy,Storage as a service (STaaS),Structural redundancy,Training aircraft",0.4735763,0.30573443,0.41321516,0.42830545,0.125,0.08333333333333333,0.1111111111111111,,,,
1,728,76,True,174,26,"{A Robust Multilabel Method Integrating Rule-Based Transparent Model, Soft Label Correlation Learning and Label Noise Resistance}","Lou, Q and Deng, Z and Sang, Q and Xiao, Z and Choi, K -S. and Wang, S",2024,IEEE Transactions on Emerging Topics in Computational Intelligence,10.1109/TETCI.2023.3306232,"Model transparency, label correlation learning and robustness to label noise are crucial for multilabel learning. However, few existing methods consider these three characteristics simultaneously. To address this challenge, we propose the robust multilabel Takagi-Sugeno-Kang fuzzy system (R-MLTSK-FS) with three mechanisms. First, we design a soft label learning mechanism to reduce the effect of label noise by explicitly measuring the interactions between labels, which is also the basis of the other two mechanisms. Second, rule-based multi-output TSK FS is used as the base model to efficiently model the inference relationship between features and soft labels in a more transparent way than many existing multilabel models. Third, to further improve the performance of multilabel learning, we build a correlation enhancement learning mechanism based on the soft label space and the fuzzy feature space. Extensive experiments are conducted to demonstrate the superiority of the proposed method.","Classification algorithms,Correlation,Label correlation,Labeling,Learning systems,Matrix decomposition,Noise measurement,Sparse matrices,Takagi-Sugeno model,Training,label noise,model transparency,multilabel classification",0.5733372,0.37013867,0.40834248,0.44959116,0.125,0.08333333333333333,0.0,,,,
1,931,104,True,174,26,{Toward a Framework for Capturing Interpretability of Hierarchical Fuzzy Systems—A Participatory Design Approach},"Razak, T R and Garibaldi, J M and Wagner, C and Pourabdollah, A and Soria, D",2021,IEEE Transactions on Fuzzy Systems,10.1109/TFUZZ.2020.2969901,"Hierarchical fuzzy systems (HFSs) have been shown to have the potential to improve the interpretability of fuzzy logic systems (FLSs). However, challenges remain, such as “How can we measure their interpretability?” “How can we make an informed assessment of how HFSs should be designed to enhance interpretability?” The challenges consist of measuring the interpretability of HFSs include issues such as their topological structure, the number of layers, the meaning of intermediate variables, and so on. In this article, an initial framework to measure the interpretability of HFSs is proposed, combined with a participatory user design process to create a specific instance of the framework for an application context. This approach enables the subjective views of a range of practitioners, experts in the design and creation of FLSs, to be taken into account in shaping the design of a generic framework for measuring interpretability in HFSs. This design process and framework are demonstrated through two classification application examples, showing the ability of the resulting index to appropriately capture interpretability as perceived by system design experts.","Atmospheric measurements,Fuzzy logic,Fuzzy logic systems,Fuzzy systems,Hafnium,Indexes,Input variables,Particle measurements,hierarchical fuzzy systems,interpretability assessments,participatory design",0.573501,0.37024444,0.399248,0.44281125,0.125,0.08333333333333333,0.1111111111111111,,,,
1,986,112,True,174,26,{Proposal of a declarative and parallelizable artificial neural network using the notification-oriented paradigm},"Sch{\""{u}}tz, F and Fabro, J A and Ronszcka, A F and Stadzisz, P C and Sim{\~{a}}o, J M",2018,Neural Computing and Applications,10.1007/s00521-018-3517-y,"Since the 1960s, artificial neural networks (ANNs) have been implemented and applied in various areas of knowledge. Most of these implementations had their development guided by imperative programming (IP), usually resulting in highly coupled programs. Thus, even though intrinsically parallel in theory, ANNs do not easily take an effective distribution on multiple processors when developed under IP. As an alternative, the notification-oriented paradigm (NOP) emerges as a new programming technique. NOP facilitates the development of decoupled and distributed systems, using abstraction of knowledge through logical–causal rules, as well as the generation of an optimized code. Both features are possible by means of a notification-oriented inference process, which avoids structural and temporal redundancies in the logic–causal evaluations. These advantages are relevant to systems that have parts decoupled in order to run in parallel, such as ANN. In this sense, this work presents the development of a multilayer perceptron ANN using backpropagation training algorithm based on the concepts of a NOP implementation. Such implementation allows, transparently from high-level programming, parallel code generation that runs on multicore platforms. Furthermore, the solution based on NOP, when compared against the equivalent on IP, presents a high level of decoupling and explicit use of logic–causal elements, which are, respectively, useful to distribution, understanding and improvement of the application. {\textcopyright}2018, The Natural Computing Applications Forum.","Artificial neural network,Back-propagation training algorithms,Backpropagation algorithm,Backpropagation algorithms,Computer circuits,Decoupled system,Decoupled systems,Effective distribution,High-level programming,Imperative programming,Internet protocols,Multi-core platforms,Multicore programming,Neural networks,Notification-oriented paradigm,Programming technique",0.4965452,0.3205628,0.4364578,0.45147964,0.125,0.25,0.2222222222222222,,,,
1,1121,121,True,174,26,{A systematic study of Echo State Networks topologies for chaotic time series prediction},"Viehweg, J and Teutsch, P and M{\""{a}}der, P",2025,Neurocomputing,10.1016/j.neucom.2024.129032 LK - https://unimib.on.worldcat.org/atoztitles/link?sid=EMBASE&sid=EMBASE&issn=18728286&id=doi:10.1016%2Fj.neucom.2024.129032&atitle=A+systematic+study+of+Echo+State+Networks+topologies+for+chaotic+time+series+prediction&stitle=Neurocomputing&title=Neurocomputing&volume=618&issue=&spage=&epage=&aulast=Viehweg&aufirst=Johannes&auinit=J.&aufull=Viehweg+J.&coden=NRCGE&isbn=&pages=-&date=2025&auinit1=J&auinitm=,"In the last twenty years, Echo State Networks have become a prominent method for the prediction of time series with a large variety of proposed topologies of connections. These topologies inside the ESN are typically shown to be advantageous for a certain prediction task in terms of reducing the computational complexity and increasing the explainability regarding the selection of weights. Still, a thorough comparison of these different topologies is missing in terms of their formal description and their performance as well as characteristics when applied to different prediction tasks. In this paper, we study 16 topologies for the task of time series prediction in the context of chaotic dynamics. We restrict our focus to those since they are considered among the most challenging to predict, while still being of interest for applications and being representative for other time series. We categorize the selected topologies into intralevel connections, concurrent and sequential reservoirs as well as complex topologies and implemented all of them. We parametrized all according to their original publications but also ran additional tests regarding suitable parametrization. All topologies are evaluated on the eight time series, in auto-regressive as well as single-step predictions. Our results emphasize on the benefit of choosing a suitable topology, reducing the error by up to 94.87% compared to the baseline, the conventional Echo State Network. We also compared the 16 topologies to the widely used Gated Recurrent Unit (GRU) network and observe the structured reservoir yielding a decreased error of up to 99.99% compared to the GRU.","chaotic dynamics,diagnosis,echo state network,gated recurrent unit network,human,prediction,short survey,time series analysis",0.4295474,0.27730995,0.43352944,0.43253395,0.125,0.08333333333333333,0.1111111111111111,,,,
1,1158,126,True,174,26,{A Large Scale Group Three-Way Decision-based consensus model for site selection of New Energy Vehicle charging stations},"Wang, Y.-M. and He, S.-F. and Zamora, D G and Pan, X.-H. and Mart{\'{i}}nez, L",2023,Expert Systems with Applications,10.1016/j.eswa.2022.119107,"The development of New Energy Vehicles (NEVs) has contributed to the alleviation of environmental pollution in the transportation sector. Although NEVs have some advantages, such as energy saving, being environmentally friendly, and low noise, they are restricted by their cruising range or recharging-related problems. To minimize such disadvantages, an optimal plan for the charging station site is necessary. This paper proposes a Large-Scale Group Decision-Making (LSGDM) method to select the best location for such charging stations. This method involves a large group of experts providing their preferences according to their knowledge and background. To facilitate the elicitation, our method uses Hesitant Fuzzy Linguistic Term Sets (HFLTS) and Extended Comparative Linguistic Expressions with Symbolic Translation (ELICIT) model to improve the elicitation process, guarantee precise computing processes and obtain interpretable results. A social network is then constructed based on experts' preference similarity and trust relationships, which reflects both their relationship and its strength simultaneously. Afterwards, a social analysis-based clustering process groups the experts, and a Three-Way Decision (TWD)-based Consensus Reaching Process (CRP) is introduced to improve the group's agreement. Finally, a selection of charging station site case studies is conducted, and a comparative analysis is carried out to illustrate the quality of the proposal. {\textcopyright}2022 Elsevier Ltd","Charging (batteries),Charging station,Clustering algorithms,Consensus reaching process,Decision making,Decision-based,ELICIT information,Electric vehicles,Energy conservation,Group Decision Making,Hesitant fuzzy linguistic term set,Hesitant fuzzy linguistic term sets,Large-scale group,Large-scale group decision-making,Linguistics,Location,New energy vehicle,New energy vehicles,Quality control,Site selection,Three-way decision",0.45736098,0.29526603,0.52255994,0.5062602,0.125,0.16666666666666666,0.1111111111111111,,,,
1,1222,131,True,174,26,{Cross-domain decision making with parameter transfer based on value function},"Wu, Z J and Xue, M and Hou, B B and Liu, W Y",2022,INFORMATION SCIENCES,10.1016/j.ins.2022.08.018,"Decision models based on value function can help learn the preferences of decision makers using historical data. However, inconsistency of the preferences learned from data with the real preferences of decision makers may occur. Suppose decision data or scenarios in the target domain are insufficient to guarantee the consistency of learning preferences, and there exists one similar source domain with sufficient effective data. Then, knowledge from the source domain can help learn preferences in the target domain. Following this idea, this paper proposes a cross-domain decision making method using a parameter transfer strat-egy with homogeneous and heterogeneous criteria. A decision model based on the value function is constructed using a generalized additive model to ensure the interpretability of the model. The marginal value functions are adjusted using Sturm's theorem to keep the monotonicity of the learned marginal value functions on the criteria. Then, the param-eter transfer strategy is adopted to transfer the obtained value functions to help learn the real preferences of the decision maker for the decision problem where preferences in his-torical data may not be consistent. The effectiveness of the proposed method is validated by solving the problem of diagnosing breast lesions in a hospital.(c) 2022 Elsevier Inc. All rights reserved.",,0.46461284,0.2999477,0.412542,0.4255597,0.125,0.08333333333333333,0.0,,,,
1,1255,137,True,174,26,{Concise Fuzzy System Modeling Integrating Soft Subspace Clustering and Sparse Learning},"Xu, P and Deng, Z and Cui, C and Zhang, T and Choi, K -S. and Gu, S and Wang, J and Wang, S",2019,IEEE Transactions on Fuzzy Systems,10.1109/TFUZZ.2019.2895572,"The superior interpretability and uncertainty modeling ability of Takagi-Sugeno-Kang fuzzy system (TSK FS) make it possible to describe complex nonlinear systems intuitively and efficiently. However, classical TSK FS usually adopts the whole feature space of the data for model construction, which can result in lengthy rules for high-dimensional data and lead to degeneration in interpretability. Furthermore, for highly nonlinear modeling task, it is usually necessary to use a large number of rules which further weaken the clarity and interpretability of TSK FS. To address these issues, an enhanced soft subspace clustering (ESSC) and sparse learning (SL) based concise zero-order TSK FS construction method, called ESSC-SL-CTSK-FS, is proposed in this paper by integrating the techniques of ESSC and SL. In this method, ESSC is used to generate the antecedents and various sparse subspaces for different fuzzy rules, whereas SL is used to optimize the consequent parameters of the fuzzy rules based on which the number of fuzzy rules can be effectively reduced. Finally, the proposed ESSC-SL-CTSK-FS method is used to construct concise zero-order TSK FS that can explain the scenes in high-dimensional data modeling more clearly and easily. Experiments are conducted on various real-world datasets to confirm the advantages.","Adaptation models,Complexity theory,Decision trees,Enhanced soft subspace clustering,Fuzzy logic,Fuzzy systems,Inference algorithms,Neural networks,Takagi–Sugeno–Kang (TSK) fuzzy system,high-dimensional data,interpretability,sparse learning",0.64931524,0.41918916,0.32418215,0.40546542,0.125,0.25,0.2222222222222222,,,,
1,1372,148,True,174,26,{Incomplete Multiple View Fuzzy Inference System With Missing View Imputation and Cooperative Learning},"Zhang, W and Deng, Z and Zhang, T and Choi, K -S. and Wang, J and Wang, S",2022,IEEE Transactions on Fuzzy Systems,10.1109/TFUZZ.2021.3099696,"Advancement of technology has made available data of different modalities that can be integrated effectively through multiple view learning for modeling real-world problems. Although multiple view learning has achieved great success in many applications, it still faces several challenges. One of them is how to reduce the negative impact of the missing views in incomplete multiple view datasets by fully exploiting the information available. Another challenge is how to enhance the interpretability of the multiple view model for scenarios with high transparency requirement. To address these challenges, this article proposes a novel modeling method for incomplete multiple view fuzzy system. Based on fuzzy interpretable rules, the method integrates missing view imputation and hidden view learning as one single process to yield a model of high interpretability, where cooperative learning is used to mine the complementary information between the visible views and the hidden view. The proposed method has four advantages when compared with existing approaches: 1) the method is more interpretable, attributed to the fuzzy interpretable rules that it is based on, 2) missing view imputation is integrated into the modeling to make it more efficient than the existing two-step strategy, 3) the method not only imputes missing views, but also mines the hidden view shared by the multiple visible views, and 4) cooperative learning is used to mine the complementary information, which significantly reduces the negative impact of missing views. Experiments on real datasets demonstrate the advantages of the proposed method.","Brain modeling,Cooperative learning,Data models,Fuzzy systems,Learning systems,Support vector machines,Takagi-Sugeno model,Visualization,fuzzy inference system,hidden view learning,incomplete multiple view learning,interpretable model,missing view imputing",0.50228375,0.32426757,0.40835297,0.43183565,0.25,0.08333333333333333,0.0,,,,
1,1378,150,True,174,26,{An Interpretable Station Delay Prediction Model Based on Graph Community Neural Network and Time-Series Fuzzy Decision Tree},"Zhang, D and Xu, Y and Peng, Y and Du, C and Wang, N and Tang, M and Lu, L and Liu, J",2023,IEEE Transactions on Fuzzy Systems,10.1109/TFUZZ.2022.3181453,"High-speed train delay prediction has always been one of the important research issues in the railway dispatching. Accurate and interpretable delay prediction can enable staff to implement preventive measures and scheduling decisions in advance, and guide relevant departments to cooperate in completing complex transportation tasks, so as to improve rail transit operations, service quality, and the efficiency of train operation. This article proposes a new interpretable model based on graph community neural network and time-series fuzzy decision tree. This model can well capture the influence of spatiotemporal characteristics, train community structure, and multifactor in high-speed train station delay prediction. Besides, the time series fuzzy decision tree based on multiobjective optimization and reduced error pruning can mine potential decision rules to improve the model's interpretability, transparency, and high reliability. Finally, we prove that the prediction effect of the proposed model is superior than the other seven state-of-the-art models and our model is interpretable.","Data models,Decision trees,Delays,Fuzzy decision tree,Prediction algorithms,Predictive models,Rail transportation,Spatiotemporal phenomena,graph community structure,graph convolutional network,high-speed train station delay prediction,interpretability",0.5580783,0.3602877,0.506873,0.5196743,0.25,0.16666666666666666,0.2222222222222222,,,,
1,1398,153,True,174,26,{An interpretable image classification model Combining a fuzzy neural network with a variational autoencoder inspired by the human brain},"Zhang, K and Hao, W and Yu, X and Shao, T",2024,Information Sciences,10.1016/j.ins.2023.119885,"Fuzzy neural networks (FNNs) have gained attention for their interpretability and self-learning ability. However, they struggle with interpreting high-dimensional unstructured data and the problem of “rule explosion”. To address this, a model called VAE-FNN is proposed, which combines a FNN with a variational autoencoder (VAE). The VAE-FNN simulates the image perception, feature extraction, inductive reasoning, and adjustment learning processes in the human brain. An encoder is used to simulate the visual cortex for extracting features from complex images, reducing the dimensionality, and mitigating the rule explosion problem. The fuzzy neural network classifier (FNNC) simulates the reasoning functions of the parietal and prefrontal cortex in the human brain and achieves interpretable classification based on the encoder's output features. A training algorithm is designed to improve the stability of the FNNC. The VAE-FNN's training method adjusts the feature extraction process based on reconstruction and classification effects, enabling the model to obtain advanced and semantic classification features. Detailed experimental results on two image datasets demonstrate that the proposed model can extract high-level classification features and provide explanations consistent with human intuition while achieving high-precision classification. The experimental results on the other two datasets further validate the effectiveness of the proposed model. {\textcopyright}2023","Auto encoders,Brain,Classification (of information),Classification features,Classification models,Extraction,Feature extraction,Features extraction,Fuzzy inference,Fuzzy neural network,Fuzzy neural networks,Fuzzy-neural-networks,Human brain,Image classification,Images classification,Interpretability,Learning systems,Neural networks classifiers,Semantics,Variational autoencoder",0.6837736,0.44143492,0.29666364,0.39344114,0.125,0.16666666666666666,0.2222222222222222,,,,
1,1405,155,True,174,26,"{Deep Reconciled and Self-Paced TSK Fuzzy System Ensemble for Imbalanced Data Classification: Architecture, Interpretability, and Theory}","Zhang, Y and Wang, G and Zhou, T and Ren, G and Lam, S and Ding, W and Cai, J",2024,IEEE Transactions on Fuzzy Systems,10.1109/TFUZZ.2024.3442821,"Stacking-based takagi-sugeno-kang (TSK) fuzzy system ensemble has been successfully applied to imbalanced data classification. However, there still exist many challenges that need to be further addressed. For example, during stacking, augmenting output variables into the input feature space reduces the interpretability of antecedents of fuzzy rules. During sampling for balancing, discovering informative samples usually only relies on training samples, which may reduce generalizability. More importantly, there is no theory to support the reliability of stacking. To address the aforementioned challenges, in this study, we propose a deep reconciled and self-paced TSK fuzzy system ensemble framework termed D-RSP-TSKE for imbalanced data classification. Compared with the existing ensemble frameworks, its superiorities can be exhibited from the following three aspects. First, in the first layer, we use random undersampling to generate a class-balanced training set to train an initial zero-order TSK fuzzy classifier. Based on the TSK fuzzy classifier, then we define classifier-specific and testing-compatible sample sensitivity to discover informative (high-sensitive) samples and design a reconciled and self-paced sampling approach to balance the minority class for the training of the following layers. Second, to improve the interpretability of antecedents of fuzzy rules, we propose to transfer the output variables from antecedents to consequents through equivalent mathematical transformations while keeping the final output unchanged. These transferred output variables are interpreted as the dynamic fuzzy rule confidence. Third, furthermore, we engage in a comprehensive theoretical examination of our stacking-based ensemble to elucidate the underlying mechanisms that enable the stacking strategy to consistently deliver superior performance. We conduct tests and comparisons on 7 artificial datasets and 30 real-world datasets to evaluate D-RSP-TSKE. The experimental results demonstrate the effectiveness and interpretability of D-RSP-TSKE for imbalanced data classification.","Ensemble learning,Fuzzy systems,Nearest neighbor methods,Radio frequency,Sensitivity,Stacking,Training,interpretability,reconciled and self-paced sampling,takagi-sugeno-kang (TSK) fuzzy system,testing-compatible sample sensitivity",0.6002761,0.38753006,0.33389068,0.40048704,0.125,0.16666666666666666,0.1111111111111111,,,,
1,1490,170,True,174,26,{Long-Term Multivariate Time-Series Forecasting Model Based on Gaussian Fuzzy Information Granules},"Zhu, C and Ma, X and D'Urso, P and Qian, Y and Ding, W and Zhan, J",2024,IEEE Transactions on Fuzzy Systems,10.1109/TFUZZ.2024.3449769,"Long-term forecasting of multivariate time series has been an important research issue in the field of data mining and knowledge discovery. Fuzzy information granularity is used as an effective tool to handle long-term forecasting of time series. On account of its good interpretability and effect, it has received the attention of more and more scholars. However, although the method has been universally used in univariate time series, its application for multivariate time series has received little attention. In order to utilize the advantages of fuzzy information granularity and fill its gap in solving multivariate time-series forecasting problems. In view of this purpose, we design a long-term multivariate time-series forecasting modeling framework in light of Gaussian fuzzy information granules. The model includes a granulation method of under multivariate time series, as well as a neural network model that combines the backpropagation neural network, long short-term memory neural network, and transformer for long-term prediction, in which there is a fuzzy information granule segmentation method with polynomials as the core line and a new representation method for fuzzy information granules. We carry out experimental evaluations using eight publicly available time-series data, and the results show that our model is able to perform long-term forecasting of multivariate time series with a high satisfactory accuracy.","Backpropagation neural network (BPNN),Data mining,Forecasting,Gaussian fuzzy information granule (GFIG),Long short term memory,Market research,Neural networks,Predictive models,Time series analysis,long short-term memory network,long-term forecasting,multivariate time series",0.6087663,0.39301124,0.25221157,0.34135026,0.125,0.08333333333333333,0.2222222222222222,,,,
1,2840,173,True,174,26,{Scalable Partial Explainability in Neural Networks via Flexible Activation Functions (Student Abstract)},"Sun, S C and Li, C and Wei, Z and Tsourdos, A and Guo, W",2021,,10.1609/aaai.v35i18.17946,"Current state-of-the-art neural network explanation methods (e.g. Saliency maps, DeepLIFT, LIME, etc.) focus more on the direct relationship between NN outputs and inputs rather than the NN structure and operations itself, hence there still exists uncertainty over the exact role played by neurons. In this paper, we propose a novel neural network structure with Kolmogorov-Arnold Superposition Theorem based topology and Gaussian Processes based flexible activation function to achieve partial explainability of the neuron inner reasoning. The model feasibility is verified in a case study on binary classification of the banknotes. Copyright {\textcopyright}2021, Association for the Advancement of Artificial Intelligence (www.aaai.org). All rights reserved","'current,ART neural networks,Chemical activation,Complex networks,Computational complexity,Flexible activation functions,Lime,Neural networks,Neural networks structure,Neural-networks,Novel neural network,Output and inputs,Saliency map,State of the art,Uncertainty",0.57163066,0.369037,0.40879583,0.44950455,0.125,0.08333333333333333,0.2222222222222222,,,,
2,396,9,True,172,25,{Interpretable Graph Reservoir Computing With the Temporal Pattern Attention},"Han, X and Zhao, Y",2024,IEEE transactions on neural networks and learning systems,10.1109/TNNLS.2022.3231620 LK - https://unimib.on.worldcat.org/atoztitles/link?sid=EMBASE&sid=EMBASE&issn=21622388&id=doi:10.1109%2FTNNLS.2022.3231620&atitle=Interpretable+Graph+Reservoir+Computing+With+the+Temporal+Pattern+Attention&stitle=IEEE+Trans+Neural+Netw+Learn+Syst&title=IEEE+transactions+on+neural+networks+and+learning+systems&volume=35&issue=7&spage=9198&epage=9212&aulast=Han&aufirst=Xinyu&auinit=X.&aufull=Han+X.&coden=&isbn=&pages=9198-9212&date=2024&auinit1=X&auinitm=,"Graph reservoir computing (GraphRC) gains increasing attention by virtue of its high training efficiency. However, since GraphRC is developed without knowledge of its internal mechanism, it cannot be fully trusted to deploy in practice. Although there are some existing approaches that can be extended to interpret GraphRC, the specific role played by each neuron (i.e., reservoir node) of GraphRC is far less explored. To address this issue, the latent short-term memory property of each reservoir node of GraphRC is qualitatively characterized to unravel its role in predicting the graph signal, thereby enabling an interpretable GraphRC. Specifically, we first deduce the equivalence between the GraphRC and conventional reservoir computing (RC). Then, the underlying memory properties of the GraphRC and its reservoir nodes can be characterized in theory by the multisource reachability among the reservoir nodes in the transformed RC. Moreover, the distinct temporal patterns hidden in reservoir nodes are identified, and then, an attention mechanism based on the identified temporal patterns is deployed in the GraphRC to improve its performance. In addition, the effectiveness of the interpretability for GraphRC and improved GraphRC is verified on the Lorenz-96 spatiotemporal dynamical system. The experimental results of the Lorenz-96 spatiotemporal chaotic system and three real-world traffic datasets demonstrate that the improved GraphRC is superior to original GraphRC and can achieve prediction performance comparable to the state-of-the-art baseline models, but with much less training cost.","article,attention,chaotic dynamics,memory,prediction,short term memory",0.65844375,0.4620426,0.33392465,0.41505444,0.125,0.08333333333333333,0.0,,,,
2,430,10,True,172,25,{GFS-Node: Graph Fuzzy Systems for Node Prediction},"Hu, F and Deng, Z and Xie, Z and Zhang, T and Choi, K -S. and Zhang, F and Wang, S",2024,IEEE Transactions on Fuzzy Systems,10.1109/TFUZZ.2024.3465557,"Graph data modeling is nontrivial due to the challenges to ensure model interpretability and handle data uncertainty. While methods derived from deep learning models, such as graph neural networks (GNNs), are able to handle graph data, the interpretability is limited. Graph fuzzy systems (GFSs) based on the fuzzy rules and fuzzy inference have been proposed to improve interpretability, but the existing methods are developed for whole graph prediction only and cannot deal with node prediction, which is a more common task in graph data modeling. To tackle the challenges, a novel GFS for node prediction (GFS-node) is investigated in this study. For this purpose, the concepts, framework, and algorithms of GFS-node are systematically developed. First, several related concepts are defined, including the node fuzzy rule base, node fuzzy set, and node consequent processing module (NCPM). A general framework for GFS-node is then presented, where the construction of antecedents and the consequents of fuzzy rules are analyzed. Furthermore, a concrete implementation method of GFS-node is designed. In particular, the kernel K virtual central nodes clustering (KVCN) algorithm is proposed to develop the algorithm for antecedent generation, and the linear message passing network (LMPN) is adopted to develop the algorithm for consequent generation and learning. Experiments are carried out on multiple benchmark datasets, and the results show that GFS-node combines the advantages of both traditional fuzzy systems and classical GNNs for node prediction.","Clustering algorithms,Data models,Fuzzy sets,Fuzzy systems,Graph fuzzy systems for node modeling (GFS-node),Prediction algorithms,Predictive models,Uncertainty,graph learning,kernel $K$ virtual central nodes clustering (KVCN),linear message passing network (LMPN),node consequent processing module (NCPM),node fuzzy sets,node prediction",0.6542126,0.45907357,0.28148806,0.3746692,0.125,0.16666666666666666,0.2222222222222222,,,,
2,436,11,True,172,25,{Spatial-temporal knowledge graph network for event prediction},"Huai, Z and Zhang, D and Yang, G and Tao, J",2023,Neurocomputing,10.1016/j.neucom.2023.126557 LK - https://unimib.on.worldcat.org/atoztitles/link?sid=EMBASE&sid=EMBASE&issn=18728286&id=doi:10.1016%2Fj.neucom.2023.126557&atitle=Spatial-temporal+knowledge+graph+network+for+event+prediction&stitle=Neurocomputing&title=Neurocomputing&volume=553&issue=&spage=&epage=&aulast=Huai&aufirst=Zepeng&auinit=Z.&aufull=Huai+Z.&coden=NRCGE&isbn=&pages=-&date=2023&auinit1=Z&auinitm=,"Predicting multiple concurrent events has a remarkable effect on understanding social dynamics and acting in advance to reduce damage. (1) From the perspective of spatial connection, trans-regional implication, which means the cause of the incident is not local but somewhere else, is an important reason for the occurrence of events. However, existing works neglect to model this spatial influence and only leverage the local information for event prediction. (2) From the perspective of temporal connection, future events are triggered by the continuous evolution of the region. Nonetheless, most studies assign events to different timestamps and recognize their sequential patterns, ignoring the continuity of the evolution process. To tackle the above two problems, we propose a spatial and temporal knowledge graph neural network (STKGN). Specifically, to construct the cross-regional connection, we propose a novel spatial-temporal event graph, where each region is denoted as a node and trans-regional influences are reflected by bidirectional edges. To simulate the continuously evolving process, we propose an event-driven memory network to represent the state of each entity and continually update the state embeddings by emerging events. Then we use a broadcast network to spread the local changes in the graph to obtain high-order reasons like the trans-regional implication. Extensive experiments on two real-world datasets demonstrate that STKGN achieves significant improvements over state-of-the-art methods. Further analysis shows the interpretability of the trans-regional implication.","article,embedding,human,memory,neglect,prediction",0.59169745,0.41520548,0.35588408,0.41483742,0.125,0.08333333333333333,0.2222222222222222,,,,
2,553,14,True,172,25,"{Network-based dimensionality reduction of high-dimensional, low-sample-size datasets}","Kosztyan, Z T and Kurbucz, M T and Katona, A I",2022,KNOWLEDGE-BASED SYSTEMS,10.1016/j.knosys.2022.109180,"In the field of data science, there are a variety of datasets that suffer from the high-dimensional, low-sample-size (HDLSS) problem; however, only a few dimensionality reduction methods exist that are applicable to address this type of problem, and there is no nonparametric solution to date. The purpose of this work is to develop a novel network-based (nonparametric) dimensionality reduction analysis (NDA) method, that can be effectively applied to HDLSS data. First, with the NDA method, the correlation graph of variables is specified. With a modularity-based community detection method, the set of modules is specified. Then, the linear combination of variables weighted by their eigenvector centralities (EVCs), defined as LVs, is determined. In the optional phase of variable selection, variables with low EVCs and low communality are ignored. Then, the set of LVs and the set of indicators belonging to the LVs are specified using the NDA method. NDA is applied to publicly available databases and compared with principal factoring with community analysis (PFA) methods. The results show that NDA can be effectively applied to HDLSS datasets as it outperforms the existing methods in terms of interpretability. In addition, the application of NDA is easier, since there is no need to specify the number of latent variables due to its nonparametric nature.(c) 2022 The Author(s). Published by Elsevier B.V. This is an open access article under the CC BY license (http://creativecommons.org/licenses/by/4.0/).",,0.427885,0.30025512,0.4007126,0.4075057,0.125,0.0,0.1111111111111111,,,,
2,663,19,True,172,25,{Preserving high-order ego-centric topological patterns in node representation in heterogeneous graph},"Lin, T Q J and Kang, Y Y and Jiang, Z R and Song, K S and Li, X R and Li, H S and Liu, J W and Sun, C L and Huang, C and Liu, X Z",2025,KNOWLEDGE-BASED SYSTEMS,10.1016/j.knosys.2025.113067,"Graph neural networks often represent anode by recursively aggregating neighbors within its ego-graph, but this approach struggles to capture high-order ego-centric topological patterns. In homogeneous graphs, a common solution is to predefine specific high-order ego-centric topological patterns (e.g., triangle) and search for them within the ego-graph to enhance node representation. Yet, this is intractable for heterogeneous graphs due to two challenges: (1) the diversity in node and relation types leads to an excessive number of possible patterns, and (2) the varying schemas across heterogeneous graphs make it impractical to predefine universal patterns. To address these challenges, we propose Task-oriented Anchor Ego-Graph learning for Heterogeneous Graphs (TAEG-HG), a method that automatically learns to generate informative high-order ego-centric topological patterns tailored to the heterogeneous graph and task. These learned patterns serve as anchors, i.e., each node is represented by the similarity between its ego-graph and the learned patterns. Therefore, TAEG-HG explicitly preserves high-order ego-centric semantics in node representations and offers built-in interpretability through the learned patterns. We evaluate TAEG-HG on two real-world, million-scale datasets and four open benchmark datasets. TAEG-HG outperforms existing state-of-the-art methods, with notable improvements in tasks closely related to ego-centric topology, such as predicting future citations of scholars, where it surpasses the strongest baseline by over 5%.",,0.6912701,0.48507744,0.31209952,0.40689218,0.125,0.0,0.2222222222222222,,,,
2,948,31,True,172,25,{GF-LRP: A Method for Explaining Predictions Made by Variational Graph Auto-Encoders},"Rodrigo-Bonet, E and Deligiannis, N",2025,IEEE Transactions on Emerging Topics in Computational Intelligence,10.1109/TETCI.2024.3419714,"Variational graph autoencoders (VGAEs) combine the best of graph convolutional networks (GCNs) and variational inference and have been used to address various tasks such as node classification or link prediction. However, the lack of explainability is a limiting factor when trustworthy decisions are required. In this paper, we present a novel post-hoc explainability framework for VGAEs that considers their encoder-decoder architecture. Specifically, we propose a layer-wise-relevance-propagation-based (LRP-based) explanation technique coined GF-LRP which, to our knowledge, is the first explanation method for VGAEs. GF-LRP goes beyond existing LRP techniques for GCNs by taking into account, in addition to input features and the graph structure of the data, the VGAE branch-specific architecture. The explanations are branch-specific in the sense that we explain the mean and standard deviation branches of the Gaussian distribution learned by the model. For a node's prediction, GF-LRP infers the most relevant features, nodes and its edges. To prove the effectiveness of our explanation method, we compute fidelity, sparsity and contrastivity as well as commonly employed evaluation metrics. Extensive experiments and visualizations on two real-world datasets demonstrate the effectiveness of the proposed explanation method.","Computational modeling,Computer architecture,Data models,Explainable deep learning,Matrix decomposition,Predictive models,Standards,Task analysis,geometric deep learning,graph convolutional neural networks,layer-wise relevance propagation,post-hoc explanations,variational autoencoders",0.73697126,0.5171469,0.25604033,0.37627307,0.125,0.08333333333333333,0.3333333333333333,,,,
2,1333,44,True,172,25,{GeoExplainer: Interpreting Graph Convolutional Networks with geometric masking},"Yu, R and Li, Y and Liang, H and Chen, Z",2024,Neurocomputing,10.1016/j.neucom.2024.128393 LK - https://unimib.on.worldcat.org/atoztitles/link?sid=EMBASE&sid=EMBASE&issn=18728286&id=doi:10.1016%2Fj.neucom.2024.128393&atitle=GeoExplainer%3A+Interpreting+Graph+Convolutional+Networks+with+geometric+masking&stitle=Neurocomputing&title=Neurocomputing&volume=605&issue=&spage=&epage=&aulast=Yu&aufirst=Rui&auinit=R.&aufull=Yu+R.&coden=NRCGE&isbn=&pages=-&date=2024&auinit1=R&auinitm=,"For Graph Convolutional Network (GCN), the inherent geometric topology and relationships within spatio-temporal graphs are critical to factors affect its predictive performance. Understanding the decision-making process of GCN remains a challenging task. Existing perturbation-based explanation methods are primarily tailored for Graph Neural Network (GNN) models and focus on how the information of nodes or subgraphs in static graphs impacts GNN predictions. Due to the geometric properties of spatio-temporal graphs, screw theory serves as crucial mathematical tools for describing the geometric relationships and patterns of motion within the geometric space of spatio-temporal graphs. Therefore,we propose GeoExplainer, which utilizes screw theory to geometric masking for spatio-temporal graphs with strong geometric correlations, generating explanations for GCN. Our method perturbs spatio-temporal graphs using geometric masking, and ultimately generating explanations in the form of geometric masks serve as importance mappings for model prediction results. Firstly, we design a screw motion vector model with geometric constraints to describe the spatio-temporal graph in screw system. Then, we design a geometric screw perturbation to generate smooth geometric masks. Finally, we propose a geometric masking approach to optimize and update the geometric mixture mask. We utilize pointwise mutual information (PMI) to maximize the correlation between the model predictions after geometric perturbation and the original predictions, obtaining the optimal geometric mask as an explanation for GCN. The interpretable experiments of ST-GCN, HD-GCN, GCN and GIN models on four datasets with geometric relationships demonstrate that GeoExplainer outperforms eight competitive interpretation methods in quantitative and visualization analysis.","GeForce RTX 3090 Graphics Card,GeoExplainer,Intel(R) Xeon(R) Platinum 8358P CPU,article,central processing unit,classification,classification accuracy,computer,computer processor,convolutional neural network,finite displacement screw matrix,geometric masking,geometric screw perturbation,geometric topology,geometric transformation,geometry,graph convolutional network,graphics card,graphics processing unit,information processing,mathematics,model,quantitative analysis,screw motion vector model,spatio-temporal graph",0.70799744,0.49681538,0.32309318,0.41931924,0.125,0.08333333333333333,0.2222222222222222,,,,
2,1340,45,True,172,25,{IBCS: Learning Information Bottleneck-Constrained Denoised Causal Subgraph for Graph Classification},"Yuan, R and Tang, Y and Xiao, Y and Zhang, W",2025,IEEE Transactions on Pattern Analysis and Machine Intelligence,10.1109/TPAMI.2024.3508766,"The significant success of graph learning has provoked a meaningful but challenging task of extracting the precise causal subgraphs that can interpret and improve the predictions. Unfortunately, current works merely center on partially eliminating either the spurious or the noisy parts, while overlook the fact that in more practical and general situations, both the spurious and noisy subgraph coexist with the causal one. This brings great challenges and makes previous methods fail to extract the true causal substructure. Unlike existing studies, in this paper, we propose a more reasonable problem formulation that hypothesizes the graph is a mixture of causal, spurious, and noisy subgraphs. With this regard, an Information Bottleneck-constrained denoised Causal Subgraph (IBCS) learning model is developed, which is capable of simultaneously excluding the spurious and noisy parts. Specifically, for the spurious correlation, we design a novel causal learning objective, in which beyond minimizing the empirical risks of causal and spurious subgraph classification, the intervention is further conducted on spurious features to cut off its correlation with the causal part. On this basis, we further impose the information bottleneck constraint to filter out label-irrelevant noise information. Theoretically, we prove that the causal subgraph extracted by our IBCS can approximate the ground-truth. Empirically, extensive evaluations on nine benchmark datasets demonstrate our superiority over state-of-the-art baselines.","Automation,Causal subgraph learning,Correlation,Data mining,Feature extraction,Noise,Noise measurement,Object recognition,Semantics,Training,Vectors,graph classification,graph interpretability,information bottleneck",0.6526962,0.45800942,0.31017333,0.39580405,0.125,0.08333333333333333,0.0,,,,
2,1611,61,True,172,25,{Adversarial Attacks on Knowledge Graph Embeddings via Instance Attribution Methods},"Bhardwaj, P and Kelleher, J and Costabello, L and O'Sullivan, D",2021,,10.18653/v1/2021.emnlp-main.648,"Despite the widespread use of Knowledge Graph Embeddings (KGE), little is known about the security vulnerabilities that might disrupt their intended behaviour. We study data poisoning attacks against KGE models for link prediction. These attacks craft adversarial additions or deletions at training time to cause model failure at test time. To select adversarial deletions, we propose to use the model-agnostic instance attribution methods from Interpretable Machine Learning, which identify the training instances that are most influential to a neural model's predictions on test instances. We use these influential triples as adversarial deletions. We further propose a heuristic method to replace one of the two entities in each influential triple to generate adversarial additions. Our experiments show that the proposed strategies outperform the state-of-art data poisoning attacks on KGE models and improve the MRR degradation due to the attacks by up to 62% over the baselines. {\textcopyright}2021 Association for Computational Linguistics","Computational linguistics,Graph embeddings,Heuristic methods,Knowledge graph,Knowledge graphs,Link prediction,Machine-learning,Modeling failures,Neural modelling,Poisoning attacks,Security vulnerabilities,Test time,Training time",0.58971995,0.41381782,0.31433403,0.3831805,0.125,0.08333333333333333,0.1111111111111111,,,,
2,1895,79,True,172,25,{A Large-Scale Database for Graph Representation Learning},"Freitas, S and Dong, Y and Neil, J and Chau, D H",2021,,,"With the rapid emergence of graph representation learning, the construction of new large-scale datasets is necessary to distinguish model capabilities and accurately assess the strengths and weaknesses of each technique. By carefully analyzing existing graph databases, we identify 3 critical components important for advancing the field of graph representation learning: (1) large graphs, (2) many graphs, and (3) class diversity. To date, no single graph database offers all these desired properties. We introduce MALNET, the largest public graph database ever constructed, representing a large-scale ontology of malicious software function call graphs. MALNET contains over 1.2 million graphs, averaging over 15k nodes and 35k edges per graph, across a hierarchy of 47 types and 696 families. Compared to the popular REDDIT-12K database, MALNET offers 105× more graphs, 39× larger graphs on average, and 63× more classes. We provide a detailed analysis of MALNET, discussing its properties and provenance, along with the evaluation of state-of-the-art machine learning and graph neural network techniques. The unprecedented scale and diversity of MALNET offers exciting opportunities to advance the frontiers of graph representation learning—enabling new discoveries and research into imbalanced classification, explainability and the impact of class hardness. {\textcopyright}2021 Neural information processing systems foundation. All rights reserved.","Adversarial machine learning,Contrastive Learning,Critical component,Federated learning,Graph Databases,Graph database,Graph neural networks,Graph representation,Knowledge graph,Large graphs,Large-scale database,Large-scale datasets,Large-scale ontologies,Property,Single graph,Software functions",0.67386657,0.47286507,0.34872562,0.43001086,0.125,0.16666666666666666,0.2222222222222222,,,,
2,1951,82,True,172,25,{LARC: Learning activity-regularized overlapping communities across time},"Gorovits, A and Papalexakis, E E and Gujral, E and Bogdanov, P",2018,,10.1145/3219819.3220118,"Communities are essential building blocks of complex networks enjoying signiicant research attention in terms of modeling and detection algorithms. Common across models is the premise that node pairs that share communities are likely to interact more strongly. Moreover, in the most general setting a node may be a member of multiple communities, and thus, interact with more than one cohesive group of other nodes. If node interactions are observed over a long period and aggregated into a single static network, the communities may be hard to discern due to their in-network overlap. Alternatively, if interactions are observed over short time periods, the communities may be only partially observable. How can we detect communities at an appropriate temporal resolution that resonates with their natural periods of activity? We propose LARC, a general framework for joint learning of the overlapping community structure and the periods of activity of communities, directly from temporal interaction data. We formulate the problem as an optimization task coupling community it and smooth temporal activation over time. To the best of our knowledge, the tensor version of LARC is the irst tensor-based community detection method to introduce such smoothness constraints. We propose eicient algorithms for the problem, achieving a 2.6x quality improvement over all baselines for high temporal resolution datasets, and consistently detecting better-quality communities for diferent levels of data aggregation and varying community overlap. In addition, LARC elucidates interpretable temporal patterns of community activity corresponding to botnet attacks, transportation change points and public forum interaction trends, while being computationally practicalÐfew minutes on large real datasets. Finally, LARC provides a comprehensive unsupervised parameter estimation methodology yielding high accuracy and rendering it easy-to-use for practitioners. {\textcopyright}2018 Association for Computing Machinery.","Chemical activation,Community activation,Community activities,Complex networks,Data mining,Dynamic graph,Dynamic graphs,High temporal resolution,Overlapping communities,Overlapping community detection,Overlapping community detections,Population dynamics,Smoothness constraints,Tensor factorization,Tensors,Unsupervised parameter estimations",0.59137607,0.41497996,0.34250963,0.40472624,0.125,0.16666666666666666,0.2222222222222222,,,,
2,1994,88,True,172,25,{Toeplitz Inverse Covariance-Based Clustering of Multivariate Time Series Data},"Hallac, D and Vare, S and Boyd, S and Leskovec, J and ACM",2017,,10.1145/3097983.3098060,"Subsequence clustering of multivariate time series is a useful tool for discovering repeated patterns in temporal data. Once these patterns have been discovered, seemingly complicated datasets can be interpreted as a temporal sequence of only a small number of states, or clusters. For example, raw sensor data from a fitness-tracking application can be expressed as a timeline of a select few actions (i.e., walking, sitting, running). However, discovering these patterns is challenging because it requires simultaneous segmentation and clustering of the time series. Furthermore, interpreting the resulting clusters is difficult, especially when the data is high-dimensional. Here we propose a new method of model-based clustering, which we call Toeplitz Inverse Covariance-based Clustering (TICC). Each cluster in the TICC method is defined by a correlation network, or Markov random field (MRF), characterizing the interdependencies between different observations in a typical subsequence of that cluster. Based on this graphical representation, TICC simultaneously segments and clusters the time series data. We solve the TICC problem through alternating minimization, using a variation of the expectation maximization (EM) algorithm. We derive closed-form solutions to efficiently solve the two resulting subproblems in a scalable way, through dynamic programming and the alternating direction method of multipliers (ADMM), respectively. We validate our approach by comparing TICC to several state-of-the-art baselines in a series of synthetic experiments, and we then demonstrate on an automobile sensor dataset how TICC can be used to learn interpretable clusters in real-world scenarios.",,0.33880174,0.23774365,0.4070552,0.38999185,0.125,0.0,0.1111111111111111,,,,
2,2227,106,True,172,25,{Structured Graph Learning via Laplacian Spectral Constraints},"Kumar, S and Ying, J X and Cardoso, J V D and Palomar, D P",2019,,,"Learning a graph with a specific structure is essential for interpretability and identification of the relationships among data. It is well known that structured graph learning from observed samples is an NP-hard combinatorial problem. In this paper, we first show that for a set of important graph families it is possible to convert the structural constraints of structure into eigenvalue constraints of the graph Laplacian matrix. Then we introduce a unified graph learning framework, lying at the integration of the spectral properties of the Laplacian matrix with Gaussian graphical modeling that is capable of learning structures of a large class of graph families. The proposed algorithms are provably convergent and practically amenable for large-scale semi-supervised and unsupervised graph based learning tasks. Extensive numerical experiments with both synthetic and real data sets demonstrate the effectiveness of the proposed methods. An R package containing code for all the experimental results is available at https//cran.r-project.org/package=spectralGraphTopology.",,0.6722636,0.47174028,0.28993154,0.38551456,0.125,0.08333333333333333,0.0,,,,
2,2291,111,True,172,25,{Mitigating Performance Saturation in Neural Marked Point Processes: Architectures and Loss Functions},"Li, T B and Luo, T Z and Ke, Y P and Pan, S J and MACHINERY, ASSOC COMP",2021,,10.1145/3447548.3467436,"Attributed event sequences are commonly encountered in practice. A recent research line focuses on incorporating neural networks with the statistical model-marked point processes, which is the conventional tool for dealing with attributed event sequences. Neural marked point processes possess good interpretability of probabilistic models as well as the representational power of neural networks. However, we find that performance of neural marked point processes is not always increasing as the network architecture becomes more complicated and larger, which is what we call the performance saturation phenomenon. This is due to the fact that the generalization error of neural marked point processes is determined by both the network representational ability and the model specification at the same time. Therefore we can draw two major conclusions: first, simple network structures can perform no worse than complicated ones for some cases; second, using a proper probabilistic assumption is as equally, if not more, important as improving the complexity of the network. Based on this observation, we propose a simple graph-based network structure called GCHP, which utilizes only graph convolutional layers, thus it can be easily accelerated by the parallel mechanism. We directly consider the distribution of interarrival times instead of imposing a specific assumption on the conditional intensity function, and propose to use a likelihood ratio loss with a moment matching mechanism for optimization and model selection. Experimental results show that GCHP can significantly reduce training time and the likelihood ratio loss with interarrival time probability assumptions can greatly improve the model performance.",,0.6329224,0.44413376,0.3666489,0.4332173,0.125,0.0,0.3333333333333333,,,,
2,2323,114,True,172,25,{Interpretable Structure-Evolving LSTM},"Liang, X and Lin, L and Shen, X and Feng, J and Yan, S and Xing, E P",2017,,10.1109/CVPR.2017.234,"This paper develops a general framework for learning interpretable data representation via Long Short-Term Memory (LSTM) recurrent neural networks over hierarchal graph structures. Instead of learning LSTM models over the pre-fixed structures, we propose to further learn the intermediate interpretable multi-level graph structures in a progressive and stochastic way from data during the LSTM network optimization. We thus call this model the structure-evolving LSTM. In particular, starting with an initial element-level graph representation where each node is a small data element, the structure-evolving LSTM gradually evolves the multi-level graph representations by stochastically merging the graph nodes with high compatibilities along the stacked LSTM layers. In each LSTM layer, we estimate the compatibility of two connected nodes from their corresponding LSTM gate outputs, which is used to generate a merging probability. The candidate graph structures are accordingly generated where the nodes are grouped into cliques with their merging probabilities. We then produce the new graph structure with a Metropolis-Hasting algorithm, which alleviates the risk of getting stuck in local optimums by stochastic sampling with an acceptance probability. Once a graph structure is accepted, a higher-level graph is then constructed by taking the partitioned cliques as its nodes. During the evolving process, representation becomes more abstracted in higher-levels where redundant information is filtered out, allowing more efficient propagation of long-range data dependencies. We evaluate the effectiveness of structure-evolving LSTM in the application of semantic object parsing and demonstrate its advantage over state-of-the-art LSTM models on standard benchmarks.","Correlation,Data models,Logic gates,Merging,Periodic structures,Stochastic processes,Topology",0.69835424,0.49004856,0.3738383,0.4549673,0.125,0.08333333333333333,0.3333333333333333,,,,
2,2332,115,True,172,25,{Knowledge Graph Embedding Based on Graph Neural Network},"Liang, S",2023,,10.1109/ICDE55515.2023.00379,"The representation of semantic information pertaining to the real world has been active research for some time now. Among the available methods, knowledge graphs have emerged as a widely accepted approach. Meanwhile, graph neural networks (GNNs) have demonstrated excellent performance in embedding graph-based information. Given the natural graph structure of knowledge graphs, employing GNNs to embed them is expected to yield a more interpretable and trustworthy representation of the learned knowledge. In this paper, we propose three customized GNNs for different scenarios of knowledge graph representation, including traditional, multimodal, and uncertain knowledge graphs. In the traditional knowledge graph scenario, we present a graph self-supervised learning method, named deep relation graph infomax (DRGI), which incorporates both the complete graph structure information and semantic information. In the multimodal knowledge graph scenario, we introduce a novel network, named hyper-node relational graph attention network (HRGAT), which combines different modal information with graph structure information for a more precise representation of multimodal knowledge graphs. In the uncertain knowledge graph scenario, we define a novel message-passing paradigm with box embedding, named box graph neural network (BGNN). BGNN leverages both the graph structure information of uncertain knowledge graphs and the probabilistic semantics of box embedding. To validate the effectiveness of our proposed methods, we conduct a series of experiments and report the results. We also discuss possible future work in GNN-based knowledge graph embedding.","Data engineering,Graph neural networks,Knowledge engineering,Knowledge graphs,Probabilistic logic,Self-supervised learning,Semantics,graph neural network,knowledge graph embedding,multimodal knowledge graph,uncertain knowledge graph",0.7496488,0.526043,0.28443563,0.40073892,0.125,0.16666666666666666,0.2222222222222222,,,,
2,2335,116,True,172,25,{Information Obfuscation of Graph Neural Networks},"Liao, P Y and Zhao, H and Xu, K Y L and Jaakkola, T and Gordon, G and Jegelka, S and Salakhutdinov, R",2021,,,"While the advent of Graph Neural Networks (GNNs) has greatly improved node and graph representation learning in many applications, the neighborhood aggregation scheme exposes additional vulnerabilities to adversaries seeking to extract node-level information about sensitive attributes. In this paper, we study the problem of protecting sensitive attributes by information obfuscation when learning with graph structured data. We propose a framework to locally filter out pre-determined sensitive attributes via adversarial training with the total variation and the Wasserstein distance. Our method creates a strong defense against inference attacks, while only suffering small loss in task performance. Theoretically, we analyze the effectiveness of our framework against a worst-case adversary, and characterize an inherent trade-off between maximizing predictive accuracy and minimizing information leakage. Experiments across multiple datasets from recommender systems, knowledge graphs and quantum chemistry demonstrate that the proposed approach provides a robust defense across various graph structures and tasks, while producing competitive GNN encoders for downstream tasks.",,0.67696464,0.4750391,0.30895257,0.4009556,0.0,0.08333333333333333,0.2222222222222222,,,,
2,2417,122,True,172,25,{Impact-Oriented Contextual Scholar Profiling using Self-Citation Graphs},"Luo, Y and Shi, L and Xu, M and Ji, Y and Xiao, F and Hu, C and Shan, Z",2023,,10.1145/3580305.3599845,"Quantitatively profiling a scholar's scientific impact is important to modern research society. Current practices with bibliometric indicators (e.g., h-index), lists, and networks perform well at scholar ranking, but do not provide structured context for scholar-centric, analytical tasks such as profile reasoning and understanding. This work presents GeneticFlow (GF), a suite of novel graph-based scholar profiles that fulfill three essential requirements: structured-context, scholar-centric, and evolution-rich. We propose a framework to compute GF over large-scale academic data sources with millions of scholars. The framework encompasses a new unsupervised advisor-advisee detection algorithm, a well-engineered citation type classifier using interpretable features, and a fine-tuned graph neural network (GNN) model. Evaluations are conducted on the real-world task of scientific award inference. Experiment outcomes show that the F1 score of best GF profile significantly outperforms alternative methods of impact indicators and bibliometric networks in all the 6 computer science fields considered. Moreover, the core GF profiles, with 63.6%∼66.5% nodes and 12.5%∼29.9% edges of the full profile, still significantly outrun existing methods in 5 out of 6 fields studied. Visualization of GF profiling result also reveals human explainable patterns for high-impact scholars. {\textcopyright}2023 ACM.","Bibliometric indicators,Big scholar data,Citation graphs,Current practices,Data-source,Graph neural networks,Graph-based,Graphic methods,H indices,Large-scales,Neural network models,Scholar profiling,big scholar data,graph neural networks,scholar profiling",0.5454927,0.3827827,0.41651046,0.44875604,0.25,0.08333333333333333,0.2222222222222222,,,,
2,2625,131,True,172,25,{Leveraging Graph Neural Networks for User Profiling: Recent Advances and Open Challenges},"Purificato, E and Boratto, L and {De Luca}, E W",2023,,10.1145/3583780.3615292,"The proposed tutorial aims to familiarise the CIKM community with modern user profiling techniques that utilise Graph Neural Networks (GNNs). Initially, we will delve into the foundational principles of user profiling and GNNs, accompanied by an overview of relevant literature. We will subsequently systematically examine cutting-edge GNN architectures specifically developed for user profiling, highlighting the typical data utilised in this context. Furthermore, ethical considerations and beyond-accuracy perspectives, e.g. fairness and explainability, will be discussed regarding the potential applications of GNNs in user profiling. During the hands-on session, participants will gain practical insights into constructing and training recent GNN models for user profiling using open-source tools and publicly available datasets. The audience will actively explore the impact of these models through case studies focused on bias analysis and explanations of user profiles. To conclude the tutorial, we will analyse existing and emerging challenges in the field and discuss future research directions. {\textcopyright}2023 Copyright held by the owner/author(s).","Cutting edges,Ethical considerations,Explainability,Fairness,Graph Neural Networks,Graph neural networks,Knowledge management,Neural network architecture,Neural network model,Open source tools,User Profiling,User profile,User's profiling,User-profiling techniques",0.61004484,0.42808017,0.3591513,0.42187467,0.125,0.08333333333333333,0.2222222222222222,,,,
2,2723,136,True,172,25,{From Black Box to Glass Box: Evaluating the Faithfulness of Process Predictions with GCNNs},"Schaschek, M and Gwinner, F and Hein, B and Winkelmann, A",2025,,10.1007/978-3-031-74633-8_15,"The volatile digital economy forces enterprises to tap into the potential of data-driven decision-making. Accordingly, proactive management of business processes is increasingly gaining momentum in information system research. In addition to the superior model performance of predictive models, the explainability of deep learning models becomes a crucial requirement for real-world applications. Although recent works on explainable predictive business process monitoring propose various explainability approaches, preliminary research has been conducted on evaluating explanations regarding their faithfulness. Since human-created ground truth for evaluating algorithms is often unavailable or subjective, objective metrics are needed to assess the faithfulness of explanations. We contribute to this research gap by quantitatively and qualitatively investigating the capabilities of different explainability methods for Graph Convolutional Neural Networks in the context of outcome prediction.",,0.65644366,0.46063912,0.2987851,0.38819975,0.125,0.0,0.2222222222222222,,,,
2,2981,143,True,172,25,{Combinatorial Learning of Graph Edit Distance via Dynamic Embedding},"Wang, R and Zhang, T and Yu, T and Yan, J and Yang, X",2021,,10.1109/CVPR46437.2021.00520,"Graph Edit Distance (GED) is a popular similarity measurement for pairwise graphs and it also refers to the recovery of the edit path from the source graph to the target graph. Traditional A* algorithm suffers scalability issues due to its exhaustive nature, whose search heuristics heavily rely on human prior knowledge. This paper presents a hybrid approach by combing the interpretability of traditional search-based techniques for producing the edit path, as well as the efficiency and adaptivity of deep embedding models to achieve a cost-effective GED solver. Inspired by dynamic programming, node-level embedding is designated in a dynamic reuse fashion and suboptimal branches are encouraged to be pruned. To this end, our method can be readily integrated into A* procedure in a dynamic fashion, as well as significantly reduce the computational burden with a learned heuristic. Experimental results on different graph datasets show that our approach can remarkably ease the search process of A* without sacrificing much accuracy. To our best knowledge, this work is also the first deep learning-based GED method for recovering the edit path.","Adaptation models,Computational modeling,Computer vision,Costs,Heuristic algorithms,Scalability,Search problems",0.6975452,0.48948076,0.36648953,0.44925344,0.125,0.08333333333333333,0.0,,,,
2,3121,156,True,172,25,{Topic-aware Heterogeneous Graph Neural Network for Link Prediction},"Xu, S and Yang, C and Shi, C and Fang, Y and Guo, Y and Yang, T and Zhang, L and Hu, M",2021,,10.1145/3459637.3482485,"Heterogeneous graphs (HGs), consisting of multiple types of nodes and links, can characterize a variety of real-world complex systems. Recently, heterogeneous graph neural networks (HGNNs), as a powerful graph embedding method to aggregate heterogeneous structure and attribute information, has earned a lot of attention. Despite the ability of HGNNs in capturing rich semantics which reveal different aspects of nodes, they still stay at a coarse-grained level which simply exploits structural characteristics. In fact, rich unstructured text content of nodes also carries latent but more fine-grained semantics arising from multi-facet topic-aware factors, which fundamentally manifest why nodes of different types would connect and form a specific heterogeneous structure. However, little effort has been devoted to factorizing them. In this paper, we propose a Topic-aware Heterogeneous Graph Neural Network, named THGNN, to hierarchically mine topic-aware semantics for learning multi-facet node representations for link prediction in HGs. Specifically, our model mainly applies an alternating two-step aggregation mechanism including intra-metapath decomposition and inter-metapath mergence, which can distinctively aggregate rich heterogeneous information according to the inferential topic-aware factors and preserve hierarchical semantics. Furthermore, a topic prior guidance module is also designed to keep the quality of multi-facet topic-aware embeddings relying on the global knowledge from unstructured text content in HGs. It helps to simultaneously improve both performance and interpretability. Experimental results on three real-world HGs demonstrate that our proposed model can effectively outperform the state-of-the-art methods in the link prediction task, and show the potential interpretability of learnt multi-facet topic-aware representations. {\textcopyright}2021 ACM.","Aggregates,Embeddings,Forecasting,Graph neural networks,Graph structures,Graph theory,Heterogeneous graph,Heterogeneous structures,Interpretability,Link prediction,Mercury compounds,Nodes and links,Real-world,Representation learning,Semantics,Text content,Unstructured texts,graph neural networks,heterogeneous graph,link prediction,representation learning",0.7129036,0.50025815,0.29195195,0.39718986,0.125,0.08333333333333333,0.2222222222222222,,,,
2,3126,157,True,172,25,{Contrasformer: A Brain Network Contrastive Transformer for Neurodegenerative Condition Identification},"Xu, J and He, K and Lan, M and Bian, Q and Li, W and Li, T and Ke, Y and Qiao, M",2024,,10.1145/3627673.3679560,"Understanding neurological disorder is a fundamental problem in neuroscience, which often requires the analysis of brain networks derived from functional magnetic resonance imaging (fMRI) data. Despite the prevalence of Graph Neural Networks (GNNs) and Graph Transformers in various domains, applying them to brain networks faces challenges. Specifically, the datasets are severely impacted by the noises caused by distribution shifts across sub-populations and the neglect of node identities, both obstruct the identification of disease-specific patterns. To tackle these challenges, we propose Contrasformer, a novel contrastive brain network Transformer. It generates a prior-knowledge-enhanced contrast graph to address the distribution shifts across sub-populations by a two-stream attention mechanism. A cross attention with identity embedding highlights the identity of nodes, and three auxiliary losses ensure group consistency. Evaluated on 4 functional brain network datasets over 4 different diseases, Contrasformer outperforms the state-of-the-art methods for brain networks by achieving up to 10.8% improvement in accuracy, which demonstrates its efficacy in neurological disorder identification. Case studies illustrate its interpretability, especially in the context of neuroscience. This paper provides a solution for analyzing brain networks, offering valuable insights into neurological disorders. Our code is available at https://github.com/AngusMonroe/Contrasformer. {\textcopyright}2024 Owner/Author.","Brain networks,Condition identification,Distribution transformers,Functional magnetic resonance imaging,Functional neuroimaging,Graph neural networks,Graph transformer,Magnetic resonance imaging,Networks and graphs,Neurodegenerative,Neurodegenerative diseases,Neurological disorders,Neurophysiology,Resonance imaging data,Sub-populations,brain network,graph neural network,graph transformer,neurological disorder",0.6003431,0.42127228,0.29383838,0.37046456,0.125,0.08333333333333333,0.2222222222222222,,,,
2,3201,162,True,172,25,{Learning Interpretable Models for Coupled Networks Under Domain Constraints},"You, H and Lin, S and Singh, A K",2021,,10.1609/aaai.v35i12.17282,"Modeling the behavior of coupled networks is challenging due to their intricate dynamics. For example in neuroscience, it is of critical importance to understand the relationship between the functional neural processes and anatomical connectivities. Modern neuroimaging techniques allow us to separately measure functional connectivity through fMRI imaging and the underlying white matter wiring through diffusion imaging. Previous studies have shown that structural edges in brain networks improve the inference of functional edges and vice versa. In this paper, we investigate the idea of coupled networks through an optimization framework by focusing on interactions between structural edges and functional edges of brain networks. We consider both types of edges as observed instances of random variables that represent different underlying network processes. The proposed framework does not depend on Gaussian assumptions and achieves a more robust performance on general data compared with existing approaches. To incorporate existing domain knowledge into such studies, we propose a novel formulation to place hard network constraints on the noise term while estimating interactions. This not only leads to a cleaner way of applying network constraints but also provides a more scalable solution when network connectivity is sparse. We validate our method on multishell diffusion and task-evoked fMRI datasets from the Human Connectome Project, leading to both important insights on structural backbones that support various types of task activities as well as general solutions to the study of coupled networks. Copyright {\textcopyright}2021, Association for the Advancement of Artificial Intelligence (www.aaai.org). All rights reserved.","Brain networks,Coupled networks,Diffusion imaging,Domain Knowledge,Domain constraint,Functional connectivity,Network constraints,Neural process,Neuroimaging,Neuroimaging techniques,Optimization framework,White matter",0.58433545,0.41003942,0.3173679,0.3841098,0.125,0.16666666666666666,0.2222222222222222,,,,
2,3319,168,True,172,25,{Network Report: A Structured Description for Network Datasets},"Zheng, X Y and Rossi, R A and Ahmed, N K and Moritz, D and ACM",2022,,10.1145/3511808.3557115,"The rapid development of network science and technologies depends on shareable datasets. Currently, there is no standard practice for reporting and sharing network datasets. Some network dataset providers only share links, while others provide some contexts or basic statistics. As a result, critical information may be unintentionally dropped, and network dataset consumers may misunderstand or overlook critical aspects. Inappropriately using a network dataset can lead to severe consequences (e.g., discrimination) especially when machine learning models on networks are deployed in highstake domains. Challenges arise as networks are often used across different domains (e.g., network science, physics, etc) and have complex structures. To facilitate the communication between network dataset providers and consumers, we propose network report. A network report is a structured description that summarizes and contextualizes a network dataset. Network report extends the idea of dataset reports (e.g., Datasheets for Datasets) from prior work with network-specific descriptions of the non-i.i.d. nature, demographic information, network characteristics, etc. We hope network reports encourage transparency and accountability in network research and development across different fields.",,0.59055185,0.41440156,0.4368441,0.47527105,0.25,0.0,0.1111111111111111,,,,
3,31,2,True,171,25,{Relational social recommendation: Application to the academic domain},"Amal, S and Tsai, C H and Brusilovsky, P and Kuflik, T and Minkov, E",2019,EXPERT SYSTEMS WITH APPLICATIONS,10.1016/j.eswa.2019.01.061,"This paper outlines RSR, a relational social recommendation approach applied to a social graph comprised of relational entity profiles. RSR uses information extraction and learning methods to obtain relational facts about persons of interest from the Web, and generates an associative entity-relation social network from their extracted personal profiles. As a case study, we consider the task of peer recommendation at scientific conferences. Given a social graph of scholars, RSR employs graph similarity measures to rank conference participants by their relatedness to a user. Unlike other recommender systems that perform social rankings, RSR provides the user with detailed supporting explanations in the form of relational connecting paths. In a set of user studies, we collected feedbacks from participants onsite of scientific conferences, pertaining to RSR quality of recommendations and explanations. The feedbacks indicate that users appreciate and benefit from RSR explainability features. The feedbacks further indicate on recommendation serendipity using RSR, having it recommend persons of interest who are not apriori known to the user, oftentimes exposing surprising inter-personal associations. Finally, we outline and assess potential gains in recommendation relevance and serendipity using path-based relational learning within RSR. (C) 2019 Elsevier Ltd. All rights reserved.",,0.7012573,0.5008997,0.32592404,0.41975737,0.125,0.0,0.1111111111111111,,,,
3,125,3,True,171,25,{KGTN: Knowledge Graph Transformer Network for explainable multi-category item recommendation},"Chang, C and Zhou, J and Weng, Y and Zeng, X and Wu, Z and Wang, C.-D. and Tang, Y",2023,Knowledge-Based Systems,10.1016/j.knosys.2023.110854,"Most existing methods for recommendation assume that all the items are of the same category. However, single-category recommendations are no longer sufficient to fulfill the diverse needs of users in the real world. Existing methods cannot be directly applied to recommend multiple categories of items due to the different properties and complex relationships among them. However, a drawback of these approaches is their assumption of a fixed and homogeneous data format, making them incapable of addressing the challenge of recommending multiple categories of items. Recommendation of multiple categories of items to users concurrently has become a challenging task. To tackle this problem, we design a novel method Knowledge Graph Transformer Network (KGTN) for explainable multi-category item recommendation, inspired by advances in knowledge graph in the field of recommendation. Knowledge graph and neural network methods have shown advantages in addressing recommendation problems in heterogeneous graph structures. This is because different categories of items have unique attributes and dimensions, which can be effectively represented and integrated by incorporating knowledge graph and graph neural network techniques. That is, our approach can handle heterogeneous collaborative knowledge graphs composed of users and items, and can mine hidden path relationships without defining original paths. In addition, its algorithmic process has interpretability. Specifically, graph transformer layer converts the heterogeneous input graph into a useful meta-path graph for recommended task; graph convolution layer learns the node representation on the new meta-path graph. Finally, we calculate the inner product of user and item vector representations to output the probability for the recommendation. At the same time, we use the critical path in the learned useful meta-path graph as the explanation. Comprehensive experiments on three datasets demonstrate that KGTN achieves state-of-the-art performance over existing baselines. {\textcopyright}2023 Elsevier B.V.","Complex relationships,Explainable,Graph neural networks,Graph theory,Graph transformer network,Knowledge graph,Knowledge graphs,Multi-category item recommendation,Multilayer neural networks,Network knowledge,Novel methods,Path graphs,Property,Real-world",0.7415014,0.52964556,0.28639853,0.40017426,0.25,0.08333333333333333,0.3333333333333333,,,,
3,661,14,True,171,25,{Knowledge-aware reasoning with self-supervised reinforcement learning for explainable recommendation in MOOCs},"Lin, Y G and Zhang, W and Lin, F and Zeng, W H and Zhou, X Z and Wu, P C",2024,NEURAL COMPUTING & APPLICATIONS,10.1007/s00521-023-09257-7,"Explainable recommendation is important but not yet explored in Massive Open Online Courses (MOOCs). Recently, knowledge graph (KG) has achieved great success in explainable recommendations. However, the e-learning scenario has some unique constraints, such as learners' knowledge structure and course prerequisite requirements, leading the existing KG-based recommendation methods to work poorly in MOOCs. To address these issues, we propose a novel explainable recommendation model, namely Knowledge-aware Reasoning with self-supervised Reinforcement Learning (KRRL). Specifically, to enhance the semantic representation and relation in the KG, a multi-level representation learning method enriches the perceptual information of semantic interactions. Afterward, a self-supervised reinforcement learning method effectively guides the path reasoning over the KG, to match the unique constraints in the e-learning scenario. We evaluate the KRRL model on two real-world MOOCs datasets. The experimental results show that KRRL evidently outperforms state-of-the-art baselines in terms of the recommendation accuracy and explainability.",,0.71388984,0.5099229,0.26410788,0.37655336,0.125,0.25,0.0,,,,
3,907,26,True,171,25,{Scratch-RL: A preference-driven adversarial reinforcement reasoning framework over knowledge graphs for explainable recommendation of Scratch},"Qi, P and Sun, Y and Luo, H",2022,International Journal of Intelligent Systems,10.1002/int.22931,"Nowadays, Scratch, as a widely-used educational programming platform, has gathered a huge number of programming users all over the world. Facing massive programming resources, how to make satisfactory programming recommendations has attracted increasing attention, especially on explainable recommendations. Existing Scratch recommendation systems overlook to provide why a project is recommended, which prevents users from making better decisions and trusting in the system. To resolve this problem, we design the Scratch-RL, an explainable reinforcement learning framework over knowledge graphs for Scratch recommendation. First, we devise a preference-driven Actor-Critic network to simulate users' local preferences and explore the potential interested projects along the reasoning paths. In the Actor-Critic network, we elaborate a preference state function, a preference-based reward function, and a preference-conditional action pruning strategy for the agent. Then, we leverage a directive discriminator network to help evaluate the correctness of recommendations from the agent and return an extra guidance reward accordingly. A high guidance reward is given when the agent generates correct recommendations, which guarantees that the agent quickly and accurately comprehends the preferences of users. Finally, we jointly train the Actor-Critic network and the discriminator, when the whole training is done, the reasoning paths are taken as the interpretability of the recommendations. Extensive experiments on both the Scratch data set and public data set show that, Scratch-RL obtains favorable recommendation results compared with the state-of-the-art models. {\textcopyright}2022 Wiley Periodicals LLC.","A directive discriminator network,A preference-driven actor-critic network,Actor critic,Critic network,Data set,Discriminators,Educational programming,Explainable scratch recommendation,Knowledge graph,Knowledge graphs,Reasoning framework,Reinforcement learning,State functions,a directive discriminator network,a preference-driven Actor-Critic network,explainable Scratch recommendation",0.69437253,0.495982,0.25896,0.36781314,0.25,0.16666666666666666,0.1111111111111111,,,,
3,1289,37,True,171,25,{Accurate and Explainable Recommendation via Hierarchical Attention Network Oriented Towards Crowd Intelligence},"Yang, C and Zhou, W X and Wang, Z Y and Jiang, B and Li, D S and Shen, H W",2021,KNOWLEDGE-BASED SYSTEMS,10.1016/j.knosys.2020.106687,"Review-based recommendation algorithms can alleviate the data sparsity issue in collaborative filtering by combining user ratings and reviews in model learning. However, most existing methods simplify the feature extraction process from reviews by assuming that different granularities of information (e.g., word, review, and feature) are equally important, which cannot optimally leverage the most important information and thus achieves suboptimal recommendation accuracy. Besides, many existing works directly regard text features as users or items representations, which may not be enough to make precise representations due to the large amount of redundant information in reviews. To tackle the two problems mentioned above, we propose a deep learning-based method named Hierarchical Attention Network Oriented Towards Crowd Intelligence (HANCI). First, HANCI replaces the commonly-used topic models or CNN text processor with an RNN text processor in review feature extraction, which can fully exploit the advantages of the sequential dependencies of reviews by using the whole hidden layers of the bidirectional LSTM as outputs. Second, HANCI weighs the importance of features guided by crowd intelligence to more accurately represent each user on each item, and vice versa. Third, HANCI utilizes a hierarchical attention network based on multi-level review text analysis to extract more precise user preferences and item latent features, so that HANCI can explore the importance of words, the usefulness of reviews and the importance of features to achieve more accurate recommendation. Extensive experiments on three public datasets show that HANCI outperforms the state-of-the-art review-based recommendation algorithms in accuracy and meanwhile provides insightful explanations. (C) 2020 Elsevier B.V. All rights reserved.",,0.6907642,0.49340454,0.2882682,0.3888922,0.125,0.0,0.2222222222222222,,,,
3,1650,56,True,171,25,{Constructing Explainable Opinion Graphs from Reviews},"Carmeli, CEOGFRN and Wang, X L and Suhara, Y and Angelidis, S and Li, Y L and Li, J F and Tan, W C and ACM",2021,,10.1145/3442381.3450081,"The Web is a major resource of both factual and subjective information. While there are significant efforts to organize factual information into knowledge bases, there is much less work on organizing opinions, which are abundant in subjective data, into a structured format. We present EXPLAINIT, a system that extracts and organizes opinions into an opinion graph, which are useful for downstream applications such as generating explainable review summaries and facilitating search over opinion phrases. In such graphs, a node represents a set of semantically similar opinions extracted from reviews and an edge between two nodes signifies that one node explains the other. EXPLAINIT mines explanations in a supervised method and groups similar opinions together in a weakly supervised way before combining the clusters of opinions together with their explanation relationships into an opinion graph. We experimentally demonstrate that the explanation relationships generated in the opinion graph are of good quality and our labeled datasets for explanation mining and grouping opinions are publicly available at https://github.com/megagonlabs/explainit.",,0.6444533,0.46032518,0.31523895,0.39754254,0.125,0.08333333333333333,0.0,,,,
3,1943,70,True,171,25,{Prospective Modeling of Users for Online Display Advertising via Deep Time-Aware Model},"Gligorijevic, D and Gligorijevic, J and Flores, A and MACHINERY, ASSOC COMP",2020,,,"Prospective display advertising poses a particular challenge for large advertising platforms. The existing machine learning algorithms are easily biased towards the highly predictable retargeting events that are often non-eligible for the prospective campaigns, thus exhibiting a decline in advertising performance. To that end, efforts are made to design powerful models that can learn from signals of various strength and temporal impact collected about each user from different data sources and provide a good quality and early estimation of users' conversion rates. In this study, we propose a novel deep time-aware approach designed to model sequences of users' activities and capture implicit temporal signals of users' conversion intents. On several real-world datasets, we show that the proposed approach consistently outperforms other, previously proposed approaches by a significant margin while providing interpretability of signal impact to conversion probability.",,0.48910177,0.34935957,0.34348708,0.37989077,0.125,0.0,0.0,,,,
3,2101,78,True,171,25,{Personal Knowledge Graphs: Use Cases in e-learning Platforms},"Ilkou, E and ACM",2022,,10.1145/3487553.3524196,"Personal Knowledge Graphs (PKGs) are introduced by the semantic web community as small-sized user-centric knowledge graphs (KGs). PKGs fill the gap of personalised representation of user data and interests on the top of big, well-established encyclopedic KGs, such as DBpedia [21]. Inspired by the widely recent usage of PKGs in the medical domain to represent patient data, this PhD proposal aims to adopt a similar technique in the educational domain in e-learning platforms by deploying PKGs to represent users and learners. We propose a novel PKG development that relies on ontology and interlinks to Linked Open Data. Hence, adding the dimension of personalisation and explainability in users' featured data while respecting privacy. This research design is developed in two use cases: a collaborative search learning platform and an e-learning platform. Our preliminary results show that e-learning platforms can get benefited from our approach by providing personalised recommendations and more user and group-specific data.",,0.5510429,0.39360332,0.44597894,0.47224495,0.125,0.16666666666666666,0.0,,,,
3,2134,79,True,171,25,{Semi Nonnegative Matrix Factorization Recommendation Algorithm Based On Bayesian Probability Model},"Jiang, Y and Xiong, J and Lang, X",2020,,10.1109/MLBDBI51377.2020.00046,"Despite model-based Collaborative Filtering (CF) methods are popular in recommendation systems, the latent factorization is extensively concerned. However, due to lack of nonnegative constraints and intrinsic probability semantics, traditional latent factorization methods have problems of low internal semantic interpretability and prediction accuracy with unsatisfactory running time per iteration times. In this paper, we propose a semi nonnegative matrix factorization algorithm based on Bayesian probability model. Using semi supervised learning method, the original rating matrix is initialized into positive and negative mixed which guarantees intrinsic interpretable semantics. Then, in order to add probability interpretation and improve the accuracy of prediction, we utilize the Gauss-Wishart distribution as a prior distribution and use Markov Chain Monte Carlo (MCMC) to achieve Bayesian random approximation inference. The whole experiment mainly considers the number of latent factors D and differences between best results and final results under a certain number of iterations. Facing the sparsity and imbalance in large data sets, the proposed algorithm guarantees the internal interpretability and has high prediction accuracy in the real world data set under the different number of latent factors and iterations with a small convergence time.","Bayes methods,Bayesian Probability,Collaborative Filtering,Machine learning algorithms,Markov processes,Matrix Factorization,Monte Carlo methods,Prediction algorithms,Recommendation System,Semantics,Semi Supervised Learning,Supervised learning",0.64623165,0.4615955,0.2883594,0.37782747,0.125,0.08333333333333333,0.0,,,,
3,2200,84,True,171,25,{Is It Enough Just Looking at the Title?: Leveraging Body Text To Enrich TitleWords Towards Accurate News Recommendation},"Kim, T and Kim, Y and Lee, Y.-C. C and Shin, W.-Y. Y and Kim, S.-W. W and ACM",2022,,10.1145/3511808.3557619,"In a news recommender system, a user tends to click on a news article if she is interested in its topic understood by looking at its title. Such a behavior is possible since, when viewing the title, humans naturally think of the contextual meaning of each titleword by leveraging their own background knowledge. Motivated by this, we propose a novel personalized news recommendation framework CAST (Context-aware Attention network with a Selection module for Title word representation), which is capable of enriching title words by leveraging body text that fully provides the whole content of a given article as the context. Through extensive experiments, we demonstrate (1) the effectiveness of core modules in CAST, (2) the superiority of CAST over 9 state-of-the-art news recommendation methods, and (3) the interpretability with CAST.","Background knowledge,Context-Aware,Context-aware attention network,Knowledge management,News articles,News recommendation,News recommender systems,Personalized news,Recommendation methods,State of the art,Word representations,context-aware attention network,news recommendation",0.6682788,0.47734356,0.32294816,0.40928084,0.125,0.08333333333333333,0.1111111111111111,,,,
3,2283,87,True,171,25,{Generate Neural Template Explanations for Recommendation},"Li, L and Zhang, Y and Chen, L",2020,,10.1145/3340531.3411992,"Personalized recommender systems are important to assist user decision-making in the era of information overload. Meanwhile, explanations of the recommendations further help users to better understand the recommended items so as to make informed choices, which gives rise to the importance of explainable recommendation research. Textual sentence-based explanation has been an important form of explanations for recommender systems due to its advantage in communicating rich information to users. However, current approaches to generating sentence explanations are either limited to predefined sentence templates, which restricts the sentence expressiveness, or opt for free-style sentence generation, which makes it difficult for sentence quality control. In an attempt to benefit both sentence expressiveness and quality, we propose a Neural Template (NETE) explanation generation framework, which brings the best of both worlds by learning sentence templates from data and generating template-controlled sentences that comment about specific features. Experimental results on real-world datasets show that NETE consistently outperforms state-of-the-art explanation generation approaches in terms of sentence quality and expressiveness. Further analysis on case study also shows the advantages of NETE on generating diverse and controllable explanations. {\textcopyright}2020 ACM.","Decision making,Free style,Information overloads,Knowledge management,Neural templates,Personalized recommender systems,Quality control,Real-world datasets,Recommender systems,Sentence-based,State of the art,explainable recommendation,natural language generation,neural template explanation,recommender systems",0.6600272,0.47144952,0.30283278,0.3921314,0.125,0.08333333333333333,0.1111111111111111,,,,
3,2827,120,True,171,25,{On Recommending Evolution Measures: A Human-Aware Approach},"Stefanidis, K and Kondylakis, H and Troullinou, G",2017,,10.1109/ICDE.2017.231,"As knowledge bases are constantly evolving, there is a clear need for monitoring and analyzing the changes that occur on them. Traditional approaches for studying the evolution of data focus on providing humans with deltas that include loads of information. In this work, we envision a processing model that recommends evolution measures taking into account particular challenges, such as relatedness, transparency, diversity, fairness and anonymity. We target at supporting humans with complementary measures that offer high-level overviews of the changes to help them understand how data of interest evolves.","Data models,Knowledge based systems,Semantics,Sensors,Social network services,Synchronization",0.5419805,0.3871302,0.426852,0.45563412,0.125,0.08333333333333333,0.1111111111111111,,,,
3,2858,122,True,171,25,{Educational Explainable Recommender Usage and its Effectiveness in High School Summer Vacation Assignment},"Takami, K and Dai, Y L and Flanagan, B and Ogata, H and Machinery, Assoc Comp",2022,,10.1145/3506860.3506882,"Explainable recommendations, which provide explanations about why an item is recommended, help to improve the transparency, persuasiveness, and trustworthiness. However, few research in educational technology utilize explainable recommendations. We developed an explanation generator using the parameters from Bayesian knowledge tracing models. We used this educational explainable recommendation system to investigate the effects of explanation on the summer vacation assignment for high school students. Comparing the click counts of recommended quizzes with and without explanations, we found that the number of clicks was significantly higher for quizzes with explanations. Furthermore, system usage pattern mining revealed that students can be divided to three clusters- none, steady and late users. In the cluster of steady users, recommended quizzes with explanations were continuously used. These results suggest the effectiveness of an explainable recommendation system in the field of education.",,0.5892056,0.42086247,0.37194717,0.42626178,0.25,0.08333333333333333,0.0,,,,
3,2888,125,True,171,25,{Learning Interpretable Feature Context Effects in Discrete Choice},"Tomlinson, K and Benson, A R and MACHINERY, ASSOC COMP",2021,,10.1145/3447548.3467250,"Individuals are constantly making choices-purchasing products, consuming Web content, making social connections-so understanding what contributes to these decisions is crucial in many settings. A major interest is understanding context effects, which occur when the set of available options itself affects an individual's relative preferences. These violate traditional rationality assumptions but are commonly observed in human behavior. At the same time, identifying context effects from choice data remains a challenge; existing models posit a specific context effect a priori and then measure its effect from (often effect-targeting) data. Here, we develop discrete choice models that capture a broad range of context effects, which are learned from choice data rather than baked into the model. Our models yield intuitive, interpretable, and statistically testable context effects, all while being simple to train. We evaluate our model on several empirical choice datasets, discovering, e.g., that people are more willing to book higher-priced hotels when presented with options that are on sale. We also provide the first analysis of context effects in online social network growth, finding that users forming connections place relatively more emphasis on shared neighbors when popular users are an option.",,0.56615806,0.40439993,0.44118404,0.47242755,0.125,0.0,0.1111111111111111,,,,
3,2965,131,True,171,25,{Towards accurate and interpretable sequential prediction: A CNN & Attention-based feature extractor},"Wang, J and Liu, Z and Liu, Q and Wu, S",2019,,10.1145/3357384.3357887,"With the influence of information explosion, there are more and more choices exposed to public view. Next item recommendation is being a significant and challenging task. Recently, attention mechanism, Convolutional Neural Networks (CNN) and other kinds of deep components are used to model user behaviors. However, the proposed models often fail to extract the feature of user behaviors in different time periods and the CNN-based models before are hard to make the used CNN interpretable. In this paper, we propose a CNN & Attention-based Sequential Feature Extractor (CASFE) module to capture the possible features of user behaviors at different time intervals. Specifically, we import CNN to extract multi-level features of user behaviors with different time periods. After each CNN layer, we use attention module to emphasize the different effect of behaviors on the prediction result. Besides, the features we try to extract here have the similar concept and meaning with the hand-crafted features in Feature Engineering, which proves the validity of CASFE. Accordingly, CASFE becomes a general sequential feature extractor that can be used in various sequential prediction tasks. With Multi-Layer Perceptron (MLP), CASFE would be a state-of-the-art next item recommendation model. The model obtains good performance on Last.fm 1K dataset and MovieLens 1M dataset. Besides, as a compatible extractor module, it can also promote CTR prediction models as well as other sequential prediction tasks. {\textcopyright}2019 Association for Computing Machinery.","Attention mechanisms,Behavioral research,CTR prediction,Convolutional neural network,Different effects,Feature engineerings,Feature extractor,Forecasting,Information explosion,Knowledge management,Multi layer perceptron,Neural networks,Recommender systems,Sequential feature extractor,Sequential prediction",0.6338572,0.45275655,0.33348632,0.40857905,0.125,0.08333333333333333,0.3333333333333333,,,,
3,2972,135,True,171,25,{Directional Multivariate Ranking},"Wang, N and Wang, H N and MACHINERY, ASSOC COMP",2020,,10.1145/3394486.3403051,"User-provided multi-aspect evaluations manifest users' detailed feedback on the recommended items and enable fine-grained understanding of their preferences. Extensive studies have shown that modeling such data greatly improves the effectiveness and explainability of the recommendations. However, as ranking is essential in recommendation, there is no principled solution yet for collectively generating multiple item rankings over different aspects. In this work, we propose a directional multi-aspect ranking criterion to enable a holistic ranking of items with respect to multiple aspects. Specifically, we view multi-aspect evaluation as an integral effort from a user that forms a vector of his/her preferences over aspects. Our key insight is that the direction of the difference vector between two multi-aspect preference vectors reveals the pairwise order of comparison. Hence, it is necessary for a multi-aspect ranking criterion to preserve the observed directions from such pairwise comparisons. We further derive a complete solution for the multi-aspect ranking problem based on a probabilistic multivariate tensor factorization model. Comprehensive experimental analysis on a large TripAdvisor multi-aspect rating dataset and a Yelp review text dataset confirms the effectiveness of our solution.",,0.6695988,0.4782864,0.32859313,0.41384456,0.125,0.0,0.1111111111111111,,,,
3,3002,141,True,171,25,{Spatial-Temporal Interval Aware Sequential POI Recommendation},"Wang, E and Jiang, Y and Xu, Y and Wang, L and Yang, Y",2022,,10.1109/ICDE53745.2022.00202,"The past flourishing years of sequential point-of-interest (POI) recommendation began with the introduction of Self-Attention Network (SAN), which quickly superseded CNN or RNN as the state-of-the-art backbone. To realize the fine-grained users' behavior patterns modeling, recent works utilize modified attention mechanisms or neural network layers to process spatial-temporal factors. However, due to the significant increase on either model's parameter scale or computational burden, we argue that these methods can be further improved. In this paper, we exploit two lightweight approaches, Time Aware Position Encoder (TAPE) and Interval Aware Attention Block (IAAB), to impel SAN by considering the spatial-temporal intervals among POIs separately, where requiring neither extra parameters nor high computational cost. On the one hand, TAPE, adjusting the positions in sequences based on the timestamps dynamically and generating positional representations with sinusoidal transformation, can enhance sequence representations to reflect both the absolute order and relative temporal proximity among all POIs. On the other hand, IAAB, point-wise adding the scaled spatial-temporal intervals to the attention map, can promote the attention mechanism attaching importance to the spatial relation among all POIs under the constraints of time conditions and providing more explainable recommendation. We integrate these two modules into SAN and propose a Spatial-Temporal Interval-Aware sequential POI recommender, namely STiSAN, as an end-to-end deployment. Experimental results based on three public LBSN datasets and one real-world city transportation dataset demonstrate STiSAN's superior performance (average 13.01% improvement against the strongest baseline). Moreover, we validate the extensibility and interpretability of TAPE and IAAB through metric evaluation and visualization separately.","Computational modeling,Conferences,Data visualization,Measurement,Neural networks,Transportation,Urban areas,attention mechanism,positional encoding,sequential POI recommendation",0.5377139,0.38408265,0.30180097,0.3607792,0.25,0.08333333333333333,0.3333333333333333,,,,
3,3004,142,True,171,25,{Seq2Pat: Sequence-to-Pattern Generation for Constraint-Based Sequential Pattern Mining},"Wang, X and Hosseininasab, A and Colunga, P and Kadioglu, S and van Hoeve, W J and Intelligence, Assoc Advancement Artificial",2022,,,"Pattern mining is an essential part of knowledge discovery and data analytics. It is a powerful paradigm, especially when combined with constraint reasoning. In this paper, we present Seq2Pat, a constraint-based sequential pattern mining tool with a high-level declarative user interface. The library finds patterns that occur frequently in large sequence databases subject to constraints. We highlight key benefits that are desirable, especially in industrial settings where scalability, explainability, rapid experimentation, reusability, and reproducibility are of great interest. We then showcase an automated feature extraction process powered by Seq2Pat to discover high-level insights and boost downstream machine learning models for customer intent prediction.",,0.5523663,0.3945486,0.39577234,0.43492085,0.125,0.25,0.0,,,,
3,3127,153,True,171,25,{Tutorial on Landing Generative AI in Industrial Social and E-commerce Recsys},"Xu, D and Zhang, D and Zheng, L and Yang, B and Yang, G and Xu, S and Liang, C",2024,,10.1145/3627673.3679099,"Over the past two years, GAI has evolved rapidly, influencing various fields including social and e-commerce Recsys. Despite exciting advances, landing these innovations in real-world Recsys remains challenging due to the sophistication of modern industrial product and systems. Our tutorial begins with a brief overview of building industrial Recsys and GAI fundamentals, followed by the ongoing efforts and opportunities to enhance personalized recommendations with foundation models. We then explore the integration of curation capabilities into Recsys, such as repurposing raw content, incorporating external knowledge, and generating personalized insights/explanations to foster transparency and trust. Next, the tutorial illustrates how AI agents can transform Recsys through interactive reasoning and action loops, shifting away from traditional passive feedback models. Finally, we shed insights on real-world solutions for human-AI alignment and responsible GAI practices. A critical component of the tutorial is detailing the AI, Infrastructure, LLMOps, and Product roadmap (including the evaluation and responsible AI practices) derived from the production solutions in LinkedIn, Amazon, TikTok, and Microsoft. While GAI in Recsys is still in its early stages, this tutorial provides valuable insights and practical solutions for the Recsys and GAI communities. {\textcopyright}2024 ACM.","E- commerces,Foundation models,Generative AI,Generative adversarial networks,Industrial product,Industrial systems,Language model,Large language model,Personalized recommendation,Real-world,Recommender systems,Social commerces,generative AI,industrial system,information retrieval,large language model,recommender system",0.5126599,0.3661868,0.42963266,0.45038947,0.125,0.16666666666666666,0.1111111111111111,,,,
3,3171,158,True,171,25,{Who Would be Interested in Services? An Entity Graph Learning System for User Targeting},"Yang, D and Hu, B and Yang, X and Shen, Y and Zhang, Z and Gu, J and Zhang, G",2023,,10.1109/ICDE55515.2023.00249,"With the growing popularity of various mobile devices, user targeting has received a growing amount of attention, which aims at effectively and efficiently locating target users that are interested in specific services. Most pioneering works for user targeting tasks commonly perform similarity-based expansion with a few active users as seeds, suffering from the following major issues: the unavailability of seed users for new-coming services and the unfriendliness of black-box procedures towards marketers. In this paper, we design an Entity Graph Learning (EGL) system to provide explainable user targeting ability meanwhile applicable to addressing the cold-start issue. EGL System follows the hybrid online-offline architecture to satisfy the requirements of scalability and timeliness. Specifically, in the offline stage, the system focuses on the heavyweight entity graph construction and user entity preference learning, in which we propose a Three-stage Relation Mining Procedure (TRMP), breaking loose from the expensive seed users. At the online stage, the system offers the ability of user targeting in real-time based on the entity graph from the offline stage. Since the user targeting process is based on graph reasoning, the whole process is transparent and operation-friendly to marketers. Finally, extensive offline experiments and online A/B testing demonstrate the superior performance of the proposed EGL System.","Data engineering,Data models,Learning systems,Mobile handsets,Performance evaluation,Real-time systems,Scalability,contrastive learning,entity graph construction,graph neural networks,user targeting",0.6494491,0.46389374,0.36886775,0.4390131,0.25,0.08333333333333333,0.2222222222222222,,,,
3,3312,164,True,171,25,{OpenTag: Open aribute value extraction from product profiles},"Zheng, G and Mukherjee, S and Dong, X L and Li, F",2018,,10.1145/3219819.3219839,"Extraction of missing attribute values is to nd values describing an attribute of interest from a free text input. Most past related work on extraction of missing attribute values work with a closed world assumption with the possible set of values known beforehand, or use dictionaries of values and hand-crafted features. How can we discover new attribute values that we have never seen before? Can we do this with limited human annotation or supervision? We study this problem in the context of product catalogs that often have missing values for many attributes of interest. In this work, we leverage product prole information such as titles and descriptions to discover missing values of product attributes. We develop a novel deep tagging model OpenTag for this extraction problem with the following contributions: (1) we formalize the problem as a sequence tagging task, and propose a joint model exploiting recurrent neural networks (specically, bidirectional LSTM) to capture context and semantics, and Conditional Random Fields (CRF) to enforce tagging consistency; (2) we develop a novel attention mechanism to provide interpretable explanation for our model's decisions; (3) we propose a novel sampling strategy exploring active learning to reduce the burden of human annotation. OpenTag does not use any dictionary or hand-crafted features as in prior works. Extensive experiments in real-life datasets in dierent domains show that OpenTag with our active learning strategy discovers new attribute values from as few as 150 annotated samples (reduction in 3.3x amount of annotation eort) with a high F-score of 83%, outperforming state-of-the-art models. {\textcopyright}2018 Association for Computing Machinery.","Active learning strategies,Attention mechanisms,Closed world assumption,Conditional random field,Data mining,Extraction,Human annotations,Long short-term memory,Product attributes,Random processes,Real life datasets,Sampling strategies,Semantics",0.5950598,0.42504418,0.3934481,0.44385105,0.125,0.08333333333333333,0.2222222222222222,,,,
3,3318,165,True,171,25,{Multi-view Denoising Graph Auto-Encoders on Heterogeneous Information Networks for Cold-start Recommendation},"Zheng, J W and Ma, Q L and Gu, H and Zheng, Z J and MACHINERY, ASSOC COMP",2021,,10.1145/3447548.3467427,"Cold-start recommendation is a challenging problem due to the lack of user-item interactions. Recently, heterogeneous information network (HIN)-based recommendation methods use rich auxiliary information to enhance users and items' connections, helping alleviate the cold-start problem. Despite progress, most existing methods model HINs under traditional supervised learning settings, ignoring the gaps between training and inference procedures in cold-start scenarios. In this paper, we regard cold-start recommendation as a missing data problem where some user-item interaction data are missing. Inspired by denoising auto-encoders that train a model to reconstruct the input from its corrupted version, we propose a novel model called Multi-view Denoising Graph Auto Encoders (MvDGAE) on HINS. Specifically, we first extract multifaceted meaningful semantics on HINs as multi-views for both users and items, effectively enhancing user/item relationships on different aspects. Then we conduct the training procedure by randomly dropping out some user-item interactions in the encoder while forcing the decoder to use these limited views to recover the full views, including the missing ones. In this way, the complementary representations for both users and items are more informative and robust to adjust to cold-start scenarios. Moreover, the decoder's reconstruction goals are multi-view user-user and item-item relationship graphs rather than the original input graphs, which make the features of similar users (or items) in the meta-paths closer together. Finally, we adopt a Bayesian task weight learner to balance multi-view graph reconstruction objectives automatically. Extensive experiments on both public benchmark datasets and a large-scale industry dataset WeChat Channel demonstrate that MvDGAE significantly outperforms the state-of-the-art recommendation models in various cold-start scenarios. The case studies also illustrate that MvDGAE has potentially good interpretability.",,0.7224553,0.51604116,0.31980062,0.42046428,0.125,0.0,0.1111111111111111,,,,
3,3336,166,True,171,25,{Decoupled Hyperbolic Graph Attention Network for Modeling Substitutable and Complementary Item Relationships},"Zhou, Z and Wang, T and Hou, L and Zhou, X and Ma, M and Ding, Z",2022,,10.1145/3511808.3557281,"Modeling substitutable and complementary item relationships is a fundamental and important topic for recommendation in e-commerce online scenarios. In the real world, item relationships are usually coupled, heterogeneous and they also have abundant side information and hierarchical data structures. Recently, to take full advantage of both sides information and topological structure, graph neural networks are widely explored in relationship modeling. However, the existing methods are crude in decoupling heterogeneous relationships. Their model designs lack deep insight of relationships' coupling mode, i.e. neglects the prior knowledge of how relationships affect each other. In addition, many existing graph methods, regardless of how they handle coupled relationships, are deployed in Euclidean spaces, which distorts hierarchical data structure and limits the expressive power due to the non power law characteristic of Euclidean topology. In this paper, we propose a novel Decoupled Hyperbolic Graph Attention Network (DHGAN). The innovations of our DHGAN can be highlighted as two aspects. Firstly, we design metapaths in an adequate way following an algebraic perspective of relationships coupling mode, which helps achieving better model interpretability. Secondly, DHGAN maps heterogeneous relationships into separate hyperbolic spaces, which can better capture the hierarchical information of graph nodes and helps improving model's representational capacity. We conduct extensive experiments on three public real-world datasets, demonstrating DHGAN is superior to the state-of-the-art graph baselines. We release the codes at https://github.com/wt-tju/DHGAN. {\textcopyright}2022 ACM.","Algebra,Algebraic perspective,Coupling mode,Data structures,E- commerces,Graph neural networks,Hierarchical data structure,Hyperbolic graphs,Hyperbolic spaces,Real-world,Side information,Substitutable and complementary item relationship,Topology,algebraic perspective,graph neural networks,hyperbolic space,substitutable and complementary item relationships",0.6781861,0.4844202,0.32976997,0.416874,0.125,0.08333333333333333,0.2222222222222222,,,,
3,3355,168,True,171,25,{Progressive Self-Attention Network with Unsymmetrical Positional Encoding for Sequential Recommendation},"Zhu, Y and Huang, B and Jiang, S and Yang, M and Yang, Y and Zhong, W",2022,,10.1145/3477495.3531800,"In real-world recommendation systems, the preferences of users are often affected by long-term constant interests and short-term temporal needs. The recently proposed Transformer-based models have proved superior in the sequential recommendation, modeling temporal dynamics globally via the remarkable self-attention mechanism. However, all equivalent item-item interactions in original self-attention are cumbersome, failing to capture the drifting of users' local preferences, which contain abundant short-term patterns. In this paper, we propose a novel interpretable convolutional self-attention, which efficiently captures both short- and long-term patterns with a progressive attention distribution. Specifically, a down-sampling convolution module is proposed to segment the overall long behavior sequence into a series of local subsequences. Accordingly, the segments are interacted with each item in the self-attention layer to produce locality-aware contextual representations, during which the quadratic complexity in original self-attention is reduced to nearly linear complexity. Moreover, to further enhance the robust feature learning in the context of Transformers, an unsymmetrical positional encoding strategy is carefully designed. Extensive experiments are carried out on real-world datasets, \eg ML-1M, Amazon Books, and Yelp, indicating that the proposed method outperforms the state-of-the-art methods w.r.t. both effectiveness and efficiency. {\textcopyright}2022 ACM.","Attention mechanisms,Behavior sequences,Complex networks,Convolution,Down sampling,Encoding (symbols),Encodings,Interpretability,Locality aware,Network coding,Progressive self-attention,Real-world,Recommender systems,Sequential recommendation,Steel beams and girders,Temporal dynamics,User profile,interpretability,progressive self-attention,sequential recommendation",0.64005315,0.45718232,0.30180097,0.386364,0.125,0.08333333333333333,0.2222222222222222,,,,
3,3358,169,True,171,25,{Knowledge-refined Denoising Network for Robust Recommendation},"Zhu, X and Du, Y and Mao, Y and Chen, L and Hu, Y and Gao, Y",2023,,10.1145/3539618.3591707,"Knowledge graph (KG), which contains rich side information, becomes an essential part to boost the recommendation performance and improve its explainability. However, existing knowledge-aware recommendation methods directly perform information propagation on KG and user-item bipartite graph, ignoring the impacts of task-irrelevant knowledge propagation and vulnerability to interaction noise, which limits their performance. To solve these issues, we propose a robust knowledge-aware recommendation framework, called Knowledge-refined Denoising Network (KRDN), to prune the task-irrelevant knowledge associations and noisy implicit feedback simultaneously. KRDN consists of an adaptive knowledge refining strategy and a contrastive denoising mechanism, which are able to automatically distill high-quality KG triplets for aggregation and prune noisy implicit feedback respectively. Besides, we also design the self-adapted loss function and the gradient estimator for model optimization. The experimental results on three benchmark datasets demonstrate the effectiveness and robustness of KRDN over the state-of-the-art knowledge-aware methods like KGIN, MCCLK, and KGCL, and also outperform robust recommendation models like SGL and SimGCL. The implementations are available at https://github.com/xj-zhu98/KRDN. {\textcopyright}2023 Copyright held by the owner/author(s). Publication rights licensed to ACM.","Backpropagation,De-noising,Feedback,Graph Neural Network,Graph neural networks,Implicit feedback,Information dissemination,Information propagation,Irrelevant knowledge,Knowledge Graph,Knowledge graph,Knowledge graphs,Knowledge management,Recommendation,Recommendation methods,Recommendation performance,Recommender systems,Side information",0.7281754,0.52012694,0.28143704,0.39312163,0.125,0.08333333333333333,0.2222222222222222,,,,
4,130,6,True,147,22,{XCS with opponent modelling for concurrent reinforcement learners},"Chen, H and Wang, C and Huang, J and Kong, J and Deng, H",2020,Neurocomputing,10.1016/j.neucom.2020.02.118 LK - https://unimib.on.worldcat.org/atoztitles/link?sid=EMBASE&sid=EMBASE&issn=18728286&id=doi:10.1016%2Fj.neucom.2020.02.118&atitle=XCS+with+opponent+modelling+for+concurrent+reinforcement+learners&stitle=Neurocomputing&title=Neurocomputing&volume=399&issue=&spage=449&epage=466&aulast=Chen&aufirst=Hao&auinit=H.&aufull=Chen+H.&coden=NRCGE&isbn=&pages=449-466&date=2020&auinit1=H&auinitm=,"Reinforcement learning (RL) of optimal policies against an opponent agent also with learning capability is still challenging in Markov games. A variety of algorithms have been proposed for solving this problem such as the traditional Q-learning-based RL (QbRL) algorithms as well as the state-of-the-art neural-network-based RL (NNbRL) algorithms. However, the QbRL approaches have poor generalization capability for complex problems with non-stationary opponents, while the learned policies by NNbRL algorithms are lack of explainability and transparency. In this paper, we propose an algorithm X-OMQ($\lambda$) that integrates eXtended Classifier System (XCS) with opponent modelling for concurrent reinforcement learners in zero-sum Markov Games. The algorithm can learn general, accurate, and interpretable action selection rules and allow policy optimization using the genetic algorithm (GA). Besides, the X-OMQ($\lambda$) agent optimizes the established opponent's model while simultaneously learning to select actions in a goal-directed manner. In addition, we use the eligibility trace mechanism to further speed up the learning process. In the reinforcement component, not only the classifiers in the action set are updated, but other relevant classifiers are also updated in a certain proportion. We demonstrate the performance of the proposed algorithm in the hunter prey problem and two adversarial soccer scenarios where the opponent is allowed to learn with several benchmark QbRL and NNbRL algorithms. The results show that our method has similar learning performance with the NNbRL algorithms while our method requires no prior knowledge of the opponent or the environment. Moreover, the learned action selection rules are also interpretable while having generalization capability.","Q learning,article,artificial neural network,classifier,genetic algorithm,human,reinforcement learning (machine learning),soccer,velocity",0.65444916,0.44309425,0.39676738,0.46118784,0.375,0.16666666666666666,0.2222222222222222,,,,
4,427,17,True,147,22,{Holistic transformer: A joint neural network for trajectory prediction and decision-making of autonomous vehicles},"Hu, H and Wang, Q and Zhang, Z and Li, Z and Gao, Z",2023,Pattern Recognition,10.1016/j.patcog.2023.109592,"Trajectory prediction and behavioral decision-making are two important tasks for autonomous vehicles that require a good understanding of the environmental context. Notably, behavioral decisions are better made by referring to the outputs of trajectory predictions. However, most current solutions perform these tasks separately. Therefore, this paper proposes a new joint holistic transformer network that combines multiple cues to predict trajectories and make behavioral decisions simultaneously. To better explore the intrinsic relationships among cues, the network uses existing knowledge and adopts three kinds of attention mechanisms: the sparse multi-head type for reducing noise impact, feature selection sparse type for optimally using partial prior knowledge, and multi-head with sigmoid activation type for optimally using posteriori knowledge. Compared with other trajectory prediction models, the proposed model has a better comprehensive performance and good interpretability. Perceptual noise robustness experiments demonstrate that the proposed model has good noise robustness. Thus, simultaneous trajectory prediction and behavioral decision-making combining multiple cues are accomplished, which reduces computational costs and enhances semantic relationships between scenes and agents. {\textcopyright}2023 Elsevier Ltd","Autonomous Vehicles,Autonomous vehicles,Behavioral decision makings,Decision making,Decision-making,Decisions makings,Environmental contexts,Forecasting,Holistic transformer,Multiple cues,Neural-networks,Noise pollution,Noise robustness,Prediction and decision,Semantics,Trajectories,Trajectory prediction",0.6555973,0.44387165,0.3223487,0.40566087,0.125,0.08333333333333333,0.2222222222222222,,,,
4,674,28,True,147,22,{Action-dependent bidirectional contrastive predictive coding for neural belief representations},"Liu, J and Sun, L and Pu, J and Yan, Y",2022,Neurocomputing,10.1016/j.neucom.2022.02.066 LK - https://unimib.on.worldcat.org/atoztitles/link?sid=EMBASE&sid=EMBASE&issn=18728286&id=doi:10.1016%2Fj.neucom.2022.02.066&atitle=Action-dependent+bidirectional+contrastive+predictive+coding+for+neural+belief+representations&stitle=Neurocomputing&title=Neurocomputing&volume=488&issue=&spage=284&epage=298&aulast=Liu&aufirst=Jianfeng&auinit=J.&aufull=Liu+J.&coden=NRCGE&isbn=&pages=284-298&date=2022&auinit1=J&auinitm=,"The key to solving the complex, partially observable Markov decision process (POMDP) with high-dimensional observations lies in explicit belief representations. However, the existing methods generally adopted the black-box model for shaping beliefs, which is inefficient and lacks interpretability. Due to this reason, the action-dependent bidirectional contrastive predictive coding (BCPC|Action) is proposed in this paper, in which the observation features are extracted efficiently through self-supervised contrastive learning. Owing to the bottleneck belief constraints in the bidirectional model, the upper bound of prediction errors is effectively reduced. Besides, the forward prediction is optimized by the guidance of an easier trainable backward prediction; thus, the bidirectional match regularization (BMR) could be derived for stabilizing the training process. More importantly, the interpretability of the learned belief representation is thoroughly explored based on the gradient truncation. Simulation results verify the effectiveness of the presented method; apart from achieving highly accurate belief tracking, the state uncertainties could be characterized reasonably, which provides a guarantee for solving the POMDP optimal policy for downstream tasks.","Markov decision process,article,human,learning,prediction error,simulation,uncertainty",0.581143,0.39346242,0.39904726,0.4445712,0.125,0.08333333333333333,0.1111111111111111,,,,
4,904,33,True,147,22,{Causally aware reinforcement learning agents for autonomous cyber defence},"Purves, T and Kyriakopoulos, K G and Jenkins, S and Phillips, I and Dudman, T",2024,KNOWLEDGE-BASED SYSTEMS,10.1016/j.knosys.2024.112521,"Artificial Intelligence (AI) is seen as a disruptive solution to the ever increasing security threats on network infrastructures. To automate the process of defending networked environments from such threats, approaches such as Reinforcement Learning (RL) have been used to train agents in cyber adversarial games. One primary challenge is how contextual information could be integrated into RL models to create agents which adapt their behaviour to adversarial posture. Two desirable characteristics identified for such models are that they should be interpretable and causal. To address this challenge, we propose an approach through the integration of a causal rewards model with a modified Proximal Policy Optimisation (PPO) agent in Meta's MBRL-Lib framework. Our RL agents are trained and evaluated against a range of cyber-relevant scenarios in the Dstl YAWNING-TITAN (YT) environment. We have constructed and experimented with two types of reward functions to facilitate the agent's learning process. Evaluation metrics include, among others, games won by the defence agent (blue wins), episode length, healthy nodes and isolated nodes. Results show that, over all scenarios, our causally aware agent achieves better performance than causally- blind state-of-the-art benchmarks in these scenarios for the above evaluation metrics. In particular, with our proposed High Value Target (HVT) rewards function, which aims not to disrupt HVT nodes, the number of isolated nodes is improved by 17% and 18% against the model-free and Neural Network (NN) model-based agents across all scenarios. More importantly, the overall performance improvement for the blue wins metric exceeded that of model-free and NN model-based agents by 40% and 17%, respectively, across all scenarios.",,0.67435056,0.4565685,0.39339018,0.46363026,0.125,0.0,0.2222222222222222,,,,
4,994,36,True,147,22,{A Survey of Learning Classifier Systems in Games},"Shafi, K and Abbass, H A",2017,IEEE COMPUTATIONAL INTELLIGENCE MAGAZINE,10.1109/MCI.2016.2627670,"ames are becoming increasingly indispensable, not only for fun but also to support tasks that are more serious, such as education, strategic planning, and understanding of complex phenomena. Computational intelligence- based methods are contributing significantly to this development. Learning Classifier Systems (LCS) is a pioneering computational intelligence approach that combines machine learning methods with evolutionary computation, to learn problem solutions in the form of interpretable rules. These systems offer several advantages for game applications, including a powerful and flexible agent architecture built on a knowledgebased symbolic modeling engine; modeling flexibility that allows integrating domain knowledge and different machine learning mechanisms under a single computational framework; an ability to adapt to diverse game requirements; and an ability to learn and generate creative agent behaviors in real-time dynamic environments. We present a comprehensive and dedicated survey of LCS in computer games. The survey highlights the versatility and advantages of these systems by reviewing their application in a variety of games. The survey is organized according to a general game classification and provides an opportunity to bring this important research direction into the public eye. We discuss the strengths and weaknesses of the existing approaches and provide insights into important future research directions.",,0.64667785,0.43783268,0.33819914,0.41531882,0.125,0.25,0.0,,,,
4,1056,40,True,147,22,{Event-triggered constrained control using explainable global dual heuristic programming for nonlinear discrete-time systems},"Sun, B and van Kampen, E.-J.",2022,Neurocomputing,10.1016/j.neucom.2021.10.046 LK - https://unimib.on.worldcat.org/atoztitles/link?sid=EMBASE&sid=EMBASE&issn=18728286&id=doi:10.1016%2Fj.neucom.2021.10.046&atitle=Event-triggered+constrained+control+using+explainable+global+dual+heuristic+programming+for+nonlinear+discrete-time+systems&stitle=Neurocomputing&title=Neurocomputing&volume=468&issue=&spage=452&epage=463&aulast=Sun&aufirst=Bo&auinit=B.&aufull=Sun+B.&coden=NRCGE&isbn=&pages=452-463&date=2022&auinit1=B&auinitm=,"This paper develops an event-triggered optimal control method that can deal with asymmetric input constraints for nonlinear discrete-time systems. The implementation is based on an explainable global dual heuristic programming (XGDHP) technique. Different from traditional GDHP, the required derivatives of cost function in the proposed method are computed by explicit analytical calculations, which makes XGDHP more explainable. Besides, the challenge caused by the input constraints is overcome by the combination of a piece-wise utility function and a bounding layer of the actor network. Furthermore, an event-triggered mechanism is introduced to decrease the amount of computation, and the stability analysis is provided with fewer assumptions compared to most existing studies that investigate event-triggered discrete-time control using adaptive dynamic programming. Two simulation studies are carried out to demonstrate the applicability of the constructed approach. The results present that the developed event-triggered XGDHP algorithm can substantially save the computational load, while maintain comparable performance with the time-based approach.","algorithm,article,artificial intelligence,calculation,controlled study,simulation,utility value",0.32476723,0.21988341,0.575577,0.5128746,0.125,0.08333333333333333,0.2222222222222222,,,,
4,1176,44,True,147,22,{An Efficient Deep Reinforcement Learning-based Car-following Method via Rule-constrained Data Augmentation},"Wang, X and Dai, B and Miao, Q and Nie, Y and Shang, E",2024,IEEE Transactions on Intelligent Vehicles,10.1109/TIV.2024.3367720,"This paper introduces a data augmentation method based on control theory and rule constraints, aiming to address the insufficient coverage issue in existing vehicle trajectory datasets. Grounded in control theory, the method combines the motion and safety rules of driving vehicles for data augmentation. It exhibits high interpretability, credibility, a minimal and controllable set of parameters, while maintaining physical feasibility. Additionally, a one-step Markov Decision Process is introduced to model the car following task as a short-term decision problem, adapting to unpredictable variations in the generated trajectories. Experimental results demonstrate that the proposed rule-constrained data augmentation method significantly enhances the model's performance in addressing car following issues, showcasing strong adaptability and generalization capabilities.","Adaptation models,Automobiles,Behavioral sciences,Car Following,Data Augmentation,Data augmentation,Data models,Deep Reinforcement Learning,Mathematical models,One-step MDP,Trajectory",0.68636256,0.46470124,0.32300174,0.41384196,0.125,0.25,0.1111111111111111,,,,
4,1302,50,True,147,22,{Explainable Pedestrian Crossing Intention Prediction Based On Multi-Task Mutual Guidance Network},"Yang, B and Fan, Z and Hu, H and Hu, C and Ni, R",2024,IEEE Transactions on Intelligent Vehicles,10.1109/TIV.2024.3426970,"It is challenging to precisely predict pedestrian crossing intentions in autonomous driving, which requires combining changing traffic scene with dynamic pedestrian behaviors. Past studies have always resorted to pedestrians' historical behaviors to forecast their crossing intentions. However, pedestrians' crossing intentions are more related to their future behaviors. Moreover, deep learning-based crossing intention prediction lacks interpretability, limiting the practical application in intelligent vehicles. To tackle the mentioned issues, we propose a MultiTask Mutual Guidance Network (MTMGN), which optimizes the primary task of pedestrian crossing intention prediction by introducing an auxiliary task of pedestrian posture generation. The crossing intention prediction task consists of two modules: (1) A multi-source input fusion module is proposed to extract context-constraint features based on multiple inputs, including historical pedestrian postures, semantic segmentation maps, and pedestrian-vehicle distances. (2) A future posture injection module is proposed to forecast whether the pedestrian will cross based on context-constraint features and generated future postures. The pedestrian posture generation task leverages the conditional diffusion model to generate future pedestrian postures that adhere to the traffic scene based on the extracted context-constraint features. MTMGN is evaluated on two public datasets, JAAD and PIE, with F1/Recall values of 73%/89% and 92%/90%, respectively. Both qualitative and quantitative evaluations indicate that MTMGN can precisely anticipate pedestrians' crossing intentions, benefitting from the generated pedestrian postures. Moreover, the generated postures provide intuitionistic interpretability for crossing intention prediction.","Diffusion models,Feature extraction,Multitasking,Pedestrians,Predictive models,Roads,Task analysis,grap,pedestrian behaviors,pedestrian crossing intention",0.5959995,0.40352097,0.27294564,0.3537091,0.25,0.08333333333333333,0.1111111111111111,,,,
4,1450,55,True,147,22,{Sample-efficient reinforcement learning with knowledge-embedded hybrid model for optimal control of mining industry},"Zheng, J and Jia, R and Liu, S and He, D and Li, K and Wang, F",2024,Expert Systems with Applications,10.1016/j.eswa.2024.124402,"The froth flotation process is a cost-effective and widely employed method for mineral separation. A core challenge is to maximize mineral recovery while maintaining a specified minimum concentrate grade. This requires precise control of aeration and slurry level and overcoming disturbances. The rapid advancements in reinforcement learning present a promising approach for controlling froth flotation. However, reinforcement learning suffers from sample inefficiency, which significantly hampers its application to real-world problems. In this research, we proposed an innovative sample-efficient model-based reinforcement learning algorithm to enhance flotation performance by directly leveraging the dynamics of the slurry phase. Our proposed algorithm involves the construction of a hybrid model, comprising a physical model and a data residual model, which effectively learns the underlying dynamics of the flotation process during the interaction between the reinforcement learning agent and process. The physical model integrates domain knowledge into the hybrid model to expedite the training process and enhance the interpretability and generalizability of the hybrid model. To capture uncertainty and address unmodeled aspects of the physical model, we employ an ensemble data residual model. Actor and critic are augmented with fuzzy representation modules based on fuzzy logic inference to improve the learning capacity of the networks and the multi-head critic is applied to reduce overestimation biases and enhance training stability. Case studies demonstrate that, compared to the baseline algorithm, our proposed algorithm requires merely 86.8% of the samples employed by conventional model-based reinforcement learning algorithm and improves the long-term return by at least 12.0%, underscoring the role of domain knowledge in facilitating efficient reinforcement learning. {\textcopyright}2024 Elsevier Ltd","Cost effectiveness,Domain Knowledge,Ensemble learning,Froth flotation,Froth flotation process,Fuzzy logic,Fuzzy representation,Fuzzy representations,Hybrid model,Industrial optimal control,Learning algorithms,Learning systems,Model-based reinforcement learning,Optimal controls,Physical modelling,Reinforcement learning,Reinforcement learning algorithms,Reinforcement learnings",0.6061572,0.41039827,0.3790865,0.43585417,0.125,0.16666666666666666,0.1111111111111111,,,,
4,1471,57,True,147,22,{HKTSG: A Hierarchical Knowledge-guided Traffic Scene Graph Representation Learning Framework for Intelligent Vehicles},"Zhou, Y and Liu, X and Guo, Z and Cai, M and Gou, C",2024,IEEE Transactions on Intelligent Vehicles,10.1109/TIV.2024.3384989,"Autonomous driving, propelled by data-driven approaches, has made significant advancements. However, challenges remain, particularly in achieving human-like cognitive capabilities within complex traffic scenarios and addressing limitations in model reliability and interpretability. To address these challenges, we draw inspiration from neuroscience and propose the Hierarchical Knowledge-Guided Traffic Scene Graph Representation Learning Framework, denoted as HKTSG. This framework integrates a human-like hierarchical cognition process into a data-driven learning paradigm, leveraging both domain-general and domain-specific knowledge. It systematically learns the visual features of global environments, spatial relations, dynamic interactions among all traffic instances, as well as the distinctive behavioral patterns and intrinsic associations of pedestrians and vehicles. HKTSG facilitates mutual learning across multiple levels and instances, fostering a comprehensive understanding of complex traffic scenarios. Extensive experiments demonstrate the effectiveness and versatility of our framework, consistently achieving state-of-the-art performance across diverse datasets and tasks, including IESG and Non-IESG for the pedestrian collision prediction task, and 571-Honda and 1043-Carla for the subjective risk assessment task.","Feature extraction,Human Cognition,Intelligent Vehicle,Knowledge-guided,Pedestrian Collision Prediction,Pedestrians,Reliability,Risk Assessment,Risk management,Task analysis,Traffic Scene Graph,Vehicle dynamics,Visualization",0.6560483,0.44417697,0.29948068,0.38862258,0.125,0.08333333333333333,0.0,,,,
4,1655,67,True,147,22,"{MP3: A Unified Model to Map, Perceive, Predict and Plan}","Casas, S and Sadat, A and Urtasun, R",2021,,10.1109/CVPR46437.2021.01417,"High-definition maps (HD maps) are a key component of most modern self-driving systems due to their valuable semantic and geometric information. Unfortunately, building HD maps has proven hard to scale due to their cost as well as the requirements they impose in the localization system that has to work everywhere with centimeter-level accuracy. Being able to drive without an HD map would be very beneficial to scale self-driving solutions as well as to increase the failure tolerance of existing ones (e.g., if localization fails or the map is not up-to-date). Towards this goal, we propose MP3, an end-to-end approach to mapless1 driving where the input is raw sensor data and a high-level command (e.g., turn left at the intersection). MP3 predicts intermediate representations in the form of an online map and the current and future state of dynamic agents, and exploits them in a novel neural motion planner to make interpretable decisions taking into account uncertainty. We show that our approach is significantly safer, more comfortable, and can follow commands better than the baselines in challenging long-term closed-loop simulations, as well as when compared to an expert driver in a large-scale real-world dataset.","Computational modeling,Location awareness,Measurement,Predictive models,Semantics,Training,Uncertainty",0.6206951,0.42024112,0.3105247,0.3880673,0.125,0.0,0.1111111111111111,,,,
4,1761,74,True,147,22,{Differentiable Synthesis of Program Architectures},"Cui, G and Zhu, H",2021,,,"Differentiable programs have recently attracted much interest due to their interpretability, compositionality, and their efficiency to leverage differentiable training. However, synthesizing differentiable programs requires optimizing over a combinatorial, rapidly exploded space of program architectures. Despite the development of effective pruning heuristics, previous works essentially enumerate the discrete search space of program architectures, which is inefficient. We propose to encode program architecture search as learning the probability distribution over all possible program derivations induced by a context-free grammar. This allows the search algorithm to efficiently prune away unlikely program derivations to synthesize optimal program architectures. To this end, an efficient gradient-descent based method is developed to conduct program architecture search in a continuous relaxation of the discrete space of grammar rules. Experiment results on four sequence classification tasks demonstrate that our program synthesizer excels in discovering program architectures that lead to differentiable programs with higher F1 scores, while being more efficient than state-of-the-art program synthesis methods. {\textcopyright}2021 Neural information processing systems foundation. All rights reserved.","Compositionality,Context free grammars,Context-free grammars,Continuous relaxation,Gradient methods,Gradient-descent,Interpretability,Optimization,Probability distributions,Probability: distributions,Program architecture,Program derivation,Search Algorithms,Search spaces",0.5085987,0.3443463,0.37182105,0.40601546,0.125,0.08333333333333333,0.2222222222222222,,,,
4,2048,86,True,147,22,{A Self-Organizing Neuro-Fuzzy Q-Network: Systematic Design with Offline Hybrid Learning},"Hostetter, J W and Abdelshiheed, M and Barnes, T and Chi, M",2023,,,"In this paper, we propose a systematic design process for automatically generating self-organizing neuro-fuzzy Q-networks by leveraging unsupervised learning and an offline, model-free fuzzy reinforcement learning algorithm called Fuzzy Conservative Q-learning (FCQL). Our FCQL offers more effective and interpretable policies than deep neural networks, facilitating human-in-the-loop design and explainability. The effectiveness of FCQL is empirically demonstrated in Cart Pole and in an Intelligent Tutoring System that teaches probability principles to real humans. {\textcopyright}2023 International Foundation for Autonomous Agents and Multiagent Systems (www.ifaamas.org). All rights reserved.","Autonomous agents,Computer aided instruction,Deep neural networks,Design,E-learning,Fuzzy Logic Control,Fuzzy inference,Fuzzy logic control,Fuzzy neural networks,Hybrid Learning,Hybrid learning,ITS,Intelligent agents,Learning algorithms,Multi agent systems,Neuro-Fuzzy,Offline,Offline Reinforcement Learning,Offline reinforcement learning,Pedagogical Policy,Pedagogical policy,Q-learning,Reinforcement learning,Reinforcement learnings,Self-organising,Unsupervised Learning,Unsupervised learning",0.5278556,0.3573842,0.44572377,0.46625674,0.25,0.08333333333333333,0.2222222222222222,,,,
4,2065,87,True,147,22,{Malicious Attacks against Deep Reinforcement Learning Interpretations},"Huai, M D and Sun, J H and Cai, R Q and Yao, L Y and Zhang, A D and MACHINERY, ASSOC COMP",2020,,10.1145/3394486.3403089,"The past years have witnessed the rapid development of deep reinforcement learning (DRL), which is a combination of deep learning and reinforcement learning (RL). However, the adoption of deep neural networks makes the decision-making process of DRL opaque and lacking transparency. Motivated by this, various interpretation methods for DRL have been proposed. However, those interpretation methods make an implicit assumption that they are performed in a reliable and secure environment. In practice, sequential agent-environment interactions expose the DRL algorithms and their corresponding downstream interpretations to extra adversarial risk. In spite of the prevalence of malicious attacks, there is no existing work studying the possibility and feasibility of malicious attacks against DRL interpretations. To bridge this gap, in this paper, we investigate the vulnerability of DRL interpretation methods. Specifically, we introduce the first study of the adversarial attacks against DRL interpretations, and propose an optimization framework based on which the optimal adversarial attack strategy can be derived. In addition, we study the vulnerability of DRL interpretation methods to the model poisoning attacks, and present an algorithmic framework to rigorously formulate the proposed model poisoning attack. Finally, we conduct both theoretical analysis and extensive experiments to validate the effectiveness of the proposed malicious attacks against DRL interpretations.",,0.69285494,0.4690969,0.2967019,0.39574015,0.125,0.0,0.3333333333333333,,,,
4,2368,100,True,147,22,{Learning Tree Interpretation from Object Representation for Deep Reinforcement Learning},"Liu, G and Sun, X and Schulte, O and Poupart, P",2021,,,"Interpreting Deep Reinforcement Learning (DRL) models is important to enhance trust and comply with transparency regulations. Existing methods typically explain a DRL model by visualizing the importance of low-level input features with superpixels, attentions, or saliency maps. Our approach provides an interpretation based on high-level latent object features derived from a disentangled representation. We propose a Represent And Mimic (RAMi) framework for training 1) an identifiable latent representation to capture the independent factors of variation for the objects and 2) a mimic tree that extracts the causal impact of the latent features on DRL action values. To jointly optimize both the fidelity and the simplicity of a mimic tree, we derive a novel Minimum Description Length (MDL) objective based on the Information Bottleneck (IB) principle. Based on this objective, we describe a Monte Carlo Regression Tree Search (MCRTS) algorithm that explores different splits to find the IB-optimal mimic tree. Experiments show that our mimic tree achieves strong approximation performance with significantly fewer nodes than baseline models. We demonstrate the interpretability of our mimic tree by showing latent traversals, decision rules, causal impacts, and human evaluation results. {\textcopyright}2021 Neural information processing systems foundation. All rights reserved.","Deep learning,Image segmentation,Information bottleneck,Information bottleneck principles,Input features,Learning actions,Minimum description length,Object representations,Regression trees,Reinforcement learning,Reinforcement learning models,Saliency map,Tree search algorithm,Trees (mathematics)",0.7162982,0.4849691,0.2868606,0.39422,0.25,0.08333333333333333,0.2222222222222222,,,,
4,2599,109,True,147,22,{Inherently Explainable Reinforcement Learning in Natural Language},"Peng, X Y and Xing, C and Choubey, P K and Wu, C S and Xiong, C M",2022,,,"We focus on the task of creating a reinforcement learning agent that is inherently explainable-with the ability to produce immediate local explanations by thinking out loud while performing a task and analyzing entire trajectories post-hoc to produce temporally extended explanations. This Hierarchically Explainable Reinforcement Learning agent (HEX-RL), (1) operates in Interactive Fictions, text-based game environments in which an agent perceives and acts upon the world using textual natural language. These games are usually structured as puzzles or quests with long-termdependencies in which an agent must complete a sequence of actions to succeed-providing ideal environments in which to test an agent's ability to explain its actions. Our agent is designed to treat explainability as a first-class citizen, using an extracted symbolic knowledge graph-based (KG) state representation coupled with a Hierarchical Graph Attention mechanism that points to the facts in the internal graph representation that most influenced the choice of actions. Experiments show that this agent provides significantly improved explanations over strong baselines, as rated by human participants generally unfamiliar with the environment, while also matching state-of-the-art task performance.",,0.7194348,0.48709273,0.27983528,0.38973516,0.125,0.16666666666666666,0.0,,,,
4,2796,119,True,147,22,{Mental Actions and Explainability in Kripkean Semantics: What Else Do I Know? (Student Abstract)},"Singh, S and Khemani, D and Intelligence, Assoc Advancement Artificial",2021,,,"The ability of an agent to distinguish the ramification effects of an action from its direct effects adds value to the explainability of its decisions. In this work, we propose to encode the ramification effects of ontic and epistemic actions as single-point update models in an epistemic planning domain modeled with Kripkean semantics of Knowledge and Belief. We call them ""mental actions"". We discuss a preliminary approach to realize our idea, and we conclude by pointing out some optimizations as our ongoing pursuit.",,0.4758998,0.32220754,0.476969,0.4767017,0.125,0.08333333333333333,0.0,,,,
4,2901,125,True,147,22,{Learning strategic network emergence games},"Trivedi, R and Zha, H",2020,,,"Real-world networks, especially the ones that emerge due to actions of animate agents (e.g. humans, animals), are the result of underlying strategic mechanisms aimed at maximizing individual or collective benefits. Learning approaches built to capture these strategic insights would gain interpretability and flexibility benefits that are required to generalize beyond observations. To this end, we consider a game-theoretic formalism of network emergence that accounts for the underlying strategic mechanisms and take it to the observed data. We propose MINE (Multi-agent Inverse models of Network Emergence mechanism), a new learning framework that solves Markov-Perfect network emergence games using multi-agent inverse reinforcement learning. MINE jointly discovers agents' strategy profiles in the form of network emergence policy and the latent payoff mechanism in the form of learned reward function. In the experiments, we demonstrate that MINE learns versatile payoff mechanisms that: highly correlates with the ground truth for a synthetic case; can be used to analyze the observed network structure; and enable effective transfer in specific settings. Further, we show that the network emergence game as a learned model supports meaningful strategic predictions, thereby signifying its applicability to a variety of network analysis tasks. {\textcopyright}2020 Neural information processing systems foundation. All rights reserved.","Game theory,Interpretability,Inverse models,Inverse reinforcement learning,Learning approach,Learning frameworks,Multi agent systems,Network structures,Real-world networks,Reinforcement learning,Reward function",0.65459144,0.4431906,0.37765658,0.4468903,0.125,0.08333333333333333,0.2222222222222222,,,,
4,2910,127,True,147,22,{Safe Exploration for Interactive Machine Learning},"Turchetta, M and Berkenkamp, F and Krause, A",2019,,,"In Interactive Machine Learning (IML), we iteratively make decisions and obtain noisy observations of an unknown function. While IML methods, e.g., Bayesian optimization and active learning, have been successful in applications, on real-world systems they must provably avoid unsafe decisions. To this end, safe IML algorithms must carefully learn about a priori unknown constraints without making unsafe decisions. Existing algorithms for this problem learn about the safety of all decisions to ensure convergence. This is sample-inefficient, as it explores decisions that are not relevant for the original IML objective. In this paper, we introduce a novel framework that renders any existing unsafe IML algorithm safe. Our method works as an add-on that takes suggested decisions as input and exploits regularity assumptions in terms of a Gaussian process prior in order to efficiently learn about their safety. As a result, we only explore the safe set when necessary for the IML problem. We apply our framework to safe Bayesian optimization and to safe exploration in deterministic Markov Decision Processes (MDP), which have been analyzed separately before. Our method outperforms other algorithms empirically.",,0.61471105,0.41618958,0.35775137,0.4219913,0.125,0.08333333333333333,0.0,,,,
4,3045,138,True,147,22,"{Perceive, Attend, and Drive: Learning Spatial Attention for Safe Self-Driving}","Wei, B and Ren, M and Zeng, W and Liang, M and Yang, B and Urtasun, R",2021,,10.1109/ICRA48506.2021.9561904,"In this paper, we propose an end-to-end self-driving network featuring a sparse attention module that learns to automatically attend to important regions of the input. The attention module specifically targets motion planning, whereas prior literature only applied attention in perception tasks. Learning an attention mask directly targeted for motion planning significantly improves the planner safety by performing more focused computation. Furthermore, visualizing the attention improves interpretability of end-to-end self-driving.","Automation,Conferences,Logic gates,Planning,Safety,Trajectory,Visualization",0.63251936,0.42824668,0.28765893,0.37387404,0.125,0.08333333333333333,0.1111111111111111,,,,
4,3274,144,True,147,22,{DANLI: Deliberative Agent for Following Natural Language Instructions},"Zhang, Y and Yang, J and Pan, J and Storks, S and Devraj, N and Ma, Z and Yu, K P and Bao, Y and Chai, J",2022,,10.18653/v1/2022.emnlp-main.83,"Recent years have seen an increasing amount of work on embodied AI agents that can perform tasks by following human language instructions. However, most of these agents are reactive, meaning that they simply learn and imitate behaviors encountered in the training data. These reactive agents are insufficient for long-horizon complex tasks. To address this limitation, we propose a neuro-symbolic deliberative agent that, while following language instructions, proactively applies reasoning and planning based on its neural and symbolic representations acquired from past experience (e.g., natural language and egocentric vision). We show that our deliberative agent achieves greater than 70% improvement over reactive baselines on the challenging TEACh benchmark. Moreover, the underlying reasoning and planning processes, together with our modular framework, offer impressive transparency and explainability to the behaviors of the agent. This enables an in-depth understanding of the agent's capabilities, which shed light on challenges and opportunities for future embodied agents for instruction following. The code is available at https://github.com/sled-group/DANLI. {\textcopyright}2022 Association for Computational Linguistics.","Complex task,Deliberative agents,Human language,Learn+,Natural languages,Neural representations,Reactive agent,Reasoning process,Symbolic representation,Training data",0.7007089,0.47441438,0.28867483,0.39168334,0.25,0.16666666666666666,0.1111111111111111,,,,
4,3333,146,True,147,22,{Non-crossing quantile regression for deep reinforcement learning},"Zhou, F and Wang, J and Feng, X",2020,,,"Distributional reinforcement learning (DRL) estimates the distribution over future returns instead of the mean to more efficiently capture the intrinsic uncertainty of MDPs. However, batch-based DRL algorithms cannot guarantee the non-decreasing property of learned quantile curves especially at the early training stage, leading to abnormal distribution estimates and reduced model interpretability. To address these issues, we introduce a general DRL framework by using non-crossing quantile regression to ensure the monotonicity constraint within each sampled batch, which can be incorporated with some well-known DRL algorithm. We demonstrate the validity of our method from both the theory and model implementation perspectives. Experiments on Atari 2600 Games show that some state-of-art DRL algorithms with the non-crossing modification can significantly outperform their baselines in terms of faster convergence speeds and better testing performance. In particular, our method can effectively recover the distribution information and thus dramatically increase the exploration efficiency when the reward space is extremely sparse. {\textcopyright}2020 Neural information processing systems foundation. All rights reserved.","Deep learning,Faster convergence,Interpretability,Monotonicity constraint,Non-crossing quantile regression,Reduced model,Reinforcement learning,Testing performance,Theory and modeling,Uncertainty analysis",0.62380904,0.4223494,0.3762046,0.4381057,0.125,0.08333333333333333,0.2222222222222222,,,,
5,97,1,True,121,18,{Investigating the understandability of XAI methods for enhanced user experience: When Bayesian network users became detectives},"Butz, R and Schulz, R and Hommersom, A and van Eekelen, M",2022,Artificial Intelligence in Medicine,10.1016/j.artmed.2022.102438 LK - https://unimib.on.worldcat.org/atoztitles/link?sid=EMBASE&sid=EMBASE&issn=18732860&id=doi:10.1016%2Fj.artmed.2022.102438&atitle=Investigating+the+understandability+of+XAI+methods+for+enhanced+user+experience%3A+When+Bayesian+network+users+became+detectives&stitle=Artif.+Intell.+Med.&title=Artificial+Intelligence+in+Medicine&volume=134&issue=&spage=&epage=&aulast=Butz&aufirst=Raphaela&auinit=R.&aufull=Butz+R.&coden=AIMEE&isbn=&pages=-&date=2022&auinit1=R&auinitm=,"In the medical domain, the uptake of an AI tool crucially depends on whether clinicians are confident that they understand the tool. Bayesian networks are popular AI models in the medical domain, yet, explaining predictions from Bayesian networks to physicians and patients is non-trivial. Various explanation methods for Bayesian network inference have appeared in literature, focusing on different aspects of the underlying reasoning. While there has been a lot of technical research, there is little known about the actual user experience of such methods. In this paper, we present results of a study in which four different explanation approaches were evaluated through a survey by questioning a group of human participants on their perceived understanding in order to gain insights about their user experience.","Bayesian network,adult,article,human",0.53521454,0.35128725,0.4182874,0.44751918,0.125,0.08333333333333333,0.1111111111111111,,,,
5,126,5,True,121,18,{Pima Indians diabetes mellitus classification based on machine learning (ML) algorithms},"Chang, V and Bailey, J and Xu, Q A and Sun, Z",2023,Neural Computing and Applications,10.1007/s00521-022-07049-z,"This paper proposes an e-diagnosis system based on machine learning (ML) algorithms to be implemented on the Internet of Medical Things (IoMT) environment, particularly for diagnosing diabetes mellitus (type 2 diabetes). However, the ML applications tend to be mistrusted because of their inability to show the internal decision-making process, resulting in slow uptake by end-users within certain healthcare sectors. This research delineates the use of three interpretable supervised ML models: Na{\""{i}}ve Bayes classifier, random forest classifier, and J48 decision tree models to be trained and tested using the Pima Indians diabetes dataset in R programming language. The performance of each algorithm is analyzed to determine the one with the best accuracy, precision, sensitivity, and specificity. An assessment of the decision process is also made to improve the model. It can be concluded that a Na{\""{i}}ve Bayes model works well with a more fine-tuned selection of features for binary classification, while random forest works better with more features. {\textcopyright}2022, The Author(s), under exclusive licence to Springer-Verlag London Ltd., part of Springer Nature.","Bayesian networks,Classification (of information),Classifiers,Decision trees,Diabetes mellitus,Diabetes mellitus type 2,Diagnose system,Interpretable artificial intelligence,Machine learning,Machine learning algorithms,Machine-learning,On-machines,Pima Indian Diabetes,Random forests,The Internet of Medical Things (IoMT),The internet of medical thing,Type-2 diabetes",0.616108,0.4043815,0.33026284,0.40172413,0.125,0.08333333333333333,0.1111111111111111,,,,
5,268,15,True,121,18,{An efficient edge/cloud medical system for rapid detection of level of consciousness in emergency medicine based on explainable machine learning models},"El-Rashidy, N and Sedik, A and Siam, A I and Ali, Z H",2023,NEURAL COMPUTING & APPLICATIONS,10.1007/s00521-023-08258-w,"Emergency medicine (EM) is one of the attractive research fields in which researchers investigate their efforts to diagnose and treat unforeseen illnesses or injuries. There are many tests and observations are involved in EM. Detection of the level of consciousness is one of these observations, which can be detected using several methods. Among these methods, the automatic estimation of the Glasgow coma scale (GCS) is studied in this paper. The GCS is a medical score used to describe a patient's level of consciousness. This type of scoring system requires medical examination that may not be available with the shortage of the medical expert. Therefore, the automatic medical calculation for a patient's level of consciousness is highly needed. Artificial intelligence has been deployed in several applications and appears to have a high performance regarding providing automatic solutions. The main objective of this work is to introduce the edge/cloud system to improve the efficiency of the consciousness measurement through efficient local data processing. Moreover, an efficient machine learning (ML) model to predict the level of consciousness of a certain patient based on the patient's demographic, vital signs, and laboratory tests is proposed, as well as maintaining the explainability issue using Shapley additive explanations (SHAP) that provides natural language explanation in a form that helps the medical expert to understand the final prediction. The developed ML model is validated using vital signs and laboratory tests extracted from the MIMIC III dataset, and it achieves superior performance (mean absolute error (MAE) = 0.269, mean square error (MSE) = 0.625, R-2 score = 0.964). The resulting model is accurate, medically intuitive, and trustworthy.",,0.58771676,0.38574696,0.46770453,0.4977076,0.125,0.0,0.0,,,,
5,288,17,True,121,18,{Personalized conciliation of clinical guidelines for comorbid patients through multi-agent planning},"Fdez-Olivares, J and Onaindia, E and Castillo, L and Jord{\'{a}}n, J and C{\'{o}}zar, J",2019,Artificial Intelligence in Medicine,10.1016/j.artmed.2018.11.003 LK - https://unimib.on.worldcat.org/atoztitles/link?sid=EMBASE&sid=EMBASE&issn=18732860&id=doi:10.1016%2Fj.artmed.2018.11.003&atitle=Personalized+conciliation+of+clinical+guidelines+for+comorbid+patients+through+multi-agent+planning&stitle=Artif.+Intell.+Med.&title=Artificial+Intelligence+in+Medicine&volume=96&issue=&spage=167&epage=186&aulast=Fdez-Olivares&aufirst=Juan&auinit=J.&aufull=Fdez-Olivares+J.&coden=AIMEE&isbn=&pages=167-186&date=2019&auinit1=J&auinitm=,"The conciliation of multiple single-disease guidelines for comorbid patients entails solving potential clinical interactions, discovering synergies in the diagnosis and the recommendations, and managing clinical equipoise situations. Personalized conciliation of multiple guidelines considering additionally patient preferences brings some further difficulties. Recently, several works have explored distinct techniques to come up with an automated process for the conciliation of clinical guidelines for comorbid patients but very little attention has been put in integrating the patient preferences into this process. In this work, a Multi-Agent Planning (MAP) framework that extends previous work on single-disease temporal Hierarchical Task Networks (HTN) is proposed for the automated conciliation of clinical guidelines with patient-centered preferences. Each agent encapsulates a single-disease Computer Interpretable Guideline (CIG) formalized as an HTN domain and conciliates the decision procedures that encode the clinical recommendations of its CIG with the decision procedures of the other agents' CIGs. During conciliation, drug-related interactions, scheduling constraints as well as redundant actions and multiple support interactions are solved by an automated planning process. Moreover, the simultaneous application of the patient preferences in multiple diseases may potentially bring about contradictory clinical decisions and more interactions. As a final step, the most adequate personalized treatment plan according to the patient preferences is selected by a Multi-Criteria Decision Making (MCDM) process. The MAP approach is tested on a case study that builds upon a simplified representation of two real clinical guidelines for Diabetes Mellitus and Arterial Hypertension.","article,artificial intelligence,attitude,automation,clinical decision making,comorbidity,drug interaction,human,human computer interaction,information processing,knowledge,multi agent planning,multiple chronic conditions,patient care,patient preference,patient scheduling,personalized medicine,practice guideline,priority journal,qualitative preference,quantitative preference,shared decision making",0.6305648,0.41387022,0.43226767,0.48184195,0.125,0.25,0.1111111111111111,,,,
5,508,23,True,121,18,{PLENARY: Explaining black-box models in natural language through fuzzy linguistic summaries},"Kaczmarek-Majer, K and Casalino, G and Castellano, G and Dominiak, M and Hryniewicz, O and Kami{\'{n}}ska, O and Vessio, G and D{\'{i}}az-Rodr{\'{i}}guez, N",2022,Information Sciences,10.1016/j.ins.2022.10.010,"We introduce an approach called PLENARY (exPlaining bLack-box modEls in Natural lAnguage thRough fuzzY linguistic summaries), which is an explainable classifier based on a data-driven predictive model. Neural learning is exploited to derive a predictive model based on two levels of labels associated with the data. Then, model explanations are derived through the popular SHapley Additive exPlanations (SHAP) tool and conveyed in a linguistic form via fuzzy linguistic summaries. The linguistic summarization allows translating the explanations of the model outputs provided by SHAP into statements expressed in natural language. PLENARY accounts for the imprecision related to model outputs by summarizing them into simple linguistic statements and for the imprecision related to the data labeling process by including additional domain knowledge in the form of middle-layer labels. PLENARY is validated on preprocessed speech signals collected from smartphones from patients with bipolar disorder and on publicly available mental health survey data. The experiments confirm that fuzzy linguistic summarization is an effective technique to support meta-analyses of the outputs of AI models. Also, PLENARY improves explainability by aggregating low-level attributes into high-level information granules, and by incorporating vague domain knowledge into a multi-task sequential and compositional multilayer perceptron. SHAP explanations translated into fuzzy linguistic summaries significantly improve understanding of the predictive modelling process and its outputs. {\textcopyright}2022 The Authors","Bipolar disorder,Domain Knowledge,Explainable artificial intelligence,Fuzzy inference,Fuzzy linguistic description,Fuzzy linguistic descriptions,Fuzzy linguistics,Fuzzy neural networks,Granular computing,Linguistic descriptions,Linguistic summaries,Linguistics,Machine Learning,Machine learning,Machine-learning,Natural language processing systems,Natural languages,Neural networks,Neural-networks,Predictive models,Surveys,Translation (languages),eXplainable Artificial Intelligence",0.6377938,0.418615,0.36350775,0.43207926,0.125,0.08333333333333333,0.3333333333333333,,,,
5,565,26,True,121,18,{Bayesian networks in healthcare: What is preventing their adoption?},"Kyrimi, E and Dube, K and Fenton, N and Fahmi, A and Neves, M R and Marsh, W and McLachlan, S",2021,Artificial Intelligence in Medicine,10.1016/j.artmed.2021.102079 LK - https://unimib.on.worldcat.org/atoztitles/link?sid=EMBASE&sid=EMBASE&issn=18732860&id=doi:10.1016%2Fj.artmed.2021.102079&atitle=Bayesian+networks+in+healthcare%3A+What+is+preventing+their+adoption%3F&stitle=Artif.+Intell.+Med.&title=Artificial+Intelligence+in+Medicine&volume=116&issue=&spage=&epage=&aulast=Kyrimi&aufirst=Evangelia&auinit=E.&aufull=Kyrimi+E.&coden=AIMEE&isbn=&pages=-&date=2021&auinit1=E&auinitm=,"There has been much research effort expended toward the use of Bayesian networks (BNs) in medical decision-making. However, because of the gap between developing an accurate BN and demonstrating its clinical usefulness, this has not resulted in any widespread BN adoption in clinical practice. This paper investigates this problem with the aim of finding an explanation and ways to address the problem through a comprehensive literature review of articles describing BNs in healthcare. Based on the literature collection that has been systematically narrowed down from 3810 to 116 most relevant articles, this paper analyses the benefits, barriers and facilitating factors (BBF) for implementing BN-based systems in healthcare using the ITPOSMO-BBF framework. A key finding is that works in the literature rarely consider barriers and even when these were identified they were not connected to facilitating factors. The main finding is that the barriers can be grouped into: (1) data inadequacies; (2) clinicians' resistance to new technologies; (3) lack of clinical credibility; (4) failure to demonstrate clinical impact; (5) absence of an acceptable predictive performance; and (6) absence of evidence for model's generalisability. The facilitating factors can be grouped into: (1) data collection improvements; (2) software and technological improvements; (3) having interpretable and easy to use BN-based systems; (4) clinical involvement in the development or review of the model; (5) investigation of model's clinical impact; (6) internal validation of the model's performance; and (7) external validation of the model. These groupings form a strong basis for a generic framework that could be used for formulating strategies for ensuring BN-based clinical decision-support system adoption in frontline care settings. The output of this review is expected to enhance the dialogue among researchers by providing a deeper understanding for the neglected issue of BN adoption in practice and promoting efforts for implementing BN-based systems.","Bayesian network,adoption,article,clinical decision support system,human,medical decision making,software,systematic review,treatment failure",0.5373676,0.35270038,0.40759635,0.44003916,0.125,0.0,0.1111111111111111,,,,
5,667,30,True,121,18,{Heterogeneous graph reasoning for knowledge-grounded medical dialogue system},"Liu, W and Tang, J and Liang, X and Cai, Q",2021,Neurocomputing,10.1016/j.neucom.2021.02.021 LK - https://unimib.on.worldcat.org/atoztitles/link?sid=EMBASE&sid=EMBASE&issn=18728286&id=doi:10.1016%2Fj.neucom.2021.02.021&atitle=Heterogeneous+graph+reasoning+for+knowledge-grounded+medical+dialogue+system&stitle=Neurocomputing&title=Neurocomputing&volume=442&issue=&spage=260&epage=268&aulast=Liu&aufirst=Wenge&auinit=W.&aufull=Liu+W.&coden=NRCGE&isbn=&pages=260-268&date=2021&auinit1=W&auinitm=,"Beyond the common difficulties faced in task-oriented dialogue system, medical dialogue has recently attracted increasing attention due to its huge application potential while posing more challenges in reasoning over medical domain knowledge and logic. Existing works resort to neural language models for dialogue embedding and neglect the explicit logical reasoning, leading to poor explainable and generalization ability. In this work, we propose an explainable Heterogeneous Graph Reasoning (HGR) model to unify the relational dialogue context understanding and entity-correlation reasoning into a heterogeneous graph structure. HGR encodes entity context according to the corresponding utterance and deduces next response after fusing the underlying medical knowledge with entity context by attentional graph propagation. To push forward the future research on expert-sensitive task-oriented dialogue system, we first release a large-scale Medical Dialogue Consultant benchmark (MDG-C) with 16 Gastrointestinal diseases for evaluating consultant capability and a Medical Dialogue Diagnosis benchmark (MDG-D) with 6 diseases for measuring diagnosis capability of models, respectively. Extensive experiments on both MDG-C and MDG-D benchmarks demonstrate the superiority of our HGR over state-of-the-art knowledge grounded approaches in general fields of medical dialogue system.","article,automated reasoning,benchmarking,deep learning,heterogeneous graph reasoning,human,information processing,medical dialogue system,model,priority journal",0.6527941,0.4284604,0.29670012,0.38572362,0.125,0.25,0.1111111111111111,,,,
5,799,34,True,121,18,{Environmental exposures in machine learning and data mining approaches to diabetes etiology: A scoping review},"Mistry, S and Riches, N O and Gouripeddi, R and Facelli, J C",2023,Artificial Intelligence in Medicine,10.1016/j.artmed.2022.102461 LK - https://unimib.on.worldcat.org/atoztitles/link?sid=EMBASE&sid=EMBASE&issn=18732860&id=doi:10.1016%2Fj.artmed.2022.102461&atitle=Environmental+exposures+in+machine+learning+and+data+mining+approaches+to+diabetes+etiology%3A+A+scoping+review&stitle=Artif.+Intell.+Med.&title=Artificial+Intelligence+in+Medicine&volume=135&issue=&spage=&epage=&aulast=Mistry&aufirst=Sejal&auinit=S.&aufull=Mistry+S.&coden=AIMEE&isbn=&pages=-&date=2023&auinit1=S&auinitm=,"Background: Environmental exposures are implicated in diabetes etiology, but are poorly understood due to disease heterogeneity, complexity of exposures, and analytical challenges. Machine learning and data mining are artificial intelligence methods that can address these limitations. Despite their increasing adoption in etiology and prediction of diabetes research, the types of methods and exposures analyzed have not been thoroughly reviewed. Objective: We aimed to review articles that implemented machine learning and data mining methods to understand environmental exposures in diabetes etiology and disease prediction. Methods: We queried PubMed and Scopus databases for machine learning and data mining studies that used environmental exposures to understand diabetes etiology on September 19th, 2022. Exposures were classified into specific external, general external, or internal exposures. We reviewed machine learning and data mining methods and characterized the scope of environmental exposures studied in the etiology of general diabetes, type 1 diabetes, type 2 diabetes, and other types of diabetes. Results: We identified 44 articles for inclusion. Specific external exposures were the most common exposures studied, and supervised models were the most common methods used. Well-established specific external exposures of low physical activity, high cholesterol, and high triglycerides were predictive of general diabetes, type 2 diabetes, and prediabetes, while novel metabolic and gut microbiome biomarkers were implicated in type 1 diabetes. Discussion: The use of machine learning and data mining methods to elucidate environmental triggers of diabetes was largely limited to well-established risk factors identified using easily explainable and interpretable models. Future studies should seek to leverage machine learning and data mining to explore the temporality and co-occurrence of multiple exposures and further evaluate the role of general external and internal exposures in diabetes etiology.","Bayesian network,Medline,Scopus,cholesterol,cholesterol blood level,data clustering,data mining,decision tree,diabetes mellitus,dimensionality reduction,environmental exposure,exposure variable,human,impaired glucose tolerance,insulin dependent diabetes mellitus,intestine flora,k nearest neighbor,logistic regression analysis,machine learning,non insulin dependent diabetes mellitus,physical activity,prediction,predictor variable,review,support vector machine,triacylglycerol,triacylglycerol blood level",0.57085025,0.37467667,0.32513225,0.38656175,0.25,0.08333333333333333,0.1111111111111111,,,,
5,945,43,True,121,18,{Use of a theory of expected information for sparse data and adverse events in clinical trials and other biomedical studies},"Robson, B and Baek, O K",2024,Information Sciences,10.1016/j.ins.2024.121027,"Objective: We argue for a novel contemporary information-theoretic approach to supplement current statistical and AI methods for design and analysis of biomedical studies such as stage I-III clinical trials or cohort studies with limited sample sizes and the potential for adverse events, and as a basis for decision support systems that address these issues. Current methodologies in trials have faced criticism, and the growing volume of available digital medical records suggests a fresh perspective. The wealth of high-dimensional data offers new opportunities. To tackle them, we wish to draw attention to multiple uses of the zeta function. The several practical advantages of this unusual feature are not evident a priori, so they are extensively discussed. Method: To tackle the challenges posed by sparse data, rare event analysis, we propose the combination of work of Black Swan Event (BSE) Theorists with extension of the Theory of Expected Information (TEI), from the 1970s, which is still employed in certain widely used bioinformatics algorithms and data mining practices. Our extension incorporates expectations of information derived from finite data, integrating over degrees of belief about physical probabilities. It is extended to predictive methods for selecting patients for clinical trials, which are “Glass Box”. Results: This framework leads to a set of methods utilizing the incomplete zeta function ς(s,n) summed over n observations, where s can take various meaningful values. Our findings indicate that formulations and algorithms built around such zeta functions can replace many statistics and computations in biomedical studies. Whenever we see a count n of something, possibly including a knowledge or degree of belief represented by a virtual count, it may appear as ς(s,n) in an appropriate new formulae. The “Glass Box” methods based on this often outperformed “Black Box” Machine Learning. Conclusions: These methods align with both frequentist and Bayesian approaches but also accommodate sparse data and justify intuitive rules-of-thumb (e.g., $\alpha$ = 0.05 significance threshold and the “rule of three” in trials). Furthermore, they provide “Glass Box” “explainable” AI, enhancing transparency and interpretability. This project received support from a South Korean government grant, specifically the Electronics and Telecommunications Research Institute (ETRI) grant 23ZS1100, focused on advancing Core Technology Research for Self-Improving Integrated Artificial Intelligence Systems. {\textcopyright}2024 Elsevier Inc.","'current,Adverse events,Bayesian networks,Bioinformatics,Biomedical studies,Biomedical study,Clinical trial,Clinical trials,Clustering algorithms,Data mining,Decision support systems,Degree of belief,Expected informations,Glass,Glass box,Information Theory,Information theory,Machine Learning,Machine learning,Machine-learning,Medical computing,Sparse data,Zeta function",0.581241,0.38149658,0.4401605,0.47543064,0.375,0.25,0.1111111111111111,,,,
5,1050,50,True,121,18,{Semantic distillation and enhanced diagnostic alignment: A novel approach for depression detection in social media},"Su, Y and Zheng, X and Lu, J and Gong, Y and Gao, Q and Shen, S and Liu, Q",2025,Expert Systems with Applications,10.1016/j.eswa.2025.127346,"The growing prevalence of depression underscores the need for accessible detection methods. Social media provides an invaluable platform for identifying signs of depression, overcoming the limitations of traditional assessments. However, this task is fraught with challenges such as noisy data, insufficient labeled datasets, and limited integration of domain-specific knowledge, which hinder the effectiveness of existing models. To address these issues, we propose a novel framework consisting of three key components. First, the Unsupervised Multi-Layer Information Distillation Module employs unsupervised learning techniques to extract meaningful posts from noisy social media data. Second, the Domain Knowledge Enhancement Module with a Memory Update Mechanism addresses the challenge of sparse labeled data by incorporating continuous learning and integrating domain-specific knowledge. Finally, the mIRT-based User Depression Diagnosis Module utilizes multidimensional item response theory (mIRT) to assess symptom severity across multiple dimensions, enhancing the interpretability of the depression diagnosis. Experiments conducted on two real-world datasets demonstrate the effectiveness of our model, achieving accuracies of 97.45% and 94.54%. This framework improves both the accuracy and interpretability of social media-based depression detection, offering a promising solution for mental health monitoring. {\textcopyright}2025 Elsevier Ltd","Depression detection,Domain-specific knowledge,Interpretability,Item response theory,Language processing,Mental health,Natural Language Processing,Natural language processing,Natural languages,Online social networks,Social media,User behavior modeling",0.6504147,0.42689866,0.30976212,0.39492527,0.125,0.08333333333333333,0.2222222222222222,,,,
5,1303,55,True,121,18,{Development and validation of a deep interpretable network for continuous acute kidney injury prediction in critically ill patients},"Yang, M C and Liu, S Q and Hao, T and Ma, C Y and Chen, H and Li, Y W and Wu, C D and Xie, J F and Qiu, H B and Li, J Q and Yang, Y and Liu, C Y",2024,ARTIFICIAL INTELLIGENCE IN MEDICINE,10.1016/j.artmed.2024.102785,"Early detection of acute kidney injury (AKI) may provide a crucial window of opportunity to prevent further injury, which helps improve clinical outcomes. This study aimed to develop a deep interpretable network for continuously predicting the 24 -hour AKI risk in real-time and evaluate its performance internally and externally in critically ill patients. A total of 21,163 patients' electronic health records sourced from Beth Israel Deaconess Medical Center (BIDMC) were first included in building the model. Two external validation populations included 3025 patients from the Philips eICU Research Institute and 2625 patients from Zhongda Hospital Southeast University. A total of 152 intelligently engineered predictors were extracted on an hourly basis. The prediction model referred to as DeepAKI was designed with the basic framework of squeeze -and -excitation networks with dilated causal convolution embedded. The integrated gradients method was utilized to explain the prediction model. When performed on the internal validation set (3175 [15 %] patients from BIDMC) and the two external validation sets, DeepAKI obtained the area under the curve of 0.799 (95 % CI 0.791-0.806), 0.763 (95 % CI 0.755-0.771) and 0.676 (95 % CI 0.668-0.684) for continuousAKI prediction, respectively. For model interpretability, clinically relevant important variables contributing to the model prediction were informed, and individual explanations along the timeline were explored to show how AKI risk arose. The potential threats to generalisability in deep learning -based models when deployed across health systems in real -world settings were analyzed.",,0.6788518,0.44556326,0.35823405,0.43838847,0.125,0.0,0.1111111111111111,,,,
5,1402,57,True,121,18,{Detecting mental and physical disorders using multi-task learning equipped with knowledge graph attention network},"Zhang, W and Kong, L and Lee, S and Chen, Y and Zhang, G and Wang, H and Song, M",2024,Artificial Intelligence in Medicine,10.1016/j.artmed.2024.102812 LK - https://unimib.on.worldcat.org/atoztitles/link?sid=EMBASE&sid=EMBASE&issn=18732860&id=doi:10.1016%2Fj.artmed.2024.102812&atitle=Detecting+mental+and+physical+disorders+using+multi-task+learning+equipped+with+knowledge+graph+attention+network&stitle=Artif.+Intell.+Med.&title=Artificial+Intelligence+in+Medicine&volume=149&issue=&spage=&epage=&aulast=Zhang&aufirst=Wei&auinit=W.&aufull=Zhang+W.&coden=AIMEE&isbn=&pages=-&date=2024&auinit1=W&auinitm=,"Mental and physical disorders (MPD) are inextricably linked in many medical cases; psychosomatic diseases can be induced by mental concerns and psychological discomfort can ensue from physiological diseases. However, existing medical informatics studies focus on identifying mental or physical disorders from a unilateral perspective. Consequently, no existing domain knowledge base, corpus, or detection modeling approach considers mental as well as physical aspects concurrently. This paper proposes a joint modeling approach to detect MPD. First, we crawl through online medical consultation records of patients from websites and build an MPD knowledge ontology by extracting the core conceptual features of the text. Based on the ontology, an MPD knowledge graph containing 12,673 nodes and 82,195 relations is obtained using term matching with a domain thesaurus of each concept. Subsequently, an MPD corpus with fine-grained severities (None, Mild, Moderate, Severe, Dangerous) and 8909 records is constructed by formulating MPD classification criteria and a data annotation process under the guidance of domain experts. Taking the knowledge graph and corpus as the dataset, we design a multi-task learning model to detect the MPD severity, in which a knowledge graph attention network (KGAT) is embedded to better extract knowledge features. Experiments are performed to demonstrate the effectiveness of our model. Furthermore, we employ ontology-based and centrality-based methods to discover additional potential inferred knowledge, which can be captured by KGAT so as to improve the prediction performance and interpretability of our model. Our dataset has been made publicly available, so it can be further used as a medical informatics reference in the fields of psychosomatic medicine, psychiatrics, physical co-morbidity, and so on.","anxiety disorder,article,artificial neural network,computer prediction,consultation,controlled study,depression,disease ontology,disease severity,feature extraction,human,knowledge base,knowledge graph attention network,levothyroxine sodium,linguistics,long short term memory network,lorazepam,medical record,mental disease,mirtazapine,papillary carcinoma,physical disease,stomach pain",0.62372875,0.40938336,0.3406489,0.41141886,0.125,0.16666666666666666,0.2222222222222222,,,,
5,1616,63,True,121,18,{Ordinal Historical Dependence in Graphical Event Models with Tree Representations},"Bhattacharjya, D and Gao, T and Subramanian, D and Intelligence, Assoc Advancement Artificial",2021,,,"Graphical event models are representations that capture process independence between different types of events in multivariate temporal point processes. The literature consists of various parametric models and approaches to learn them from multivariate event stream data. Since these models are interpretable, they are often able to provide beneficial insights about event dynamics. In this paper, we show how to compactly model the situation where the order of occurrences of an event's causes in some recent historical time interval impacts its occurrence rate; this sort of historical dependence is common in several real-world applications. To overcome the practical challenge of parameter explosion due to the number of potential orders that is super-exponential in the number of parents, we introduce a novel graphical event model based on a parametric tree representation for capturing ordinal historical dependence. We present an approach to learn such a model from data, demonstrating that the proposed model fits several real-world datasets better than relevant baselines. We also showcase the potential advantages of such a model to an analyst during the process of knowledge discovery.",,0.41608083,0.273094,0.425552,0.42318422,0.125,0.08333333333333333,0.0,,,,
5,1634,65,True,121,18,{A Two-Step Approach for the Prediction of Mood Levels Based on Diary Data},"Bremer, V and Becker, D and Genz, T and Funk, B and Lehr, D",2019,,10.1007/978-3-030-10997-4_39,"The analysis of diary data can increase insights into patients suffering from mental disorders and can help to personalize online interventions. We propose a two-step approach for such an analysis. We first categorize free text diary data into activity categories by applying a bag-of-words approach and explore recurrent neuronal networks to support this task. In a second step, we develop partial ordered logit models with varying levels of heterogeneity among clients to predict their mood. We estimate the parameters of these models by employing MCMC techniques and compare the models regarding their predictive performance. This two-step approach leads to an increased interpretability about the relationships between various activity categories and the individual mood level.",,0.546489,0.3586872,0.42838776,0.45791307,0.125,0.0,0.1111111111111111,,,,
5,1802,72,True,121,18,{Cola-GNN: Cross-location Attention based Graph Neural Networks for Long-term ILI Prediction},"Deng, S and Wang, S and Rangwala, H and Wang, L and Ning, Y",2020,,10.1145/3340531.3411975,"Forecasting influenza-like illness (ILI) is of prime importance to epidemiologists and health-care providers. Early prediction of epidemic outbreaks plays a pivotal role in disease intervention and control. Most existing work has either limited long-term prediction performance or fails to capture spatio-temporal dependencies in data. In this paper, we design a cross-location attention based graph neural network (Cola-GNN) for learning time series embeddings in long-term ILI predictions. We propose a graph message passing framework to combine graph structures (e.g., geolocations) and time-series features (e.g., temporal sequences) in a dynamic propagation process. We compare the proposed method with state-of-the-art statistical approaches and deep learning models. We conducted a set of extensive experiments on real-world epidemic-related datasets from the United States and Japan. The proposed method demonstrated strong predictive performance and leads to interpretable results for long-term epidemic predictions. {\textcopyright}2020 ACM.","Backpropagation,Crack propagation,Deep learning,Disease control,Dynamic propagation,Forecasting,Graph neural networks,Graph structures,Graph theory,Health care providers,ILI prediction,Inspection,Knowledge management,Long-term prediction,Message passing,Neural networks,Predictive performance,Spatio-temporal dependencies,Statistical approach,Time series,Time series features,dynamic graph neural network,spatial attention",0.65637374,0.43080992,0.2736503,0.36933115,0.125,0.08333333333333333,0.2222222222222222,,,,
5,1954,77,True,121,18,{Interpretable Off-Policy Evaluation in Reinforcement Learning by Highlighting Influential Transitions},"Gottesman, O and Futoma, J and Liu, Y and Parbhoo, S and Celi, L A and Brunskill, E and Doshi-Velez, F",2020,,,"Off-policy evaluation in reinforcement learning offers the chance of using observational data to improve future outcomes in domains such as healthcare and education, but safe deployment in high stakes settings requires ways of assessing its validity. Traditional measures such as confidence intervals may be insufficient due to noise, limited data and confounding. In this paper we develop a method that could serve as a hybrid human-AI system, to enable human experts to analyze the validity of policy evaluation estimates. This is accomplished by highlighting observations in the data whose removal will have a large effect on the OPE estimate, and formulating a set of rules for choosing which ones to present to domain experts for validation. We develop methods to compute exactly the influence functions for fitted Q-evaluation with two different function classes: kernel-based and linear least squares, as well as importance sampling methods. Experiments on medical simulations and real-world intensive care unit data demonstrate that our method can be used to identify limitations in the evaluation process and make evaluation more robust.",,0.57243276,0.37571535,0.36343175,0.41568202,0.125,0.08333333333333333,0.0,,,,
5,2489,91,True,121,18,{L1-Regularized Neural Ranking for Risk Stratification and Its Application to Prediction of Time to Distant Metastasis in Luminal Node Negative Chemotherapy Naive Breast Cancer Patients},"Minhas, F and Toss, M S and ul Wahab, N and Rakha, E and Rajpoot, N M",2021,,10.1007/978-3-030-93733-1_27,"""Can we predict if an early stage cancer patient is at high risk of developing distant metastasis and what clinicopathological factors are associated with such a risk?"" In this paper, we propose a ranking based censoring-aware machine learning model for answering such questions. The proposed model is able to generate an interpretable formula for risk stratification using a minimal number of clinicopathological covariates through L1-regulrization. Using this approach, we analyze the association of time to distant metastasis (TTDM) with various clinical parameters for early stage, luminal (ER + /HER2-) breast cancer patients who received endocrine therapy but no chemotherapy (n = 728). The TTDM risk stratification formula obtained using the proposed approach is primarily based on mitotic score, histological tumor type and lymphovascular invasion. These findings corroborate with the known role of these covariates in increased risk for distant metastasis. Our analysis shows that the proposed risk stratification formula can discriminate between cases with high and low risk of distant metastasis (p-value < 0.005) and can also rank cases based on their time to distant metastasis with a concordance-index of 0.73.",,0.60495055,0.3970583,0.41766512,0.46448648,0.125,0.0,0.1111111111111111,,,,
5,3293,118,True,121,18,{Diet-ODIN: A Novel Framework for Opioid Misuse Detection with Interpretable Dietary Patterns},"Zhang, Z and Wang, Z and Hou, S and Hall, E and Bachman, L and White, J and Galassi, V and Chawla, N V and Zha, C and Ye, Y",2024,,10.1145/3637528.3671587,"The opioid crisis has been one of the most critical society concerns in the United States. Although the medication assisted treatment (MAT) is recognized as the most effective treatment for opioid misuse and addiction, the various side effects can trigger opioid relapse. In addition to MAT, the dietary nutrition intervention has been demonstrated its importance in opioid misuse prevention and recovery. However, research on the alarming connections between dietary patterns and opioid misuse remain under-explored. In response to this gap, in this paper, we first establish a large-scale multifaceted dietary benchmark dataset related to opioid users at the first attempt and then develop a novel framework - i.e., namely Opioid Misuse Detection with INterpretable Dietary Patterns (Diet-ODIN) - to bridge heterogeneous graph (HG) and large language model (LLM) for the identification of users with opioid misuse and the interpretation of their associated dietary patterns. Specifically, in Diet-ODIN, we first construct an HG to comprehensively incorporate both dietary and health-related information, and then we devise a holistic graph learning framework with noise reduction to fully capitalize both users' individual dietary habits and shared dietary patterns for the detection of users with opioid misuse. To further delve into the intricate correlations between dietary patterns and opioid misuse, we exploit an LLM by utilizing the knowledge obtained from the graph learning model for interpretation. The extensive experimental results based on our established benchmark with quantitative and qualitative measures demonstrate the outstanding performance of Diet-ODIN on exploring the complex interplay between opioid misuse and dietary patterns, by comparison with state-of-the-art baseline methods. Our code, built benchmark and system demo are available at https://github.com/JasonZhangzy1757/Diet-ODIN. {\textcopyright}2024 Copyright held by the owner/author(s). Publication rights licensed to ACM.","Dietary patterns,Graph neural networks,Heterogeneous graph,Language model,Large language model,Large-scales,Misuse detection,Opioid misuse detection,Opioids,Side effect,dietary pattern,graph neural network,large language model,opioid misuse detection",0.54006374,0.35446995,0.4126379,0.44449434,0.125,0.08333333333333333,0.2222222222222222,,,,
6,242,10,True,112,16,{FMDNN: A Fuzzy-Guided Multigranular Deep Neural Network for Histopathological Image Classification},"Ding, W and Zhou, T and Huang, J and Jiang, S and Hou, T and Lin, C -T.",2024,IEEE Transactions on Fuzzy Systems,10.1109/TFUZZ.2024.3410929,"Histopathological image classification constitutes a pivotal task in computer-aided diagnostics. The precise identification and categorization of histopathological images are of paramount significance for early disease detection and treatment. In the diagnostic process of pathologists, a multitiered approach is typically employed to assess abnormalities in cell regions at different magnifications. However, feature extraction is often performed at a single granularity, overlooking the multigranular characteristics of cells. To address this issue, we propose the fuzzy-guided multigranularity deep neural network (FMDNN). Inspired by the multi-granular diagnostic approach of pathologists, we perform feature extraction on cell structures at coarse, medium, and fine granularity, enabling the model to fully harness the information in histopathological images. We incorporate the theory of fuzzy logic to address the challenge of redundant key information arising during multigranular feature extraction. Cell features are described from different perspectives using multiple fuzzy membership functions, which are fused to create universal fuzzy features. A fuzzy-guided cross-attention module guides universal fuzzy features toward multigranular features. We propagate these features through an encoder to all patch tokens, aiming to achieve enhanced classification accuracy and robustness. In experiments on multiple public datasets, our model exhibits a significant improvement in accuracy over commonly used classification methods for histopathological image classification and shows commendable interpretability.","Computational modeling,Computer architecture,Deep neural network,Feature extraction,Fuzzy logic,Image classification,Medical diagnostic imaging,Microprocessors,feature fusion,fuzzy logic,medical image classification,multigranularity",0.7002137,0.48206097,0.32553065,0.4192014,0.125,0.08333333333333333,0.2222222222222222,,,,
6,311,13,True,112,16,{Change detection based on tensor RPCA for longitudinal retinal fundus images},"Fu, Y and Wang, Y and Zhong, Y and Fu, D and Peng, Q",2020,Neurocomputing,10.1016/j.neucom.2019.12.104 LK - https://unimib.on.worldcat.org/atoztitles/link?sid=EMBASE&sid=EMBASE&issn=18728286&id=doi:10.1016%2Fj.neucom.2019.12.104&atitle=Change+detection+based+on+tensor+RPCA+for+longitudinal+retinal+fundus+images&stitle=Neurocomputing&title=Neurocomputing&volume=387&issue=&spage=1&epage=12&aulast=Fu&aufirst=Yinghua&auinit=Y.&aufull=Fu+Y.&coden=NRCGE&isbn=&pages=1-12&date=2020&auinit1=Y&auinitm=,"Change detection of longitudinal fundus images is an important problem in computer aided diagnosis system (CAD). Detecting regions of change in multiple fundus images from the same eye is seldom developed in the literature due to the complication and interpretability. This paper presents a longitudinal change detection framework based on tensor robust principal component analysis (RPCA) for a long retinal fundus image serial. The proposed method chooses an image of the best condition in serial as the background, then models each image as a slice of tensor, utilizes total variation to constraint the temporal continuity of change regions, finally obtains the change regions by Tucker decomposition and alternating direction method of multipliers (ADMM). Comparing with the method based on matrix RPCA, tensor RPCA preserves the original spatial structure of each image, imposes the temporal continuity on change regions and models the background by patches to avoid the little disturbance of blood vessels. Results on a real fundus image serial are presented and show the effectiveness of the proposed algorithm.","article,blood vessel,decomposition,eye fundus,principal component analysis",0.40695107,0.28016478,0.44851136,0.4381213,0.125,0.08333333333333333,0.1111111111111111,,,,
6,509,28,True,112,16,{Learning vector quantization as an interpretable classifier for the detection of SARS-CoV-2 types based on their RNA sequences},"Kaden, M and Bohnsack, K S and Weber, M and Kudla, M and Gutowska, K and Blazewicz, J and Villmann, T",2022,NEURAL COMPUTING & APPLICATIONS,10.1007/s00521-021-06018-2,"We present an approach to discriminate SARS-CoV-2 virus types based on their RNA sequence descriptions avoiding a sequence alignment. For that purpose, sequences are preprocessed by feature extraction and the resulting feature vectors are analyzed by prototype-based classification to remain interpretable. In particular, we propose to use variants of learning vector quantization (LVQ) based on dissimilarity measures for RNA sequence data. The respective matrix LVQ provides additional knowledge about the classification decisions like discriminant feature correlations and, additionally, can be equipped with easy to realize reject options for uncertain data. Those options provide self-controlled evidence, i.e., the model refuses to make a classification decision if the model evidence for the presented data is not sufficient. This model is first trained using a GISAID dataset with given virus types detected according to the molecular differences in coronavirus populations by phylogenetic tree clustering. In a second step, we apply the trained model to another but unlabeled SARS-CoV-2 virus dataset. For these data, we can either assign a virus type to the sequences or reject atypical samples. Those rejected sequences allow to speculate about new virus types with respect to nucleotide base mutations in the viral sequences. Moreover, this rejection analysis improves model robustness. Last but not least, the presented approach has lower computational complexity compared to methods based on (multiple) sequence alignment.",,0.48888195,0.33657,0.4341222,0.44781214,0.125,0.08333333333333333,0.0,,,,
6,609,37,True,112,16,{Explainable attention guided adversarial deep network for 3D radiotherapy dose distribution prediction},"Li, H D and Peng, X C and Zeng, J and Xiao, J H and Nie, D and Zu, C and Wu, X and Zhou, J L and Wang, Y",2022,KNOWLEDGE-BASED SYSTEMS,10.1016/j.knosys.2022.108324,"Radiotherapy is the mainstay treatment for most patients with cancer. During radiotherapy planning, it is essential to generate a clinically acceptable dose distribution map. In practice, dosimetrists need to tweak the planning in an iterative trial-and-error manner according to their experience, making traditional workflow time-consuming and subjective. Although some deep learning-based dose prediction models have been proposed, they always require additional handcrafted features, such as planning target volume (PTV) and organs at risk (OAR) segmentation maps, as network inputs. To overcome these limitations, we propose a multi-task attention adversarial network (MtAA-NET) to automatically complete dose planning using only CT images. In particular, our framework consists of a main dose distribution prediction task to generate a dose map and an auxiliary segmentation task to provide additional anatomical information of the PTV and OAR for the main task, implemented by a shared encoder and two exclusive decoders. To effectively integrate dosimetric and anatomical features, we introduce an attention mechanism embedded cross-task feature fusion (CtFF) module to further fuse the features from different tasks in a deep supervision manner. Note that the generated attention maps reveal the attention of our model in the PTV area of the intermediate features, providing an explainable evaluation of the quality of the predicted dose maps. Experimental results on an inhouse cervical cancer dataset and a public head and neck cancer dataset demonstrate the superiority of the proposed method compared with state-of-the-art methods.(c) 2022 Elsevier B.V. All rights reserved.",,0.7070583,0.48677322,0.36168915,0.44803146,0.125,0.0,0.1111111111111111,,,,
6,775,47,True,112,16,{Investigating the discrimination ability of 3D convolutional neural networks applied to altered brain MRI parametric maps},"Mattia, G M and Villain, E and Nemmi, F and {Le Lann}, M.-V. and Franceries, X and P{\'{e}}ran, P",2024,Artificial Intelligence in Medicine,10.1016/j.artmed.2024.102897 LK - https://unimib.on.worldcat.org/atoztitles/link?sid=EMBASE&sid=EMBASE&issn=18732860&id=doi:10.1016%2Fj.artmed.2024.102897&atitle=Investigating+the+discrimination+ability+of+3D+convolutional+neural+networks+applied+to+altered+brain+MRI+parametric+maps&stitle=Artif.+Intell.+Med.&title=Artificial+Intelligence+in+Medicine&volume=153&issue=&spage=&epage=&aulast=Mattia&aufirst=Giulia+Maria&auinit=G.M.&aufull=Mattia+G.M.&coden=AIMEE&isbn=&pages=-&date=2024&auinit1=G&auinitm=M,"Convolutional neural networks (CNNs) are gradually being recognized in the neuroimaging community as a powerful tool for image analysis. Despite their outstanding performances, some aspects of CNN functioning are still not fully understood by human operators. We postulated that the interpretability of CNNs applied to neuroimaging data could be improved by investigating their behavior when they are fed data with known characteristics. We analyzed the ability of 3D CNNs to discriminate between original and altered whole-brain parametric maps derived from diffusion-weighted magnetic resonance imaging. The alteration consisted in linearly changing the voxel intensity of either one (monoregion) or two (biregion) anatomical regions in each brain volume, but without mimicking any neuropathology. Performing ten-fold cross-validation and using a hold-out set for testing, we assessed the CNNs' discrimination ability according to the intensity of the altered regions, comparing the latter's size and relative position. Monoregion CNNs showed that the larger the modified region, the smaller the intensity increase needed to achieve good performances. Biregion CNNs systematically outperformed monoregion CNNs, but could only detect one of the two target regions when tested on the corresponding monoregion images. Exploiting prior information on training data allowed for a better understanding of CNN behavior, especially when altered regions were combined. This can inform about the complexity of CNN pattern retrieval and elucidate misclassified examples, particularly relevant for pathological data. The proposed analytical approach may serve to gain insights into CNN behavior and guide the design of enhanced detection systems exploiting our prior knowledge.","MRI scanner,article,brain size,brain tomography,convolutional neural network,cross validation,diffusion weighted imaging,neuropathology,nuclear magnetic resonance imaging",0.6188204,0.4260259,0.3475988,0.4154042,0.125,0.08333333333333333,0.2222222222222222,,,,
6,857,52,True,112,16,{Classification of cognitive syndromes in a Southeast Asian population: Interpretable graph convolutional neural networks},"Ong, C Z L and Vipin, A and Leow, Y J and Tanoto, P and Lee, FPHE and Ghildiyal, S and Liew, S Y and Zhang, Y T and Ali, A A and Rajapakse, J C and Kandiah, N",2025,KNOWLEDGE-BASED SYSTEMS,10.1016/j.knosys.2024.112855,"Dementia is a debilitating disease that afflicts a large population worldwide. Early diagnosis of cognitive impairment can allow for preventative measures to be taken to slow down or prevent the progression to dementia. In this study, we devise an interpretable graph convolutional neural network approach, GCNEnsemble, using both non-clinical variables such as MRI preprocessed features including cortical thickness and gray matter volumes, and clinical features from a community-dwelling Southeast Asian population in Singapore aged between 30 and 95 years from the Biomarker and Cognition study (BIOCIS), to classify participants into cognitively normal, subjective cognitive decline, and mild cognitive impairment. We further conducted ablation studies and varied the quantities of labeled data to understand the contribution of the non-clinical features and the applicability of GCNEnsemble in low to high labeled data availability scenarios. GCNEnsemble was able to attain the highest accuracy and Matthew's correlation coefficient compared to existing state-of-the-art methods. Feature interpretability via Integrated Gradients identified features such as visual cognitive assessment test (VCAT), systolic and diastolic blood pressure, and cerebrospinal fluid volume as key features for the classification, with VCAT having the highest feature importance. There was higher median cerebrospinal fluid volume, right frontal pole thickness, left pallidum volume, and right hippocampal fissure volume but lower VCAT for the mild cognitive impairment group than the two other groups. In conclusion, GCNEnsemble can be used as a semisupervised interpretable classification tool for cognitive syndrome in a Southeast Asian population.",,0.57773983,0.39774412,0.38385278,0.43232456,0.125,0.0,0.2222222222222222,,,,
6,1079,70,True,112,16,{Automatic two-dimensional & three-dimensional video analysis with deep learning for movement disorders: A systematic review☆},"Tang, W and van Ooijen, P M A and Sival, D A and Maurits, N M",2024,ARTIFICIAL INTELLIGENCE IN MEDICINE,10.1016/j.artmed.2024.102952,"The advent of computer vision technology and increased usage of video cameras in clinical settings have facilitated advancements in movement disorder analysis. This review investigated these advancements in terms of providing practical, low-cost solutions for the diagnosis and analysis of movement disorders, such as Parkinson's disease, ataxia, dyskinesia, and Tourette syndrome. Traditional diagnostic methods for movement disorders are typically reliant on the subjective assessment of motor symptoms, which poses inherent challenges. Furthermore, early symptoms are often overlooked, and overlapping symptoms across diseases can complicate early diagnosis. Consequently, deep learning has been used for the objective video-based analysis of movement disorders. This study systematically reviewed the latest advancements in automatic two-dimensional & three-dimensional video analysis using deep learning for movement disorders. We comprehensively analyzed the literature published until September 2023 by searching the Web of Science, PubMed, Scopus, and Embase databases. We identified 68 relevant studies and extracted information on their objectives, datasets, modalities, and methodologies. The study aimed to identify, catalogue, and present the most significant advancements, offering a consolidated knowledge base on the role of video analysis and deep learning in movement disorder analysis. First, the objectives, including specific PD symptom quantification, ataxia assessment, cerebral palsy assessment, gait disorder analysis, tremor assessment, tic detection (in the context of Tourette syndrome), dystonia assessment, and abnormal movement recognition were discussed. Thereafter, the datasets used in the study were examined. Subsequently, video modalities and deep learning methodologies related to the topic were investigated. Finally, the challenges and opportunities in terms of datasets, interpretability, evaluation methods, and home/remote monitoring were discussed.",,0.59200335,0.40756372,0.44709158,0.48331952,0.125,0.08333333333333333,0.0,,,,
6,1109,75,True,112,16,{Optimized Mixed-Order Relation-Aware Recurrent Neural Networks based CAD Model for Skin Cancer Detection and Classification},"Uthayakumar, G S and Yaramadhi, M and Marimuthu, T and Lakshmi, T R V",2025,KNOWLEDGE-BASED SYSTEMS,10.1016/j.knosys.2025.113222,"Skin cancer affects people of all ages, and early detection is essential to reduce mortality rates. The existing deep learning-based Computer-Aided Diagnosis (CAD) models face challenges in accurately differentiating between visually similar skin lesions. The suboptimal model interpretability, lack of robust feature extraction, and inefficient optimization techniques hinder the performance of these models. To address these challenges, an Optimized Mixed-Order Relation-Aware Recurrent Neural Network-based Computer-Aided Diagnosis Model for Skin Cancer Detection and Classification (MORARNN-CADM-SKDC) is proposed in this paper. The proposed approach is trained using ISIC dataset and pre-processes the images with Environmentally Adaptive Event-Driven Robust Cubature Kalman Filter (EAEDRCKF) to enhance image quality. Then the affected lesions are segmented using Localized Sparse Incomplete Multi-View Clustering (LSIMVC), and discriminative features, like texture, size, color, position are extracted through the Generalized Transient-Squeezing Transform (GTST). The core of the model is Mixed-Order Relation-Aware Recurrent Neural Networks (MORARNN) classifies various skin cancer types, Actinic Keratosis, Nevus, Lentigo NOS, Melanoma, Seborrheic Keratosis, Solar Lentigo, Basal Cell Carcinoma. MORARNN captures mixed-order relationships between features, improving interpretability and classification precision. The Black-Winged Kite Algorithm (BWKA) optimizes MORARNN's weight parameters effectively, reducing computational complexity and enhancing model convergence. This combination boosts the model's adaptability across diverse skin lesion types. The proposed method distinguishes itself from existing techniques by combining MORARNN with BWKA for superior optimization, achieving higher accuracy of 99.89 %, F1-score of 99.85 %, and computational time of 98 ss. Unlike the existing techniques, it offers enhanced interpretability, robust feature extraction, and improved performance.",,0.6875454,0.47333953,0.3286671,0.4183867,0.125,0.0,0.2222222222222222,,,,
6,1203,78,True,112,16,{GO-MAE: Self-supervised pre-training via masked autoencoder for OCT image classification of gynecology},"Wang, H and Guo, X and Song, K and Sun, M and Shao, Y and Xue, S and Zhang, H and Zhang, T",2025,Neural Networks,10.1016/j.neunet.2024.106817 LK - https://unimib.on.worldcat.org/atoztitles/link?sid=EMBASE&sid=EMBASE&issn=18792782&id=doi:10.1016%2Fj.neunet.2024.106817&atitle=GO-MAE%3A+Self-supervised+pre-training+via+masked+autoencoder+for+OCT+image+classification+of+gynecology&stitle=Neural+Netw.&title=Neural+Networks&volume=181&issue=&spage=&epage=&aulast=Wang&aufirst=Haoran&auinit=H.&aufull=Wang+H.&coden=NNETE&isbn=&pages=-&date=2025&auinit1=H&auinitm=,"Genitourinary syndrome of menopause (GSM) is a physiological disorder caused by reduced levels of oestrogen in menopausal women. Gradually, its symptoms worsen with age and prolonged menopausal status, which gravely impacts the quality of life as well as the physical and mental health of the patients. In this regard, optical coherence tomography (OCT) system effectively reduces the patient's burden in clinical diagnosis with its noncontact, noninvasive tomographic imaging process. Consequently, supervised computer vision models applied on OCT images have yielded excellent results for disease diagnosis. However, manual labeling on an extensive number of medical images is expensive and time-consuming. To this end, this paper proposes GO-MAE, a pretraining framework for self-supervised learning of GSM OCT images based on Masked Autoencoder (MAE). To the best of our knowledge, this is the first study that applies self-supervised learning methods on the field of GSM disease screening. Focusing on the semantic complexity and feature sparsity of GSM OCT images, the objective of this study is two-pronged: first, a dynamic masking strategy is introduced for OCT characteristics in downstream tasks. This method can reduce the interference of invalid features on the model and shorten the training time. In the encoder design of MAE, we propose a convolutional neural network and transformer parallel network architecture (C&T), which aims to fuse the local and global representations of the relevant lesions in an interactive manner such that the model can still learn the richer differences between the feature information without labels. Thereafter, a series of experimental results on the acquired GSM-OCT dataset revealed that GO-MAE yields significant improvements over existing state-of-the-art techniques. Furthermore, the superiority of the model in terms of robustness and interpretability was verified through a series of comparative experiments and visualization operations, which consequently demonstrated its great potential for screening GSM symptoms.","autoencoder,classification,computer vision,convolutional neural network,deep learning,diagnosis,electric potential,estrogen,female,human,learning,masking,menopause,nerve cell network,optical coherence tomography,quality of life,review,training",0.5798025,0.39916405,0.46645665,0.49479312,0.125,0.08333333333333333,0.2222222222222222,,,,
6,1426,88,True,112,16,{Lung segmentation and automatic detection of COVID-19 using radiomic features from chest CT images},"Zhao, C and Xu, Y and He, Z and Tang, J and Zhang, Y and Han, J and Shi, Y and Zhou, W",2021,Pattern Recognition,10.1016/j.patcog.2021.108071,"This paper aims to develop an automatic method to segment pulmonary parenchyma in chest CT images and analyze texture features from the segmented pulmonary parenchyma regions to assist radiologists in COVID-19 diagnosis. A new segmentation method, which integrates a three-dimensional (3D) V-Net with a shape deformation module implemented using a spatial transform network (STN), was proposed to segment pulmonary parenchyma in chest CT images. The 3D V-Net was adopted to perform an end-to-end lung extraction while the deformation module was utilized to refine the V-Net output according to the prior shape knowledge. The proposed segmentation method was validated against the manual annotation generated by experienced operators. The radiomic features measured from our segmentation results were further analyzed by sophisticated statistical models with high interpretability to discover significant independent features and detect COVID-19 infection. Experimental results demonstrated that compared with the manual annotation, the proposed segmentation method achieved a Dice similarity coefficient of 0.9796, a sensitivity of 0.9840, a specificity of 0.9954, and a mean surface distance error of 0.0318 mm. Furthermore, our COVID-19 classification model achieved an area under curve (AUC) of 0.9470, a sensitivity of 0.9670, and a specificity of 0.9270 when discriminating lung infection with COVID-19 from community-acquired pneumonia and healthy controls using statistically significant radiomic features. The significant features measured from our segmentation results agreed well with those from the manual annotation. Our approach has great promise for clinical use in facilitating automatic diagnosis of COVID-19 infection on chest CT images. {\textcopyright}2021 Elsevier Ltd","3D V-Net,3d V-net,Biological organs,COVID-19,CT Image,Chest CT,Computerized tomography,Deep learning,Deformation,Deformation module,Feature extraction,Image segmentation,Manual annotation,Pulmonary parenchyma,Pulmonary parenchyma segmentation,Segmentation methods,Textures",0.58808476,0.40486598,0.3049066,0.37570113,0.125,0.08333333333333333,0.1111111111111111,,,,
6,1453,89,True,112,16,{Enhancing gastrointestinal submucosal tumor recognition in endoscopic ultrasonography: A novel multi-attribute guided contextual attention network},"Zheng, H and Dong, Z and Liu, T and Zheng, H and Wan, X and Bao, J",2024,Expert Systems with Applications,10.1016/j.eswa.2023.122725,"Endoscopic ultrasonography (EUS) is a valuable imaging modality for diagnosing gastrointestinal submucosal tumors (SMTs). However, inherent content variations in EUS images due to gastrointestinal tract mobility and handheld ultrasound instability challenge the saliency of SMTs' visual features. The presence of fine-grained inter-class and large intra-class differences further complicates EUS-based diagnosis. To address these issues, this paper presents a novel Multi-Attribute Guided Contextual Attention Network (MAG-CA-Net) for interpretable SMT recognition in EUS. Inspired by endoscopists' clinical diagnosis expertise, our framework initially localizes abnormal areas based on echo attributes and subsequently determines tumor categories using contextual semantics. Experimental results demonstrate the effectiveness of MAG-CA-Net, exhibiting improved recognition recall and precision rates for gastrointestinal stromal tumor, leiomyoma, and pancreatic rest. Specifically, the MAG network facilitates abnormal area localization, while the CA mechanism guides the model to focus on the most discriminative tumor-context-associated regions. The proposed method achieved an average classification accuracy of 93.16%, an average precision of 93.17%, a weighted recall of 93.16%, and an average F1-score of 93.15 % for the three disease categories. The proposed approach provides crucial guidelines for data collection standards and model development in the clinical diagnosis process of SMTs under EUS. Its interpretability analysis enhances the credibility of clinical physicians towards assisted diagnostic methods based on deep learning. The source code will be publicly available at https://gitee.com/HangbinZheng/mag-ca-net. {\textcopyright}2023 Elsevier Ltd","Attention mechanism,Attention mechanisms,Clinical diagnosis,Deep learning,Endoscopic ultrasonographies,Endoscopic ultrasonography,Endoscopy,Explainable AI,Gastrointestinal,Imaging modality,Knowledge-inspired,Multi-attributes,Semantics,Submucosal tumor,Tumor recognition,Tumors,Ultrasonography",0.6411483,0.44139758,0.37119883,0.4386862,0.25,0.08333333333333333,0.1111111111111111,,,,
6,2023,92,True,112,16,{xMIL: Insightful Explanations for Multiple Instance Learning in Histopathology},"Hense, J and Idaji, M J and Eberle, O and Schnake, T and Dippel, J and Ciernik, L and Buchstab, O and Mock, A and Klauschen, F and M{\""{u}}ller, K.-R.",2024,,,"Multiple instance learning (MIL) is an effective and widely used approach for weakly supervised machine learning. In histopathology, MIL models have achieved remarkable success in tasks like tumor detection, biomarker prediction, and outcome prognostication. However, MIL explanation methods are still lagging behind, as they are limited to small bag sizes or disregard instance interactions. We revisit MIL through the lens of explainable AI (XAI) and introduce xMIL, a refined framework with more general assumptions. We demonstrate how to obtain improved MIL explanations using layer-wise relevance propagation (LRP) and conduct extensive evaluation experiments on three toy settings and four real-world histopathology datasets. Our approach consistently outperforms previous explanation attempts with particularly improved faithfulness scores on challenging biomarker prediction tasks. Finally, we showcase how xMIL explanations enable pathologists to extract insights from MIL models, representing a significant advance for knowledge discovery and model debugging in digital histopathology. Codes are available at: https://github.com/bifold-pathomics/xMIL. {\textcopyright}2024 Neural information processing systems foundation. All rights reserved.",,0.7240702,0.49848494,0.2596268,0.37573767,0.25,0.08333333333333333,0.2222222222222222,,,,
6,2502,100,True,112,16,{Confound Removal and Normalization in Practice: A Neuroimaging Based Sex Prediction Case Study},"More, S and Eickhoff, S B and Caspers, J and Patil, K R",2021,,10.1007/978-3-030-67670-4_1,"Machine learning (ML) methods are increasingly being used to predict pathologies and biological traits using neuroimaging data. Here controlling for confounds is essential to get unbiased estimates of generalization performance and to identify the features driving predictions. However, a systematic evaluation of the advantages and disadvantages of available alternatives is lacking. This makes it difficult to compare results across studies and to build deployment quality models. Here, we evaluated two commonly used confound removal schemes-whole data confound regression (WDCR) and cross-validated confound regression (CVCR)-to understand their effectiveness and biases induced in generalization performance estimation. Additionally, we study the interaction of the confound removal schemes with Z-score normalization, a common practice in ML modelling. We applied eight combinations of confound removal schemes and normalization (pipelines) to decode sex from resting-state functional MRI (rfMRI) data while controlling for two confounds, brain size and age. We show that both schemes effectively remove linear univariate and multivariate confounding effects resulting in reduced model performance with CVCR providing better generalization estimates, i.e., closer to out-of-sample performance than WDCR. We found no effect of normalizing before or after confound removal. In the presence of dataset and confound shift, four tested confound removal procedures yielded mixed results, raising new questions. We conclude that CVCR is a better method to control for confounding effects in neuroimaging studies. We believe that our in-depth analyses shed light on choices associated with confound removal and hope that it generates more interest in this problem instrumental to numerous applications.",,0.5047633,0.3475035,0.49401098,0.4966991,0.0,0.0,0.0,,,,
6,2764,103,True,112,16,{Neuro-Vision to Language: Enhancing Brain Recording-based Visual Reconstruction and Language Interaction},"Shen, G and Zhao, D and He, X and Feng, L and Dong, Y and Wang, J and Zhang, Q and Zeng, Y",2024,,,"Decoding non-invasive brain recordings is pivotal for advancing our understanding of human cognition but faces challenges due to individual differences and complex neural signal representations. Traditional methods often require customized models and extensive trials, lacking interpretability in visual reconstruction tasks. Our framework integrates 3D brain structures with visual semantics using a Vision Transformer 3D. This unified feature extractor efficiently aligns fMRI features with multiple levels of visual embeddings, eliminating the need for subject-specific models and allowing extraction from single-trial data. The extractor consolidates multi-level visual features into one network, simplifying integration with Large Language Models (LLMs). Additionally, we have enhanced the fMRI dataset with diverse fMRI-image-related textual data to support multimodal large model development. Integrating with LLMs enhances decoding capabilities, enabling tasks such as brain captioning, complex reasoning, concept localization, and visual reconstruction. Our approach demonstrates superior performance across these tasks, precisely identifying language-based concepts within brain signals, enhancing interpretability, and providing deeper insights into neural processes. These advances significantly broaden the applicability of non-invasive brain decoding in neuroscience and human-computer interaction, setting the stage for advanced brain-computer interfaces and cognitive models. {\textcopyright}2024 Neural information processing systems foundation. All rights reserved.",,0.60034746,0.4133082,0.35219932,0.41423637,0.125,0.08333333333333333,0.2222222222222222,,,,
6,3023,104,True,112,16,{B-spine: Learning B-spline Curve Representation for Robust and Interpretable Spinal Curvature Estimation},"Wang, H and Song, Q and Yin, R F and Ma, R",2024,,,"Spinal curvature estimation is important to the diagnosis and treatment of the scoliosis. Existing methods face several issues such as the need of expensive annotations on the vertebral landmarks and being sensitive to the image quality. It is challenging to achieve robust estimation and obtain interpretable results, especially for low-quality images which are blurry and hazy. In this paper, we propose B-Spine, a novel deep learning pipeline to learn B-spline curve representation of the spine and estimate the Cobb angles for spinal curvature estimation from low-quality X-ray images. Given a low-quality input, a novel SegRefine network which employs the unpaired image-to-image translation is proposed to generate a high quality spine mask from the initial segmentation result. Next, a novel mask-based B-spline prediction model is proposed to predict the B-spline curve for the spine centerline. Finally, the Cobb angles are estimated by a hybrid approach which combines the curve slope analysis and a curvebased regression model. We conduct quantitative and qualitative comparisons with the representative and SOTA learning-based methods on the public AASCE2019 dataset and our new proposed JLU-CJUH dataset which contains more challenging low-quality images. The superior performance on both datasets shows our method can achieve both robustness and interpretability for spinal curvature estimation.",,0.6108413,0.4205327,0.3719715,0.43168893,0.125,0.0,0.1111111111111111,,,,
6,3055,105,True,112,16,{Modern hopfield networks and attention for immune repertoire classification},"Widrich, M and Sch{\""{a}}fl, B and Pavlovic, M and Ramsauer, H and Gruber, L and Holzleitner, M and Brandstetter, J and Sandve, G K and Greiff, V and Hochreiter, S and Klambauer, G",2020,,,"A central mechanism in machine learning is to identify, store, and recognize patterns. How to learn, access, and retrieve such patterns is crucial in Hopfield networks and the more recent transformer architectures. We show that the attention mechanism of transformer architectures is actually the update rule of modern Hopfield networks that can store exponentially many patterns. We exploit this high storage capacity of modern Hopfield networks to solve a challenging multiple instance learning (MIL) problem in computational biology: immune repertoire classification. In immune repertoire classification, a vast number of immune receptors are used to predict the immune status of an individual. This constitutes a MIL problem with an unprecedentedly massive number of instances, two orders of magnitude larger than currently considered problems, and with an extremely low witness rate. Accurate and interpretable machine learning methods solving this problem could pave the way towards new vaccines and therapies, which is currently a very relevant research topic intensified by the COVID-19 crisis. In this work, we present our novel method DeepRC that integrates transformer-like attention, or equivalently modern Hopfield networks, into deep learning architectures for massive MIL such as immune repertoire classification. We demonstrate that DeepRC outperforms all other methods with respect to predictive performance on large-scale experiments including simulated and real-world virus infection data and enables the extraction of sequence motifs that are connected to a given disease class. {\textcopyright}2020 Neural information processing systems foundation. All rights reserved.","Architecture,Attention mechanisms,Computational biology,Deep learning,Digital storage,Hopfield neural networks,Large scale experiments,Learning architectures,Learning systems,Machine learning methods,Multiple-instance learning,Network architecture,Orders of magnitude,Predictive performance,Viruses",0.64271724,0.44247767,0.37165844,0.43942314,0.125,0.08333333333333333,0.2222222222222222,,,,
7,1046,11,True,63,9,{Time-and-Concept Enhanced Deep Multidimensional Item Response Theory for interpretable Knowledge Tracing},"Su, Y and Cheng, Z and Luo, P and Wu, J and Zhang, L and Liu, Q and Wang, S",2021,Knowledge-Based Systems,10.1016/j.knosys.2021.106819,"Knowledge Tracing (KT), namely tracking the knowledge conditions of each student across time, has always been challenging due to the latent and time-varying characteristics of knowledge states. Traditional psychometrical frameworks lack the ability to extract rich representations of exercises or examinees. Deep learning KT models have shown comparable performances, but uninterpretable model parameters have limited their applications. Furthermore, existing frameworks usually cannot handle temporal factors appropriately, as most of them simply apply stochastic processes to simulate fluctuations on knowledge states over time. In this paper, we propose a new framework named Time-and-Concept Enhanced Deep Multidimensional Item Response Theory (TC-MIRT) that integrates the parameters of a Multidimensional Item Response Theory into an improved recurrent neural network. Specifically, two enhanced components are constructed to empower our model with the ability to perform trend forecasting and to generate explainable parameters in each specific domain of knowledge. Experiments implemented on two real-world datasets show that our framework outperforms state-of-the-art KT approaches on performance prediction tasks. Moreover, extensive case analyses also demonstrate that the interpretable parameters of TC-MIRT can be used to evaluate the strengths and weaknesses of students. {\textcopyright}2021 Elsevier B.V.","Domain of knowledge,Interpretable machine learning,Item Response Theory,Item response theory,Knowledge Tracing,Knowledge tracings,Model parameters,Performance prediction,Random processes,Real-world datasets,Recurrent neural network,Recurrent neural networks,Stochastic systems,Time-varying characteristics,Trend forecasting",0.7032635,0.48674121,0.27394474,0.38127443,0.25,0.08333333333333333,0.2222222222222222,,,,
7,1055,13,True,63,9,{Ensemble Knowledge Tracing: Modeling interactions in learning process},"Sun, J and Zou, R and Liang, R and Gao, L and Liu, S and Li, Q and Zhang, K and Jiang, L",2022,Expert Systems with Applications,10.1016/j.eswa.2022.117680,"Knowledge Tracing (KT) aims to continuously estimate students' evolving knowledge state during their learning process, which has attracted much research attention due to its potential for delivering personalized and optimal experiences to students in intelligent learning systems. The learning process is essentially the pairwise interactions of Students, Concepts, and Questions (S–C, S–Q, C–Q for short). Modeling all these interactions will improve the performance of KT. However, existing KT methods hardly exploit all the interactions in a single model. Specifically, Bayesian Knowledge Tracing (BKT) and most of its variants neglect C–Q; Deep Knowledge Tracing (DKT) and other deep neural network approaches mostly neglect S–Q and C–Q. We propose the Ensemble Knowledge Tracing (EnKT), which models all three types of interactions. The base model of EnKT is a hybrid of BKT and DKT. We also present an ensemble algorithm Recurrent Boosting (RB), which extends AdaBoost to deal with KT sequential data. Inspired by BKT, EnKT represents S–C and S–Q using learning and performance parameters, respectively. Besides, EnKT defines C–Q as the correlation complexity among the concepts involved in a question. Experiments show EnKT significantly outperforms state-of-the-art methods (by up to 6% in AUC in some cases) on four real-world benchmark datasets and illustrate better interpretability by several typical case studies. {\textcopyright}2022 Elsevier Ltd","Adaptive boosting,Bayesian knowledge tracings,Deep knowledge,Deep neural network,Deep neural networks,Intelligent learning systems,Knowledge Tracing,Knowledge state,Knowledge tracings,Learning interactions,Learning process,Learning systems,Model interaction,Students,Tracing model,User Modelling,User modeling",0.76574206,0.52998376,0.25396097,0.38190624,0.125,0.08333333333333333,0.2222222222222222,,,,
7,1307,17,True,63,9,{MAHKT: Knowledge tracing with multi-association heterogeneous graph embedding based on knowledge transfer},"Yang, H and Hu, J and Chen, J and Hu, S and Geng, J and Zhu, Q and Huang, T",2025,Knowledge-Based Systems,10.1016/j.knosys.2025.112958,"Knowledge Tracing (KT) is crucial in online education for tracing learners knowledge states and improving learning outcomes. However, existing graph-based KT models often focus solely on prerequisite associations among concepts or correlations between concepts and questions, neglecting the complex multi-association relationships among entities. This oversight causes biased question representations, which in turn affects the knowledge transfer propagation process, ultimately leading to inconsistencies between the represented and actual knowledge states. To address this, we propose multi-association heterogeneous knowledge transfer (MAHKT), a novel KT model that leverages multi-association heterogeneous graph embeddings based on knowledge-transfer principles, to better capture the evolution of knowledge states. Five types of associations were defined between questions and concepts to construct a multi-association heterogeneous graph, thereby proposing a knowledge triplet embedding method to extract the potential value of these associations. Grounded in near- and far-transfer theories, MAHKT employs a perception-attention mechanism to calculate similarity weights, propagates embeddings from first-order neighbors to capture near-transfer effects, and stacks propagation layers to aggregate far-transfer information, thereby comprehensively integrating richer knowledge from similar knowledge transfers across various association contexts. Finally, two LSTM modules were utilized to track the evolution of learner's knowledge states across questions and concepts, to predict their future performance. The experimental results show that MAHKT significantly outperformed existing KT methods, enhancing prediction accuracy and improving model interpretability in the knowledge transfer process. {\textcopyright}2025 Elsevier B.V.","Adversarial machine learning,Contrastive Learning,Federated learning,Graph embeddings,Heterogeneous Knowledge,Heterogeneous graph,Individualized education,Intelligent education,Intelligent educations,Knowledge graph,Knowledge state,Knowledge tracing,Knowledge tracings,Knowledge transfer,Tracing model,User Modelling,User modeling",0.6756871,0.4676551,0.28602272,0.38343883,0.125,0.08333333333333333,0.1111111111111111,,,,
7,2076,30,True,63,9,{Group-Level Cognitive Diagnosis: A Multi-Task Learning Perspective},"Huang, J and Liu, Q and Wang, F and Huang, Z and Fang, S and Wu, R and Chen, E and Su, Y and Wang, S",2021,,10.1109/ICDM51629.2021.00031,"Most cognitive diagnosis research in education has been concentrated on individual assessment, aiming at discovering the latent characteristics of students. However, in many real-world scenarios, group-level assessment is an important and meaningful task, e.g., class assessment in different regions can discover the difference of teaching level in different contexts. In this work, we consider assessing cognitive ability for a group of students, which aims to mine groups' proficiency on specific knowledge concepts. The significant challenge in this task is the sparsity of group-exercise response data, which seriously affects the assessment performance. Existing works either do not make effective use of additional student-exercise response data or fail to reasonably model the relationship between group ability and individual ability in different learning contexts, resulting in sub-optimal diagnosis results. To this end, we propose a general Multi-Task based Group-Level Cognitive Diagnosis (MGCD) framework, which is featured with three special designs: 1) We jointly model student-exercise responses and group-exercise responses in a multi-task manner to alleviate the sparsity of group-exercise responses; 2) We design a context-aware attention network to model the relationship between student knowledge state and group knowledge state in different contexts; 3) We model an interpretable cognitive layer to obtain student ability, group ability and exercise factors (e.g., difficulty), and then we leverage neural networks to learn complex interaction functions among them. Extensive experiments on real-world datasets demonstrate the generality of MGCD and the effectiveness of our attention design and multi-task learning.","Attention Mechanism,Conferences,Data Sparsity,Data mining,Data models,Education,Group-Level Cognitive Diagnosis,Knowledge engineering,Multi-Task Learning,Multitasking,Neural networks",0.6785748,0.4696538,0.29117393,0.38802415,0.125,0.08333333333333333,0.3333333333333333,,,,
7,2087,31,True,63,9,{That's What RoBERTa Said: Explainable Classification of Peer Feedback},"Huang, K and {Ferreira Mello}, R and {Pereira Junior}, C and Rodrigues, L and Baars, M and Viberg, O",2025,,10.1145/3706468.3706526,"Peer feedback (PF) is essential for improving student learning outcomes, particularly in Computer-Supported Collaborative Learning (CSCL) settings. When using digital tools for PF practices, student data (e.g., PF text entries) is generated automatically. Analyzing these large datasets can enhance our understanding of how students learn and help improve their learning. However, manually processing these large datasets is time-intensive, highlighting the need for automation. This study investigates the use of six machine learning models to classify PF messages from 231 students in a large university course. The models include Multi-Layer Perceptron (MLP), Decision Tree, BERT, RoBERTa, DistilBERT, and ChatGPT4o. The models were evaluated based on Cohen's accuracy and F1-score. Preprocessing involved removing stop words, and the impact of this on model performance was assessed. Results showed that only the Decision Tree model improved with stop-word removal, while performance decreased in the other models. RoBERTa consistently outperformed the others across all metrics. Explainable AI was used to understand RoBERTa's decisions by identifying the most predictive words. This study contributes to the automatic classification of peer feedback which is crucial for scaling learning analytics efforts aiming to provide better in-time support to students in CSCL settings. {\textcopyright}2025 Copyright held by the owner/author(s).","Adversarial machine learning,Computer Supported Collaborative Learning,Computer Supported Collaborative Learning.,Computer supported collaborative learning.,Contrastive Learning,Decision trees,Explainable artificial intelligence,Federated learning,High educations,Higher Education,Large datasets,Learning settings,Machine Learning,Machine-learning,Peer feedback,Stop word,Student learning outcomes,Students",0.62843525,0.43495128,0.42270184,0.4741352,0.125,0.08333333333333333,0.1111111111111111,,,,
7,2187,32,True,63,9,{Charting the Design and Analytics Agenda of Learnersourcing Systems},"Khosravi, H and Demartini, G and Sadiq, S and Gasevic, D and Machinery, Assoc Comp",2021,,10.1145/3448139.3448143,"Learnersourcing is emerging as a viable learner-centred and pedagogically justified approach for harnessing the creativity and evaluation power of learners as experts-in-training. Despite the increasing adoption of learnersourcing in higher education, understanding students' behaviour while engaged in learnersourcing and best practices for the design and development of learnersourcing systems are still largely under-researched. This paper offers data-driven reflections and lessons learned from the development and deployment of a learnersourcing adaptive educational system called RiPPLE, which to date, has been used in more than 50-course offerings with over 12,000 students. Our reflections are categorised into examples and best practices on (1) assessing the quality of students' contributions using accurate, explainable and fair approaches to data analysis, (2) incentivising students to develop high-quality contributions and (3) empowering instructors with actionable and explainable insights to guide student learning. We discuss the implications of these findings and how they may contribute to the growing literature on the development of effective learnersourcing systems and more broadly technological educational solutions that support learner-centred learning at scale.",,0.51330316,0.35526624,0.40680712,0.43343112,0.125,0.0,0.0,,,,
7,2298,36,True,63,9,{PST: Measuring Skill Proficiency in Programming Exercise Process via Programming Skill Tracing},"Li, R X and Yin, Y and Dai, L and Shen, S H and Lin, X and Su, Y and Chen, E H and ACM",2022,,10.1145/3477495.3531903,"Programming has become an important skill for individuals nowadays. For the demand to improve personal programming skill, tracking programming skill proficiency is getting more and more important. However, few researchers pay attention to measuring the programming skill of learners. Most of existing studies on learner capability portrait only made use of the exercise results, while the rich behavioral information contained in programming exercise process remains unused. Therefore, we propose a model that measures skill proficiency in programming exercise process named Programming Skill Tracing (PST). We designed Code Information Graph (CIG) to represent the feature of learners' solution code, and Code Tracing Graph (CTG) to measure the changes between the adjacent submissions. Furthermore, we divided programming skill into programming knowledge and coding ability to get more fine-grained assessment. Finally, we conducted various experiments to verify the effectiveness and interpretability of our PST model.",,0.5945067,0.41146865,0.34369206,0.40639573,0.125,0.08333333333333333,0.0,,,,
7,2304,38,True,63,9,{Unpacking Instructors' Analytics Use: Two Distinct Profiles for Informing Teaching},"Li, Q J and Jung, Y and D'Anjou, B and Wise, A F and Machinery, Assoc Comp",2022,,10.1145/3506860.3506905,"This study addresses the gap in knowledge about differences in how instructors use analytics to inform teaching by examining the ways that thirteen college instructors engaged with a set of university-provided analytics. Using multiple walk-through interviews with the instructors and qualitative inductive coding, two profiles of instructor analytics use were identified that were distinct from each other in terms of the goals of analytics use, how instructors made sense of and took actions upon the analytics, and the ways that ethical concerns were conceived. Specifically, one group of instructors used analytics to help students get aligned to and engaged in the course, whereas the other group used analytics to align the course to meet students' needs. Instructors in both profiles saw ethical questions as central to their learning analytics use, with instructors in one profile focusing on transparency and the other on student privacy and agency. These findings suggest the need to view analytics use as an integrated component of instructor teaching practices and envision complementary sets of technical and pedagogical support that can best facilitate the distinct activities aligned with each profile.",,0.37803277,0.26164323,0.2786523,0.30349743,0.125,0.08333333333333333,0.0,,,,
7,3049,61,True,63,9,{Iterative discriminant tensor factorization for behavior comparison in massive open online courses},"Wen, X and Lin, Y.-R. and Liu, X and Brusilovsky, P and Pineda, J B",2019,,10.1145/3308558.3313713,"The increasing utilization of massive open online courses has significantly expanded global access to formal education. Despite the technology's promising future, student interaction on MOOCs is still a relatively under-explored and poorly understood topic. This work proposes a multi-level pattern discovery through hierarchical discriminative tensor factorization. We formulate the problem as a hierarchical discriminant subspace learning problem, where the goal is to discover the shared and discriminative patterns with a hierarchical structure. The discovered patterns enable a more effective exploration of the contrasting behaviors of two performance groups. We conduct extensive experiments on several real-world MOOC datasets to demonstrate the effectiveness of our proposed approach. Our study advances the current predictive modeling in MOOCs by providing more interpretable behavioral patterns and linking their relationships with the performance outcome. {\textcopyright}2019 IW3C2 (International World Wide Web Conference Committee), published under Creative Commons CC-BY 4.0 License.","Behavior comparisons,Behavioral patterns,E-learning,Factorization,Hierarchical structures,Massive open online course,Open access,Performance outcome,Predictive modeling,Student interactions,Tensor factorization,Tensors,World Wide Web",0.6245074,0.43223274,0.4649861,0.5048664,0.125,0.08333333333333333,0.1111111111111111,,,,
8,256,5,True,55,8,{Interpretable sequence clustering},"Dong, J J and Yang, X Y and Jiang, M D and Hu, L Y and He, Z Y",2025,INFORMATION SCIENCES,10.1016/j.ins.2024.121453,"Categorical sequence clustering is vital across various domains; however, the interpretability of cluster assignments presents considerable challenges. Sequences inherently lack explicit features, and existing sequence clustering algorithms heavily rely on complex representations, which complicates the explanation of their outcomes. To address this issue, we propose a method called Interpretable Sequence Clustering Tree (ISCT), which combines sequential patterns with a concise and interpretable tree structure. ISCT leverages k - 1 patterns to generate k leaf nodes, corresponding to k clusters, which provides an intuitive explanation on how each cluster is formed. More precisely, ISCT first projects sequences into random subspaces and then utilizes the k-means algorithm to obtain high-quality initial cluster assignments. Subsequently, it constructs a pattern- based decision tree using a boosting strategy in which sequences are re-projected and re-clustered at each node before mining the top-1 discriminative splitting pattern. Experimental results on 14 real-world data sets demonstrate that our proposed method provides an interpretable tree structure while delivering fast and accurate cluster assignments.",,0.6192345,0.4028514,0.3751706,0.43618655,0.125,0.08333333333333333,0.0,,,,
8,478,11,True,55,8,{Dimension reduction based on a penalized kernel support vector machine model},"Jiang, H and Dong, Y",2017,Knowledge-Based Systems,10.1016/j.knosys.2017.09.041,"Prediction and dimension reduction play increasingly significant roles in high-dimensional data analysis; however, they suffer from model inaccuracy, selection inconsistency and a prohibitively expensive computational cost as the model dimension increases exponentially. Although a support vector machine (SVM) is one of the most powerful forecasting approaches that are widely used by the research community, it does not provide an interpretable model that violates the principle of Occam's razor. In classical regression problems, a penalized linear SVM model for the dimension reduction task has been investigated in the linear feature space under the assumption that the underlying true model is linear. In this paper, the penalized kernel SVM (PKSVM) model is proposed and investigated combining with a SVM information criterion (SVMIC) for the dimension reduction task in the nonlinear kernel space using radial basis function for prediction and model representation. Instead of pursuing sparsity in the original feature space of the SVM, dimension reduction is performed in the kernel feature space. Computationally, a fast and simple-to-implement algorithm is derived. Furthermore, both SVMIC and cross-validation are utilized to select the kernel and regularization parameters to guarantee the model consistency. Real data applications including microarray data analysis and global solar radiation forecasting are provided. The first application selected significant components in genetic study and the important data information is extracted for grid-connected photovoltaic installations in the second application. The proposed dimension reduction technique avoids the model redundancy which is of great importance for knowledge discovery. {\textcopyright}2017 Elsevier B.V.","Clustering algorithms,Data handling,Data mining,Data reduction,Dimension reduction,Dimension reduction techniques,Forecasting,Grid-connected photovoltaic,High-dimensional data analysis,Information analysis,PKSVM,Radial basis function networks,Regularization parameters,SVM,SVMIC,Support vector machine models,Support vector machines",0.5319543,0.34607014,0.39531898,0.4294778,0.125,0.08333333333333333,0.1111111111111111,,,,
8,1130,22,True,55,8,{Cluster-based data relabelling for classification},"Wan, H and Wang, H and Scotney, B and Liu, J and Wei, X",2023,Information Sciences,10.1016/j.ins.2023.119485,"Linear classifiers are generally simpler and more explainable than their nonlinear variants. They can achieve satisfactory classification performance on linearly separable data, but not on nonlinear data. So, linear classifiers need extending, typically by modification of their algorithms, resulting in their nonlinear variants. In this paper we present one general method, cluster-based data relabelling (CBDR), that allows linear classifiers to work effectively on nonlinear data. CBDR partitions the data set into several non-overlapping class-specific clusters and relabels data by the clusters. A linear classifier can then be applied to the relabelled data to seek cluster-based linear decision boundaries instead of class-based decision boundaries. Extensive experimentation has demonstrated that CBDR can significantly enhance the classification performance of linear classifiers, and even outperform their nonlinear variants. Further experimentation has demonstrated that CBDR can also improve the classification performance of nonlinear classifiers. Most significant outperformance was observed on imbalanced data in both cases. {\textcopyright}2023 Elsevier Inc.","Classification,Classifier,Classifiers,Cluster-based,Cluster-based data relabeling,Cluster-based data relabelling,Decision tree,Decision trees,Discriminant analysis,Learning systems,Linear classifiers,Linear discriminant analyse classifier,Linear discriminant analysis classifier,Linear discriminant analyze,Machine learning,Machine-learning,Multilayer neural networks,Multilayer perceptron,Multilayers perceptrons,Naive Bayes classifier,Naive Bayes classifiers,Pattern recognition,Relabelling,Support vector machine,Support vector machines,Support vectors machine",0.58869934,0.38298637,0.3807894,0.43276688,0.125,0.08333333333333333,0.2222222222222222,,,,
8,1267,25,True,55,8,{Manifold Peaks Nonnegative Matrix Factorization},"Xu, X and He, P",2024,IEEE transactions on neural networks and learning systems,10.1109/TNNLS.2022.3212922 LK - https://unimib.on.worldcat.org/atoztitles/link?sid=EMBASE&sid=EMBASE&issn=21622388&id=doi:10.1109%2FTNNLS.2022.3212922&atitle=Manifold+Peaks+Nonnegative+Matrix+Factorization&stitle=IEEE+Trans+Neural+Netw+Learn+Syst&title=IEEE+transactions+on+neural+networks+and+learning+systems&volume=35&issue=5&spage=6850&epage=6862&aulast=Xu&aufirst=Xiaohua&auinit=X.&aufull=Xu+X.&coden=&isbn=&pages=6850-6862&date=2024&auinit1=X&auinitm=,"Nonnegative matrix factorization (NMF) has attracted increasing interest for its high interpretability in recent years. It is shown that the NMF is closely related to fuzzy k -means clustering, where the basis matrix represents the cluster centroids. However, most of the existing NMF-based clustering algorithms often have their decomposed centroids deviate away from the data manifold, which potentially undermines the clustering results, especially when the datasets lie on complicated geometric structures. In this article, we present a manifold peaks NMF (MPNMF) for data clustering. The proposed approach has the following advantages: 1) it selects a number of MPs to characterize the backbone of the data manifold; 2) it enforces the centroids to lie on the original data manifold, by restricting each centroid to be a conic combination of a small number of nearby MPs; 3) it generalizes the graph smoothness regularization to guide the local graph construction; and 4) it solves a general problem of quadratic regularized nonnegative least squares (NNLSs) with group l0 -norm constraint and further develops an efficient optimization algorithm to solve the objective function of the MPNMF. Extensive experiments on both synthetic and real-world datasets demonstrate the effectiveness of the proposed approach.","article,decomposition,k means clustering,least square analysis,non-negative matrix factorization",0.71899843,0.46775416,0.28785056,0.3956375,0.125,0.08333333333333333,0.0,,,,
8,1401,29,True,55,8,{Multitask-Guided Deep Clustering With Boundary Adaptation},"Zhang, X and Wang, T and Zhao, X and Wen, D and Zhai, D",2024,IEEE transactions on neural networks and learning systems,10.1109/TNNLS.2023.3307126 LK - https://unimib.on.worldcat.org/atoztitles/link?sid=EMBASE&sid=EMBASE&issn=21622388&id=doi:10.1109%2FTNNLS.2023.3307126&atitle=Multitask-Guided+Deep+Clustering+With+Boundary+Adaptation&stitle=IEEE+Trans+Neural+Netw+Learn+Syst&title=IEEE+transactions+on+neural+networks+and+learning+systems&volume=35&issue=5&spage=6089&epage=6102&aulast=Zhang&aufirst=Xiaobo&auinit=X.&aufull=Zhang+X.&coden=&isbn=&pages=6089-6102&date=2024&auinit1=X&auinitm=,"Multitask learning uses external knowledge to improve internal clustering and single-task learning. Existing multitask learning algorithms mostly use shallow-level correlation to aid judgment, and the boundary factors on high-dimensional datasets often lead algorithms to poor performance. The initial parameters of these algorithms cause the border samples to fall into a local optimal solution. In this study, a multitask-guided deep clustering (DC) with boundary adaptation (MTDC-BA) based on a convolutional neural network autoencoder (CNN-AE) is proposed. In the first stage, dubbed multitask pretraining (M-train), we construct an autoencoder (AE) named CNN-AE using the DenseNet-like structure, which performs deep feature extraction and stores captured multitask knowledge into model parameters. In the second phase, the parameters of the M-train are shared for CNN-AE, and clustering results are obtained by deep features, which is termed as single-task fitting (S-fit). To eliminate the boundary effect, we use data augmentation and improved self-paced learning to construct the boundary adaptation. We integrate boundary adaptors into the M-train and S-fit stages appropriately. The interpretability of MTDC-BA is accomplished by data transformation. The model relies on the principle that features become important as the reconfiguration loss decreases. Experiments on a series of typical datasets confirm the performance of the proposed MTDC-BA. Compared with other traditional clustering methods, including single-task DC algorithms and the latest multitask clustering algorithms, our MTDC-BA achieves better clustering performance with higher computational efficiency. Deep features clustering results demonstrate the stability of MTDC-BA by visualization and convergence verification. Through the visualization experiment, we explain and analyze the whole model data input and the middle characteristic layer. Further understanding of the principle of MTDC-BA. Through additional experiments, we know that the proposed MTDC-BA is efficient in the use of multitask knowledge. Finally, we carry out sensitivity experiments on the hyper-parameters to verify their optimal performance.","article,autoencoder,clustering algorithm,convolutional neural network,feature extraction,learning",0.5726947,0.3725743,0.34991497,0.4056099,0.125,0.08333333333333333,0.3333333333333333,,,,
8,1579,34,True,55,8,{Sparse Exact PGA on Riemannian Manifolds},"Banerjee, M and Chakraborty, R and Vemuri, B C",2017,,10.1109/ICCV.2017.536,"Principal Component Analysis (PCA) is a widely popular dimensionality reduction technique for vector-valued inputs. In the past decade, a nonlinear generalization of PCA, called the Principal Geodesic Analysis (PGA) was developed to tackle data that lie on a smooth manifold. PGA suffers from the same problem as PCA in that, in both the methods, each Principal Component (PC) is a linear combination of the original variables. This makes it very difficult to interpret the PCs especially in high dimensions. This lead to the introduction of sparse PCA (SPCA) in the vector-space input case. In this paper, we present a novel generalization of SPCA, called sparse exact PGA (SEPGA) that can cope with manifold-valued input data and respect the intrinsic geometry of the underlying manifold. Sparsity has the advantage of not only easy interpretability but also computational efficiency. We achieve this by formulating the PGA problem as a minimization of the projection error in conjunction with sparsity constraints enforced on the principal vectors post isomorphic mapping to Rm, where m is the dimension of the manifold on which the data reside. Further, for constant curvature smooth manifolds, we use analytic formulae for the projection error leading to an efficient solution to the SEPGA problem. We present extensive experimental results demonstrating the performance of SEPGA in achieving very good sparse principal components without sacrificing the accuracy of reconstruction. This makes SEPGA accurate and efficient in representing manifold-valued data.","Algorithm design and analysis,Closed-form solutions,Electronics packaging,Linear programming,Manifolds,Optimization,Principal component analysis",0.56559813,0.36795756,0.37286663,0.4210495,0.125,0.08333333333333333,0.0,,,,
8,2623,52,True,55,8,{Discovering Outstanding Subgroup Lists for Numeric Targets Using MDL},"Proen{\c{c}}a, H M and Gr{\""{u}}nwald, P and B{\""{a}}ck, T and van Leeuwen, M",2021,,10.1007/978-3-030-67658-2_2,"The task of subgroup discovery (SD) is to find interpretable descriptions of subsets of a dataset that stand out with respect to a target attribute. To address the problem of mining large numbers of redundant subgroups, subgroup set discovery (SSD) has been proposed. State-of-the-art SSD methods have their limitations though, as they typically heavily rely on heuristics and/or user-chosen hyperparameters. We propose a dispersion-aware problem formulation for subgroup set discovery that is based on the minimum description length (MDL) principle and subgroup lists. We argue that the best subgroup list is the one that best summarizes the data given the overall distribution of the target. We restrict our focus to a single numeric target variable and show that our formalization coincides with an existing quality measure when finding a single subgroup, but that-in addition-it allows to trade off subgroup quality with the complexity of the subgroup. We next propose SSD++, a heuristic algorithm for which we empirically demonstrate that it returns outstanding subgroup lists: non-redundant sets of compact subgroups that stand out by having strongly deviating means and small spread.",,0.5072156,0.32997596,0.404374,0.4300844,0.125,0.08333333333333333,0.0,,,,
8,3238,53,True,55,8,{CPM-Nets: Cross partial multi-view networks},"Zhang, C and Han, Z and Cui, Y and Fu, H and Zhou, J T and Hu, Q",2019,,,"Despite multi-view learning progressed fast in past decades, it is still challenging due to the difficulty in modeling complex correlation among different views, especially under the context of view missing. To address the challenge, we propose a novel framework termed Cross Partial Multi-View Networks (CPM-Nets). In this framework, we first give a formal definition of completeness and versatility for multi-view representation and then theoretically prove the versatility of the latent representation learned from our algorithm. To achieve the completeness, the task of learning latent multi-view representation is specifically translated to degradation process through mimicking data transmitting, such that the optimal tradeoff between consistence and complementarity across different views could be achieved. In contrast with methods that either complete missing views or group samples according to view-missing patterns, our model fully exploits all samples and all views to produce structured representation for interpretability. Extensive experimental results validate the effectiveness of our algorithm over existing state-of-the-arts. {\textcopyright}2019 Neural information processing systems foundation. All rights reserved.","Data transmitting,Degradation process,Formal definition,Interpretability,Model complexes,Multi-view learning,Optimal tradeoffs,State of the art",0.5766515,0.3751485,0.36441112,0.41747123,0.125,0.08333333333333333,0.2222222222222222,,,,
9,69,0,True,53,7,{CiwGAN and fiwGAN: Encoding information in acoustic data to model lexical learning with Generative Adversarial Networks},"Begu{\v{s}}, G",2021,Neural Networks,10.1016/j.neunet.2021.03.017,"How can deep neural networks encode information that corresponds to words in human speech into raw acoustic data? This paper proposes two neural network architectures for modeling unsupervised lexical learning from raw acoustic inputs: ciwGAN (Categorical InfoWaveGAN) and fiwGAN (Featural InfoWaveGAN). These combine Deep Convolutional GAN architecture for audio data (WaveGAN; Donahue et al., 2019) with the information theoretic extension of GAN – InfoGAN (Chen et al., 2016) – and propose a new latent space structure that can model featural learning simultaneously with a higher level classification and allows for a very low-dimension vector representation of lexical items. In addition to the Generator and Discriminator networks, the architectures introduce a network that learns to retrieve latent codes from generated audio outputs. Lexical learning is thus modeled as emergent from an architecture that forces a deep neural network to output data such that unique information is retrievable from its acoustic outputs. The networks trained on lexical items from the TIMIT corpus learn to encode unique information corresponding to lexical items in the form of categorical variables in their latent space. By manipulating these variables, the network outputs specific lexical items. The network occasionally outputs innovative lexical items that violate training data, but are linguistically interpretable and highly informative for cognitive modeling and neural network interpretability. Innovative outputs suggest that phonetic and phonological representations learned by the network can be productively recombined and directly paralleled to productivity in human speech: a fiwGAN network trained on suit and dark outputs innovative start, even though it never saw start or even a [st] sequence in the training data. We also argue that setting latent featural codes to values well beyond training range results in almost categorical generation of prototypical lexical items and reveals underlying values of each latent code. Probing deep neural networks trained on well understood dependencies in speech bears implications for latent space interpretability and understanding how deep neural networks learn meaningful representations, as well as potential for unsupervised text-to-speech generation in the GAN framework. {\textcopyright}2021 The Author","Acoustic word embedding,Acoustics,Artificial intelligence,Classification (of information),Deep neural networks,Encoding (symbols),Generative adversarial network,Generative adversarial networks,Human speech,Interpretability,Learn+,Lexical items,Lexical learning,Linguistics,Machine Learning,Natural Language Processing,Network architecture,Network coding,Neural network interpretability,Neural-networks,Speech,Speech Recognition Software,acoustics,article,artificial intelligence,automatic speech recognition,bear,deep neural network,embedding,human,human experiment,learning,machine learning,natural language processing,nonhuman,productivity,speech,theoretical study",0.65934825,0.467612,0.3760994,0.44691163,0.125,0.08333333333333333,0.2222222222222222,,,,
9,132,1,True,53,7,{Active Image Synthesis for Efficient Labeling},"Chen, J and Xie, Y and Wang, K and Zhang, C and Vannan, M A and Wang, B and Qian, Z",2021,IEEE transactions on pattern analysis and machine intelligence,10.1109/TPAMI.2020.2993221 LK - https://unimib.on.worldcat.org/atoztitles/link?sid=EMBASE&sid=EMBASE&issn=19393539&id=doi:10.1109%2FTPAMI.2020.2993221&atitle=Active+Image+Synthesis+for+Efficient+Labeling&stitle=IEEE+Trans+Pattern+Anal+Mach+Intell&title=IEEE+transactions+on+pattern+analysis+and+machine+intelligence&volume=43&issue=11&spage=3770&epage=3781&aulast=Chen&aufirst=Jialei&auinit=J.&aufull=Chen+J.&coden=&isbn=&pages=3770-3781&date=2021&auinit1=J&auinitm=,"The great success achieved by deep neural networks attracts increasing attention from the manufacturing and healthcare communities. However, the limited availability of data and high costs of data collection are the major challenges for the applications in those fields. We propose in this work AISEL, an active image synthesis method for efficient labeling, to improve the performance of the small-data learning tasks. Specifically, a complementary AISEL dataset is generated, with labels actively acquired via a physics-based method to incorporate underlining physical knowledge at hand. An important component of our AISEL method is the bidirectional generative invertible network (GIN), which can extract interpretable features from the training images and generate physically meaningful virtual images. Our AISEL method then efficiently samples virtual images not only further exploits the uncertain regions but also explores the entire image space. We then discuss the interpretability of GIN both theoretically and experimentally, demonstrating clear visual improvements over the benchmarks. Finally, we demonstrate the effectiveness of our AISEL framework on aortic stenosis application, in which our method lowers the labeling cost by 90 percent while achieving a 15 percent improvement in prediction accuracy.","aortic stenosis,article,learning,physics,prediction,synthesis",0.7160058,0.50779366,0.35036838,0.44177774,0.125,0.08333333333333333,0.2222222222222222,,,,
9,876,10,True,53,7,{Attribute-based regularization of latent spaces for variational auto-encoders},"Pati, A and Lerch, A",2021,NEURAL COMPUTING & APPLICATIONS,10.1007/s00521-020-05270-2,"Selective manipulation of data attributes using deep generative models is an active area of research. In this paper, we present a novel method to structure the latent space of a variational auto-encoder to encode different continuous-valued attributes explicitly. This is accomplished by using an attribute regularization loss which enforces a monotonic relationship between the attribute values and the latent code of the dimension along which the attribute is to be encoded. Consequently, post training, the model can be used to manipulate the attribute by simply changing the latent code of the corresponding regularized dimension. The results obtained from several quantitative and qualitative experiments show that the proposed method leads to disentangled and interpretable latent spaces which can be used to effectively manipulate a wide range of data attributes spanning image and symbolic music domains.",,0.70163953,0.4976051,0.3628289,0.44753155,0.125,0.08333333333333333,0.0,,,,
9,1272,14,True,53,7,{Modal disentangled generative adversarial networks for bidirectional magnetic resonance image synthesis},"Xu, L and Lei, Y and Shao, J and Zeng, X and Li, W",2025,Engineering Applications of Artificial Intelligence,10.1016/j.engappai.2024.109817,"Magnetic resonance imaging (MRI) is commonly used both in clinical diagnosis and scientific research. Owing to the high cost, time constraints, and limited application of multi-contrast MRI images obtained from metallic implants, it incurs low throughput and misses a specific modality. Medical image cross-modal synthesis based on Artificial Intelligence (AI) technologies is proposed to synthesize the desired missing modal images. However, it still suffers from low expandability, invisible latent representations, and poor interpretability. We thus propose modal disentanglement generative adversarial networks for bidirectional T1-weighted (T1-w) and T1-weighted (T2-w) medical image synthesis with controllable cross-modal synthesis and disentangled interpretability. Firstly, we construct a cross-modal synthesis model to achieve bidirectional generation between T1-w and T2-w MRI images, which can be easily extended for adaptive modality synthesis without training multiple generators and discriminators. Then, we use an easily trained deep network to disentangle deep representations in latent space and map representations in latent space into pixel space to visualize morphological images and yield multi-contrast MRI images with controllable feature generation. Besides, we construct an easy-to-interpret deep structure by incorporating morphology consistency to preserve edge contours and visualize deep representations in latent space to enable interpretability, which is critical for artificial intelligence oriented to engineering applications and clinical diagnostics. The experiments demonstrate that ours outperforms recent state-of-the-art methods with average improvements of 15.8% structural similarity (SSIM), 12.7% multiscale structural similarity (MSIM), 38.2% peak signal-to-noise ratio (PSNR) and 5.2% visual information fidelity (VIF) on benchmark datasets. {\textcopyright}2024 Elsevier Ltd","Adversarial networks,Bi-directional synthesis,Bidirectional synthesis,Clinical diagnostics,Controllable generation,Cross-modal,Diagnosis,Image enhancement,Interpretability,Interpretable artificial intelligence,Magnetic resonance imaging,Medical image processing,Modal synthesis,Representation visualization,Representations visualization,T1-weighted",0.6975929,0.49473518,0.34932697,0.43639344,0.125,0.08333333333333333,0.1111111111111111,,,,
9,2222,22,True,53,7,{Exploratory Search of GANs with Contextual Bandits},"Kropotov, I and Medlar, A and Glowacka, D and ACM",2021,,10.1145/3459637.3482103,"Interactive image retrieval involves users searching a collection of images to satisfy their subjective information needs. However, even large image collections arefi nite and therefore may not be able to satisfy users. An alternate approach would be to explore a generative adversarial network (GAN) and model users' search intents directly in terms of the latent space used by the GAN to generate images. In this article, we present a simulation study exploring the performance of Gaussian Process bandits in the context of interactive GAN exploration. We used recent advances in interpretable GAN controls to investigate the scalability of different approaches in terms of image space dimensionality. While we present several experiments with promising results, none of the approaches tested scale sufficiently well to explore the entire GAN image space.",,0.6601491,0.4681799,0.36306936,0.4373393,0.125,0.0,0.1111111111111111,,,,
9,3047,37,True,53,7,{Interpretable and Generalizable Spatiotemporal Predictive Learning with Disentangled Consistency},"Wei, J X and Tan, C and Gao, Z Y and Sun, L Z and Yu, B H and Guo, R F and Li, S",2024,,10.1007/978-3-031-70352-2_1,"In recent years, significant strides have been made in the field of spatiotemporal predictive learning, a discipline that focuses on accurately forecasting future sequences based on previously observed frames. Despite the impressive capabilities of current leading-edge models, which leverage specialized network architectures to optimize learning in both spatial and temporal domains, these models often fall short in their ability to accurately interpret underlying spatiotemporal dependencies and extend their learnings to unseen data. In this study, we attempt to address these shortcomings by disentangling the context and motion within sequential spatiotemporal data, and then systematically analyzing the relationship between the original and disentangled data. We introduce context-motion disentanglement modules that utilize temporal entropy to segregate the context and motion, and then apply regularization to the disentangled motion to ensure its consistency with the predicted frames produced by conventional spatiotemporal predictive learning. Our proposed methodology can be trained in an end-to-end fashion and serves to improve not just the predictive performance but also the interpretability and generalizability of the model. The efficacy of our proposed method is illustrated through comprehensive quantitative and qualitative assessments.",,0.6616456,0.4692412,0.36603034,0.43993413,0.125,0.0,0.1111111111111111,,,,
9,3110,42,True,53,7,{Inducing Hierarchical Compositional Model by Sparsifying Generator Network},"Xing, X and Wu, T and Zhu, S -C. and Wu, Y N",2020,,10.1109/CVPR42600.2020.01430,"This paper proposes to learn hierarchical compositional AND-OR model for interpretable image synthesis by sparsifying the generator network. The proposed method adopts the scene-objects-parts-subparts-primitives hierarchy in image representation. A scene has different types (i.e., OR) each of which consists of a number of objects (i.e., AND). This can be recursively formulated across the scene-objects-parts-subparts hierarchy and is terminated at the primitive level (e.g., wavelets-like basis). To realize this AND-OR hierarchy in image synthesis, we learn a generator network that consists of the following two components: (i) Each layer of the hierarchy is represented by an over-completed set of convolutional basis functions. Off-the-shelf convolutional neural architectures are exploited to implement the hierarchy. (ii) Sparsity-inducing constraints are introduced in end-to-end training, which induces a sparsely activated and sparsely connected AND-OR model from the initially densely connected generator network. A straightforward sparsity-inducing constraint is utilized, that is to only allow the top-$k$ basis functions to be activated at each layer (where $k$ is a hyper-parameter). The learned basis functions are also capable of image reconstruction to explain the input images. In experiments, the proposed method is tested on four benchmark datasets. The results show that meaningful and interpretable hierarchical representations are learned with better qualities of image synthesis and reconstruction obtained than baselines.","Computational modeling,Gallium nitride,Generators,Image coding,Image generation,Image reconstruction,Training",0.7174842,0.5088422,0.35738683,0.44741118,0.125,0.08333333333333333,0.3333333333333333,,,,
10,216,3,True,53,7,{Prior knowledge-infused Self-Supervised Learning and explainable AI for Fault Detection and Isolation in PEM electrolyzers},"Dash, B M and Bouamama, B O and Pekpe, K M and Boukerdja, M",2024,Neurocomputing,10.1016/j.neucom.2024.127871 LK - https://unimib.on.worldcat.org/atoztitles/link?sid=EMBASE&sid=EMBASE&issn=18728286&id=doi:10.1016%2Fj.neucom.2024.127871&atitle=Prior+knowledge-infused+Self-Supervised+Learning+and+explainable+AI+for+Fault+Detection+and+Isolation+in+PEM+electrolyzers&stitle=Neurocomputing&title=Neurocomputing&volume=594&issue=&spage=&epage=&aulast=Dash&aufirst=Balyogi+Mohan&auinit=B.M.&aufull=Dash+B.M.&coden=NRCGE&isbn=&pages=-&date=2024&auinit1=B&auinitm=M,"In this paper, a novel Fault Detection and Isolation (FDI) method for Proton Exchange Membrane (PEM) electrolyzers is presented. The challenge of limited availability of labeled fault data is addressed through the utilization of Bond Graphs (BG) and Self-Supervised Learning (SSL). The Linear Fractional Transformation-Bond Graph (LFT-BG) model is employed to generate uncertain residuals and pseudo labels, enabling the training of a deep neural network through self-supervised learning. Additionally, the BG-XAI method is introduced, leveraging eXplainable AI (XAI) and structural equations from Bond Graphs to provide explanations for the decisions made by the deep learning model. The superior performance of the proposed approach, particularly in dealing with limited labeled data, is demonstrated through comparative assessments against various state-of-the-art SSL methods. The demo code of the proposed method is available in this repository: https://github.com/mohan696matlab/SSL_based_Hybrid_FDI.","analytical equipment,article,artificial intelligence,bond graph,computer simulation,convolutional neural network,deep learning,denoising autoencoder,electric current,electric potential,electrochemical analysis,electrolysis,enthalpy,entropy,fault detection and isolation,fault signature matrix,feature extraction,feature selection,heat tolerance,information processing,knowledge,learning algorithm,linear fractional transformation bond graph,machine learning,mathematical model,mathematical parameters,mathematical phenomena,microfluidics,proton exchange membrane electrolyzer,reliability,segmentation algorithm,self supervised contrastive learning,self supervised learning,semi supervised machine learning,stoichiometry,supervised machine learning,thermal analysis,training,value imputation and mask estimation",0.590863,0.4102875,0.45945376,0.49230605,0.25,0.08333333333333333,0.2222222222222222,,,,
10,490,12,True,53,7,{Based on spatial Mahalanobis distance: A novel zero-shot learning method for compound fault identification and decoupling},"Jiang, M and Xiang, Y and Sheng, C",2025,Expert Systems with Applications,10.1016/j.eswa.2025.126680,"To address the current limitations of intelligent diagnostic methods in identifying compound faults (CF) without the participation of training samples, such as the need for manual prior knowledge to classify single fault (SF) and CF, low diagnostic efficiency, and lack of interpretability, we propose a stepwise zero-shot learning decoupling method for CF. Our approach begins by using SF data to train a deep convolutional neural network (CNN), which extracts relevant SF features from CF. Next, we use the extracted SF features and a Gaussian Mixture Model (GMM) to establish a fault anomaly detection model that automatically classifies single and CF based on the spatial distance between the fault feature and the GMM cluster centers. Finally, leveraging the varying sensitivity of GMM to CF relevant features, we fine-tune the GMM using CF features. The decoupling of CF is achieved by analyzing the changes in probability attribute weights of the fine-tuned clustering model and the relative weight distances between CF features and SF cluster centers. We validated the proposed method on various datasets, and the results demonstrated high generalization ability and diagnostic interpretability, effectively decoupling compound faults. {\textcopyright}2025 Elsevier Ltd","Anomaly detection,Cluster centers,Compound fault decoupling,Compound faults,Convolutional neural networks,Decouplings,Fault feature,GMM,Gaussian Mixture Model,Interpretability,Mahalanobis distance,Mahalanobis distances,Single fault,Zero-shot learning",0.71987945,0.49987486,0.34628445,0.4396832,0.125,0.08333333333333333,0.2222222222222222,,,,
10,662,24,True,53,7,{Explainable artificial intelligence and multi-stage transfer learning for injection molding quality prediction},"Lin, C.-Y. and Gim, J and Shotwell, D and Lin, M.-T. and Liu, J.-H. and Turng, L.-S.",2024,Journal of Intelligent Manufacturing,10.1007/s10845-024-02436-w,"High-precision optical products made of polymeric materials have been surging in recent years due to the prevalence of smartphones and their camera modules. Manufacturing fast-changing generations of high-precision optical lenses with accurately predicted qualities is a challenging task. Simulations and modern artificial intelligence (AI) techniques play crucial roles in accelerating precise process development. Coupled with computer simulation, this research employs a fusion of explainable AI (XAI) and multi-stage transfer learning (TL) approaches with artificial neural network (ANN) models to predict the surface profile variation of injection-molded polycarbonate (PC) lenses. The proposed method efficiently bridges preliminary simulations to injection molding experiments, covering a complete process development workflow from feature selection, process modeling, to experimental investigation in the same modeling domain. Only one model from scratch is required, which carries knowledge to the final quality prediction model. When compared with the conventional TL and the na{\""{i}}ve model, the multi-stage TL approach provides better predictions with a maximum reduction of 64% and 43% in simulation and actual manufacturing data requirement, respectively. This research demonstrates a viable connection between each stage in the injection molding (IM) process development in predicting the qualities of high-precision optical lenses. Meanwhile, the combined usage of XAI and (multi-stage) TL confirms model explanations and pinpoints a potential pathway to assess future TL capabilities from the modeling perspectives. {\textcopyright}The Author(s), under exclusive licence to Springer Science+Business Media, LLC, part of Springer Nature 2024.","Explainable artificial intelligence (XAI),Injection molding,Optics,Transfer learning (TL),Warpage",0.477687,0.3316996,0.41684252,0.43205366,0.25,0.08333333333333333,0.2222222222222222,,,,
10,699,28,True,53,7,{Attention on the key modes: Machinery fault diagnosis transformers through variational mode decomposition},"Liu, H and Xu, Q and Han, X and Wang, B and Yi, X",2024,Knowledge-Based Systems,10.1016/j.knosys.2024.111479,"Machinery signals typically consist of multiple sub-signals in different frequency bands, while existing Transformer-based fault diagnosis methods often lack attention to key fault frequencies, causing interference in fault diagnosis. Therefore, an innovative Transformer structure for fault diagnosis based on variational mode decomposition (VMD) is proposed. First, to address the difficulty in identifying signal features arising from coupling of multiple frequency bands, a mode encoder based on VMD is proposed to decompose the coupled modes and calculate the key modes. Second, a position encoding method based on central frequency is proposed to address the lack of attention to signal's frequency in existing position encoding methods. Third, fault characteristic frequency is used to verify the frequency band attention scores, improving the interpretability and reliability of the network in response to the lack of internal interpretability in fault diagnosis methods based on deep learning. Finally, the proposed method was validated on bearing vibration dataset and motor sound dataset. The results showed that the method has high diagnostic accuracy, and could capture the intrinsic modes of different faults. {\textcopyright}2024 Elsevier B.V.","Deep learning,Different frequency,Encoding (symbols),Encoding methods,Failure analysis,Fault detection,Fault diagnosis,Fault diagnosis method,Fault frequency,Faults diagnosis,Interpretability,Machinery fault diagnosis,Mode decomposition,Signal encoding,Transformer,Transformer structure,Variational mode decomposition",0.70139587,0.48704007,0.2683692,0.37662587,0.125,0.08333333333333333,0.1111111111111111,,,,
10,715,30,True,53,7,{Hybrid machine condition monitoring based on interpretable dual tree methods using Wasserstein metrics},"Liu, Y K and Wang, T Y and Chu, F L",2024,EXPERT SYSTEMS WITH APPLICATIONS,10.1016/j.eswa.2023.121104,"For condition monitoring and predictive maintenance of high-end manufacturing equipment, surface roughness is a critical metric to evaluate machining quality. Designing a method that can meet the requirements of on machine monitoring tasks to confirm the cutters' machinability is of great practical significance. Specifically, data-driven on-machine roughness measurement is a recently emerged non-contact method, which has the characteristics of non-invasive and high efficiency. However, recent studies indicate that, for the manufacturing sectors, the on-machine measurement processes are required to respect the predominant impact from the interference of ambient noise or shocks. Besides, the acquisition of microscopic morphology images such as white light interferometers (WLI) is still a relatively expensive and offline acquisition process. And the scale of available WLI data is limited for most industrial application cases. Considering the above-mentioned analysis, this paper proposes a new hybrid machine condition monitoring method based on interpretable dual tree methods, where the adopted interpretable decision tree models obtain knowledge from both topography analysis and acquired texture images of the white light interferometer. It couples with the Shapley additive explanation (SHAP) theory to analyze the main contribution features. The proposed method provides a promising solution to the poor interpretability of feature contribution analysis in general machine condition monitoring methods, which can accurately identify the machinery's physical states under various operating conditions.",,0.5224397,0.36277533,0.37769377,0.41388026,0.125,0.16666666666666666,0.0,,,,
10,766,33,True,53,7,{Feature Selection to address High-Dimensionality in Industry 4.0 Multi-emitter Laser Modules Assembly Lines},"Markatos, N G and Mousavi, A and Katsou, E and Pippione, G and Paoletti, R",2024,IEEE Intelligent Systems,10.1109/MIS.2024.3416678,"Industry 4.0 has increased data depth and breadth in high-tech manufacturing, but high-dimensionality and sparsity persist. High-dimensional space's sparsity makes classical learning and knowledge extraction algorithms ineffective and error-prone. Dimension reduction methods like feature selection seem to address this problem. This study addresses these challenges by conducting a comparative analysis on a real laser assembly industrial case of high dimensions. We explore five standalone methods—NCFS, RReliefF, MRMR, RFE, and Lasso—applied to datasets from two laser modules (d-serie and s-serie). Additionally, two hybrid methods—RReliefF-RFE and MRMR-RFE—are evaluated, broadening the scope of feature selection strategies. Time efficiency prioritizes RReliefF, NCFS and Lasso, while RReliefF-RFE, NCFS and Lasso excel in interpretability, achieving significant predictor reduction without compromising accuracy. The study thus provides insights into the selection of FS methods in a challenging industrial laser assembly setting.","Accuracy,Assembly,Feature extraction,Laser modes,Predictive models,Redundancy,Vectors",0.5328158,0.36998028,0.4051178,0.43704233,0.125,0.08333333333333333,0.0,,,,
10,1418,49,True,53,7,{Fed-MWFP: Lightweight federated learning with interpretable multiple wavelet fusion network for fault diagnosis under variable operating conditions},"Zhang, Y and Kong, H T and Han, Y and Huang, Q Q",2025,KNOWLEDGE-BASED SYSTEMS,10.1016/j.knosys.2025.113277,"Federated learning, an advanced distributed machine learning paradigm, has shown significant potential in fault diagnosis. However, practical challenges, such as feature distribution differences across clients due to variable operating conditions and high communication resource demands, hinder its application in this field. To address these challenges, this paper proposes Fed-MWFP, an innovative framework that enhances federated learning with fault diagnosis capabilities under variable operating conditions through network modeling and pruningintegrated training. In this framework, an interpretable Multiple Wavelet Fusion Convolutional Network (MWFCN) is proposed as the global model. This model leverages the refined time-frequency analysis capabilities of multi-wavelet transforms and the feature fusion capability of multi-scale wavelet convolutional networks, enabling the extraction of time-frequency features that reflect the physical characteristics of the original vibration signals, thereby mitigating the negative transfer problem caused by feature distribution differences between clients. Furthermore, the pruning-integrated training scheme utilized in Fed-MWFP optimizes local client models and concurrently lightweights them, thereby facilitating a lightweight federated learning process. Experimental results on DDS fault simulation dataset and the real-world dataset from a wind turbine generator (WTG) validate the effectiveness of the proposed method.",,0.7743181,0.5376764,0.2596861,0.3883441,0.125,0.0,0.1111111111111111,,,,
11,559,3,True,51,7,{Deep Face Decoder: Towards understanding the embedding space of convolutional networks through visual reconstruction of deep face templates},"Krizaj, J and Plesh, R O and Banavar, M and Schuckers, S and Struc, V",2024,ENGINEERING APPLICATIONS OF ARTIFICIAL INTELLIGENCE,10.1016/j.engappai.2024.107941,"Advances in deep learning and convolutional neural networks (ConvNets) have driven remarkable face recognition (FR) progress recently. However, the black -box nature of modern ConvNet-based face recognition models makes it challenging to interpret their decision -making process, to understand the reasoning behind specific success and failure cases, or to predict their responses to unseen data characteristics. It is, therefore, critical to design mechanisms that explain the inner workings of contemporary FR models and offer insight into their behavior. To address this challenge, we present in this paper a novel template -inversion approach capable of reconstructing high-fidelity face images from the embeddings (templates, feature -space representations) produced by modern FR techniques. Our approach is based on a novel Deep Face Decoder (DFD) trained in a regression setting to visualize the information encoded in the embedding space with the goal of fostering explainability. We utilize the developed DFD model in comprehensive experiments on multiple unconstrained face datasets, namely Visual Geometry Group Face dataset 2 (VGGFace2), Labeled Faces in the Wild (LFW), and Celebrity Faces Attributes Dataset High Quality (CelebA-HQ). Our analysis focuses on the embedding spaces of two distinct face recognition models with backbones based on the Visual Geometry Group 16 -layer model (VGG-16) and the 50 -layer Residual Network (ResNet-50). The results reveal how information is encoded in the two considered models and how perturbations in image appearance due to rotations, translations, scaling, occlusion, or adversarial attacks, are propagated into the embedding space. Our study offers researchers a deeper comprehension of the underlying mechanisms of ConvNet-based FR models, ultimately promoting advancements in model design and explainability.",,0.6218387,0.45186242,0.3653714,0.4294882,0.125,0.08333333333333333,0.3333333333333333,,,,
11,1279,12,True,51,7,{Wavelet regularization benefits adversarial training},"Yan, J and Yin, H and Zhao, Z and Ge, W and Zhang, H and Rigoll, G",2023,Information Sciences,10.1016/j.ins.2023.119650,"Adversarial training methods are frequently-used empirical defense methods against adversarial examples. While many regularization techniques demonstrate effectiveness when combined with adversarial training, these methods typically work in the time domain. However, as the adversarial vulnerability can be considered a high-frequency phenomenon, it is crucial to regulate adversarially-trained neural network models in the frequency domain to capture low-frequency and high-frequency features. Neural networks must fully utilize the detailed local features extracted by their receptive field. To address these challenges, we conduct a theoretical analysis of the regularization properties of wavelets, which can enhance adversarial training. We propose a wavelet regularization method based on the Haar wavelet decomposition named Wavelet Average Pooling. This wavelet regularization module is integrated into a wide residual neural network to form a new model called WideWaveletResNet. On the CIFAR-10 and CIFAR-100 datasets, our proposed Adversarial Wavelet Training method demonstrates considerable robustness against different types of attacks. It confirms our assumption that our wavelet regularization method can enhance adversarial robustness, particularly in deep and wide neural networks. We present a detailed comparison of different wavelet base functions and conduct visualization experiments of the Frequency Principle (F-Principle) and interpretability to demonstrate the effectiveness of our method. The code is available on the open-source website: https://github.com/momo1986/AdversarialWaveletTraining. {\textcopyright}2023 Elsevier Inc.","Adversarial training,Deep learning,Frequency domain analysis,High frequency HF,Lipschitz constraint,Lipschitz constraints,Neural network models,Neural-networks,Open source software,Open systems,Regularization methods,Robustness,Time domain analysis,Training methods,Wavelet decomposition,Wavelet regularizations,Wavelet transform,Wavelets transform",0.70382357,0.5114371,0.33644366,0.42828864,0.125,0.08333333333333333,0.2222222222222222,,,,
11,1546,15,True,51,7,{Sorting out Lipschitz function approximation},"Anil, C and Lucas, J and Grosse, R",2019,,,"Training neural networks under a strict Lipschitz constraint is useful for provable adversarial robustness, generalization bounds, interpretablc gradients, and Wasserstein distance estimation. By the composition property of Lipschitz functions, it suffices to ensure that each individual affine transformation or nonlinear activation is 1-Lipschitz. The challenge is to do this while maintaining the expressive power. We identify a necessary property for such an architecture: each of the layers must preserve the gradient norm during backpropagation. Based on this, we propose to combine a gradient norm preserving activation function, GroupSort, with norm-constrained weight matrices. We show that norm-constrained GroupSort architectures are universal Lipschitz function approximators. Empirically, we show that norm-constrained GroupSort networks achieve tighter estimates of Wasserstein distance than their ReLU counterparts and can achieve provable adversarial robustness guarantees with little cost to accuracy. {\textcopyright}36th International Conference on Machine Learning, ICML 2019. All rights reserved.","Activation functions,Affine transformations,Chemical activation,Expressive power,Generalization bound,Lipschitz constraints,Lipschitz functions,Machine learning,Mathematical transformations,Network architecture,Non-linear activation,Wasserstein distance",0.68137395,0.49512407,0.2852313,0.38426697,0.125,0.08333333333333333,0.3333333333333333,,,,
11,1765,18,True,51,7,{Steganographic Passport: An Owner and User Verifiable Credential for Deep Model IP Protection Without Retraining},"Cui, Q and Meng, R and Xu, C and Chang, C -H.",2024,,10.1109/CVPR52733.2024.01169,"Ensuring the legal usage of deep models is crucial to promoting trustable, accountable, and responsible artifi-cial intelligence innovation. Current passport-based meth-ods that obfuscate model functionality for license-to-use and ownership verifications suffer from capacity and quality constraints, as they require retraining the owner model for new users. They are also vulnerable to advanced Expanded Residual Block ambiguity attacks. We propose Stegano-graphic Passport, which uses an invertible steganographic network to decouple license-to-use from ownership verification by hiding the user's identity images into the owner-side passport and recovering them from their respective user-side passports. An irreversible and collision-resistant hash function is used to avoid exposing the owner-side pass-port from the derived user-side passports and increase the uniqueness of the model signature. To safeguard both the passport and model's weights against advanced ambiguity attacks, an activation-level obfuscation is proposed for the verification branch of the owner's model. By jointly training the verification and deployment branches, their weights be-come tightly coupled. The proposed method supports agile licensing of deep models by providing a strong ownership proof and license accountability without requiring a sepa-rate model retraining for the admission of every new user. Experiment results show that our Steganographic Passport outperforms other passport-based deep model protection methods in robustness against various known attacks.","IP networks,Law,Licenses,Pattern recognition,Robustness,Technological innovation,Training",0.58861405,0.42771953,0.39999646,0.44715083,0.125,0.08333333333333333,0.1111111111111111,,,,
11,2360,28,True,51,7,{On certifying non-uniform bounds against adversarial attacks},"Liu, C and Tomioka, R and Cevher, V",2019,,,"This work studies the robustness certification problem of neural network models, which aims to find certified adversary-free regions as large as possible around data points. In contrast to the existing approaches that seek regions bounded uniformly along all input features, we consider non-uniform bounds and use it to study the decision boundary of neural network models. We formulate our target as an optimization problem with nonlinear constraints. Then, a framework applicable for general feedforward neural networks is proposed to bound the output logits so that the relaxed problem can be solved by the augmented Lagrangian method. Our experiments show the non-uniform bounds have larger volumes than uniform ones and the geometric similarity of the non-uniform bounds gives a quantitative, data-agnostic metric of input features' robustness. Further, compared with normal models, the robust models have even larger non-uniform bounds and better interpretability. {\textcopyright}36th International Conference on Machine Learning, ICML 2019. All rights reserved.","Constrained optimization,Datapoints,Decision boundary,Feedforward neural networks,Free region,Input features,Lagrange multipliers,Machine learning,Neural network model,Neural network models,Non-linear constraints,Non-uniform,Optimization problems,Relaxed problem,Work study",0.74132323,0.5386866,0.29333317,0.4053307,0.125,0.08333333333333333,0.2222222222222222,,,,
11,2895,35,True,51,7,{TENSOR TRUST: INTERPRETABLE PROMPT INJECTION ATTACKS FROM AN ONLINE GAME},"Toyer, S and Watkins, O and Mendes, E and Svegliato, J and Bailey, L and Wang, T and Ong, I and Elmaaroufi, K and Abbeel, P and Darrell, T and Ritter, A and Russell, S",2024,,,"While Large Language Models (LLMs) are increasingly being used in real-world applications, they remain vulnerable to prompt injection attacks: malicious third party prompts that subvert the intent of the system designer. To help researchers study this problem, we present a dataset of over 563,000 prompt injection attacks and 118,000 prompt-based “defenses” against prompt injection, all created by players of an online game called Tensor Trust. To the best of our knowledge, this is the first dataset that includes both human-generated attacks and defenses for instruction-following LLMs. The attacks in our dataset have easily interpretable structure, and shed light on the weaknesses of LLMs. We also use the dataset to create a benchmark for resistance to two types of prompt injection, which we refer to as prompt extraction and prompt hijacking. Our benchmark results show that many models are vulnerable to the attack strategies in the Tensor Trust dataset. Furthermore, we show that some attack strategies from the dataset generalize to deployed LLM-based applications, even though they have a very different set of constraints to the game. We release data and code at tensortrust.ai/paper. {\textcopyright}2024 12th International Conference on Learning Representations, ICLR 2024. All rights reserved.","Attack strategies,Language model,Model-based OPC,On-line games,Real-world,Social networking (online),System designers,Tensors,Third parties",0.61545,0.44722015,0.3511771,0.41724533,0.125,0.16666666666666666,0.2222222222222222,,,,
11,3087,44,True,51,7,{Trustworthy Transfer Learning: Transferability and Trustworthiness},"Wu, J and He, J",2023,,10.1145/3580305.3599576,"Deep transfer learning investigates the transfer of knowledge or information from a source domain to a relevant target domain via deep neural networks. In this tutorial, we dive into understanding deep transfer learning from the perspective of knowledge transferability and trustworthiness (e.g., privacy, robustness, fairness, transparency, etc.). To this end, we provide a comprehensive review of state-of-the-art theoretical analysis and algorithms for deep transfer learning. To be specific, we start by introducing the concepts of transferability and trustworthiness in the context of deep transfer learning. Then we summarize recent theories and algorithms for understanding knowledge transferability from two aspects: (1) IID transferability: the samples within each domain are independent and identically distributed (e.g., individual images), and (2) non-IID transferability: The samples within each domain are interdependent (e.g., connected nodes within a graph). In addition to knowledge transferability, we also review the impact of trustworthiness on deep transfer learning, e.g., whether the transferred knowledge is adversarially robust or algorithmically fair, how to transfer the knowledge under privacy-preserving constraints, etc. Finally, we highlight the open questions and future directions for understanding deep transfer learning in real-world applications. We believe this tutorial can benefit researchers and practitioners by rethinking the trade-off between knowledge transferability and trustworthiness in developing trustworthy transfer learning systems. {\textcopyright}2023 Owner/Author.","Deep neural networks,Domain adaptation,Economic and social effects,Fairness,Knowledge management,Learning algorithms,Learning systems,Privacy,Privacy-preserving techniques,Relevant target,Robustness,State of the art,Target domain,Transfer learning,Transfer of information,Transfer of knowledge,domain adaptation,fairness,privacy,robustness,transfer learning",0.6552626,0.47615013,0.37793362,0.44726586,0.125,0.16666666666666666,0.2222222222222222,,,,
12,813,8,True,47,7,{How (not?) to quote a proverb: The role of figurative quotations and allusions in political discourse},"Musolff, A",2020,Journal of Pragmatics,10.1016/j.pragma.2019.10.011,"Can a proverb be quoted against itself? Since its introduction into the British “Brexit” debate in early 2016, the proverbial notion of “having one's cake and eat it” has had its meaning temporarily turned upside down from exposing the absurdity of wishing to consume and still retain the same goods or privileges, to serve as a reassuring promise (i.e., that in withdrawing from the EU, the UK could hold on to all or most of the membership benefits whilst shedding its obligations, which would equal ‘having one's cake and eating it'). Using a corpus of 180 + British media texts containing varying applications of the proverb, this article charts its pragmatic development 2016–19 and discusses the conditions of its change from an ironical condemnation into a reassuring promise (and back). We identify a metaphorical scenario with strongly implicated evaluations as a necessary condition for the interpretability of the proverb's metarepresentations and analyse the emergence of competing scenario versions with reference to an iteration of ironical metarepresentations, which leads to a ‘layering' of metarepresentations. In conclusion, we propose to include discourse-historical knowledge in the notion of metarepresentation. {\textcopyright}2019 Elsevier B.V.","Discourse history,Irony,Metaphor,Metarepresentation,Proverb,Quotation,Scenario",0.29619774,0.19590305,0.6670437,0.5743322,0.125,0.08333333333333333,0.1111111111111111,,,,
12,1141,11,True,47,7,{Crowdsourcing the perceived urban built environment via social media: The case of underutilized land},"Wang, Y and Gao, S and Li, N and Yu, S",2021,Advanced Engineering Informatics,10.1016/j.aei.2021.101371,"Crowdsourcing the public's perceptions of the built environment in real time enables more responsive and agile infrastructure and land use planning. Social media has emerged to be an effective platform for citizens, engineers, and planners to communicate opinions and feelings transparently. However, a comprehensive terminological resource of the perceived built environment (BE) for consistent data collection and a specified analytical framework are still lacking, particularly for different underutilized land issues. To fill this knowledge gap, we demonstrate a BE-specific term construction and expansion method specifically for collecting Twitter data and propose a Geo-Topic-Sentiment analytical framework for retrieving and analyzing relevant tweets. We conduct a demonstrative study on un(der)utilized land-related BE terms across ten metropolitan statistical areas in the U.S. Findings reveal spatial variations in contents and sentiments about underutilized land environments, and more localized efforts may be required to address specific land use issues across different urban contexts. The research demonstrates Twitter as a useful platform in crowdsourcing perceived BE and sentiments at fine temporal and spatial scales in a timely manner. It contributes to engineering informatics by investigating the role of social media in environmental planning and proposing integrated domain-specific data analytic approaches for engineering practices. {\textcopyright}2021 Elsevier Ltd","Analytic approach,Built environment,Crowdsourcing,Data acquisition,Engineering informatics,Engineering practices,Environmental planning,Land Use Planning,Land environments,Land use,Sentiment analysis,Social media,Social networking (online),Spatial variations,Temporal and spatial scale,Underutilized land,Urban analytics",0.5010159,0.33136824,0.37078023,0.40333915,0.125,0.08333333333333333,0.1111111111111111,,,,
12,1822,20,True,47,7,{Unveiling Implicit Deceptive Patterns in Multi-Modal Fake News via Neuro-Symbolic Reasoning},"Dong, Y and He, D and Wang, X and Jin, Y and Ge, M and Yang, C and Jin, D",2024,,10.1609/aaai.v38i8.28677,"In the current Internet landscape, the rampant spread of fake news, particularly in the form of multi-modal content, poses a great social threat. While automatic multi-modal fake news detection methods have shown promising results, the lack of explainability remains a significant challenge. Existing approaches provide superficial explainability by displaying learned important components or views from well-trained networks, but they often fail to uncover the implicit deceptive patterns that reveal how fake news is fabricated. To address this limitation, we begin by predefining three typical deceptive patterns, namely image manipulation, cross-modal inconsistency, and image repurposing, which shed light on the mechanisms underlying fake news fabrication. Then, we propose a novel Neuro-Symbolic Latent Model called NSLM, that not only derives accurate judgments on the veracity of news but also uncovers the implicit deceptive patterns as explanations. Specifically, the existence of each deceptive pattern is expressed as a two-valued learnable latent variable, which is acquired through amortized variational inference and weak supervision based on symbolic logic rules. Additionally, we devise pseudo-siamese networks to capture distinct deceptive patterns effectively. Experimental results on two real-world datasets demonstrate that our NSLM achieves the best performance in fake news detection while providing insightful explanations of deceptive patterns. Copyright {\textcopyright}2024, Association for the Advancement of Artificial Intelligence (www.aaai.org). All rights reserved.","'current,Artificial intelligence,Cross-modal,Detection methods,Fake detection,Image manipulation,Latent models,Latent variable,Multi-modal,Repurposing,Symbolic reasoning,Variational inference",0.688833,0.45558918,0.36451644,0.44559556,0.125,0.3333333333333333,0.1111111111111111,,,,
12,2017,23,True,47,7,{Simplistic Collection and Labeling Practices Limit the Utility of Benchmark Datasets for Twitter Bot Detection},"Hays, C and Schutzman, Z and Raghavan, M and Walk, E and Zimmer, P",2023,,10.1145/3543507.3583214,"Accurate bot detection is necessary for the safety and integrity of online platforms. It is also crucial for research on the influence of bots in elections, the spread of misinformation, and financial market manipulation. Platforms deploy infrastructure to flag or remove automated accounts, but their tools and data are not publicly available. Thus, the public must rely on third-party bot detection. These tools employ machine learning and often achieve near-perfect performance for classification on existing datasets, suggesting bot detection is accurate, reliable and fit for use in downstream applications. We provide evidence that this is not the case and show that high performance is attributable to limitations in dataset collection and labeling rather than sophistication of the tools. Specifically, we show that simple decision rules - shallow decision trees trained on a small number of features - achieve near-state-of-the-art performance on most available datasets and that bot detection datasets, even when combined together, do not generalize well to out-of-sample datasets. Our findings reveal that predictions are highly dependent on each dataset's collection and labeling procedures rather than fundamental differences between bots and humans. These results have important implications for both transparency in sampling and labeling procedures and potential biases in research using existing bot detection tools for pre-processing. {\textcopyright}2023 Owner/Author.","Benchmark datasets,Bot detections,Botnet,Classification (of information),Decision trees,Labeling procedures,Labelings,Machine-learning,Market manipulation,Online platforms,Performance,Social media,Social networking (online),Third parties,bot detection",0.67631674,0.44731095,0.3518499,0.43296662,0.125,0.16666666666666666,0.1111111111111111,,,,
12,2537,31,True,47,7,{FactCatch: Incremental Pay-as-You-Go Fact Checking with Minimal User Effort},"Nguyen, T T and Weidlich, M and Yin, H Z and Zheng, B L and Nguyen, Q H and Nguyen, Q V H and ACM",2020,,10.1145/3397271.3401408,"The open nature of the Web enables users to produce and propagate any content without authentication, which has been exploited to spread thousands of unverified claims via millions of online documents. Maintenance of credible knowledge bases thus has to rely on fact checking that constructs a trusted set of facts through credibility assessment. Due to an inherent lack of ground truth information and language ambiguity, fact checking cannot be done in a purely automated manner without compromising accuracy. However, state-of-the-art fact checking services, rely mostly on human validation, which is costly, slow, and non-transparent. This paper presents FactCatch, a human-in-the-loop system to guide users in fact checking that aims at minimisation of the invested effort. It supports incremental quality estimation, mistake mitigation, and pay-as-you-go instantiation of a high-quality fact database.",,0.5789064,0.38288453,0.31930017,0.38420174,0.125,0.08333333333333333,0.0,,,,
12,2797,35,True,47,7,{Promoting Gender Equality through Gender-biased Language Analysis in Social Media},"Singh, G and Ghosh, S and Ekbal, A",2023,,10.24963/ijcai.2023/689,"Gender bias is a pervasive issue that impacts women's and marginalized groups' ability to fully participate in social, economic, and political spheres. This study introduces a novel problem of Gender-biased Language Identification and Extraction (GLIdE) from social media interactions and develops a multi-task deep framework that detects gender-biased content and identifies connected causal phrases from the text using emotional information that is present in the input. The method uses a zero-shot strategy with emotional information and a mechanism to represent gender-stereotyped information as a knowledge graph. In this work, we also introduce the first-of-its-kind Gender-biased Analysis Corpus (GAC) of 12,432 social media posts and improve the best-performing baseline for gender-biased language identification and extraction tasks by margins of 4.88% and 5 ROS points, demonstrating this through empirical evaluation and extensive qualitative analysis. By improving the accuracy of identifying and analyzing gender-biased language, this work can contribute to achieving gender equality and promoting inclusive societies, in line with the United Nations Sustainable Development Goals (UN SDGs) and the Leave No One Behind principle (LNOB). We adhere to the principles of transparency and collaboration in line with the UN SDGs by openly sharing our code and dataset. {\textcopyright}2023 International Joint Conferences on Artificial Intelligence. All rights reserved.","Emotional information,Extraction,Gender bias,Gender equality,Knowledge graph,Language analysis,Language identification,Multi tasks,Natural language processing systems,Shot strategy,Social media,Social networking (online),Social-economic,United Nations,Zero-shot learning",0.58684796,0.38813695,0.42948902,0.46882874,0.125,0.08333333333333333,0.1111111111111111,,,,
12,3360,46,True,47,7,{Propagation Structure-Aware Graph Transformer for Robust and Interpretable Fake News Detection},"Zhu, J and Gao, C and Yin, Z and Li, X and Kurths, J",2024,,10.1145/3637528.3672024,"The rise of social media has intensified fake news risks, prompting a growing focus on leveraging graph learning methods such as graph neural networks (GNNs) to understand post-spread patterns of news. However, existing methods often produce less robust and interpretable results as they assume that all information within the propagation graph is relevant to the news item, without adequately eliminating noise from engaged users. Furthermore, they inadequately capture intricate patterns inherent in long-sequence dependencies of news propagation due to their use of shallow GNNs aimed at avoiding the over-smoothing issue, consequently diminishing their overall accuracy. In this paper, we address these issues by proposing the Propagation Structure-aware Graph Transformer (PSGT). Specifically, to filter out noise from users within propagation graphs, PSGT first designs a noise-reduction self-attention mechanism based on the information bottleneck principle, aiming to minimize or completely remove the noise attention links among task-irrelevant users. Moreover, to capture multi-scale propagation structures while considering long-sequence features, we present a novel relational propagation graph as a position encoding for the graph Transformer, enabling the model to capture both propagation depth and distance relationships of users. Extensive experiments demonstrate the effectiveness, interpretability, and robustness of our PSGT. {\textcopyright}2024 Copyright held by the owner/author(s). Publication rights licensed to ACM.","AS graph,Fake news detection,Graph neural networks,Graph transformer,Knowledge graph,Learning methods,Long sequences,Propagation graph,Social media,Social network,Structure-aware,fake news detection,graph transformer,social networks",0.6305814,0.417062,0.3499155,0.42008197,0.125,0.08333333333333333,0.2222222222222222,,,,
13,172,4,True,44,6,{Stable feature selection utilizing Graph Convolutional Neural Network and Layer-wise Relevance Propagation for biomarker discovery in breast cancer},"Chereda, H and Leha, A and Bei{\ss}barth, T",2024,Artificial Intelligence in Medicine,10.1016/j.artmed.2024.102840 LK - https://unimib.on.worldcat.org/atoztitles/link?sid=EMBASE&sid=EMBASE&issn=18732860&id=doi:10.1016%2Fj.artmed.2024.102840&atitle=Stable+feature+selection+utilizing+Graph+Convolutional+Neural+Network+and+Layer-wise+Relevance+Propagation+for+biomarker+discovery+in+breast+cancer&stitle=Artif.+Intell.+Med.&title=Artificial+Intelligence+in+Medicine&volume=151&issue=&spage=&epage=&aulast=Chereda&aufirst=Hryhorii&auinit=H.&aufull=Chereda+H.&coden=AIMEE&isbn=&pages=-&date=2024&auinit1=H&auinitm=,"High-throughput technologies are becoming increasingly important in discovering prognostic biomarkers and in identifying novel drug targets. With Mammaprint, Oncotype DX, and many other prognostic molecular signatures breast cancer is one of the paradigmatic examples of the utility of high-throughput data to deliver prognostic biomarkers, that can be represented in a form of a rather short gene list. Such gene lists can be obtained as a set of features (genes) that are important for the decisions of a Machine Learning (ML) method applied to high-dimensional gene expression data. Several studies have identified predictive gene lists for patient prognosis in breast cancer, but these lists are unstable and have only a few genes in common. Instability of feature selection impedes biological interpretability: genes that are relevant for cancer pathology should be members of any predictive gene list obtained for the same clinical type of patients. Stability and interpretability of selected features can be improved by including information on molecular networks in ML methods. Graph Convolutional Neural Network (GCNN) is a contemporary deep learning approach applicable to gene expression data structured by a prior knowledge molecular network. Layer-wise Relevance Propagation (LRP) and SHapley Additive exPlanations (SHAP) are methods to explain individual decisions of deep learning models. We used both GCNN+LRP and GCNN+SHAP techniques to construct feature sets by aggregating individual explanations. We suggest a methodology to systematically and quantitatively analyze the stability, the impact on the classification performance, and the interpretability of the selected feature sets. We used this methodology to compare GCNN+LRP to GCNN+SHAP and to more classical ML-based feature selection approaches. Utilizing a large breast cancer gene expression dataset we show that, while feature selection with SHAP is useful in applications where selected features have to be impactful for classification performance, among all studied methods GCNN+LRP delivers the most stable (reproducible) and interpretable gene lists.","Shapley additive explanation,article,breast cancer,convolutional neural network,deep learning,feature selection,gene expression,graph convolutional neural network,high throughput technology,layer wise relevance propagation model,machine learning,model,tumor gene,tumor marker",0.69771576,0.4798067,0.26748753,0.37504458,0.125,0.08333333333333333,0.3333333333333333,,,,
13,208,5,True,44,6,{Enhancing transparency of omics data analysis with the Evolutionary Multi-Test Tree and Relative Expression},"Czajkowski, M and Jurczuk, K and Kretowski, M",2025,Expert Systems with Applications,10.1016/j.eswa.2025.127131,"This paper presents a novel classification algorithm for multi-omics data, called Evolutionary Multi-Test Tree with Relative Expression (EMTTree+RX). The innovation lies in the model's design, which integrates multi-test decision nodes with Relative Expression Analysis (RXA). Each decision node combines traditional univariate tests and top-scoring pair (TSP) comparisons, allowing the algorithm to capture complex relationships between features without relying solely on absolute values. This approach enables the proposed method to detect subtle patterns across various omics layers while maintaining a high level of interpretability, a feature crucial for clinical and bioinformatics applications. The tree structure is induced through Evolutionary Algorithms (EA), optimizing both the global architecture and local multi-test nodes to balance classification accuracy, test diversity, and feature cost. Applied to large-scale multi-omics datasets, where conventional decision tree methods often struggle with underfitting or overfitting, the proposed method consistently outperforms traditional models in terms of accuracy and transparency. This makes it a valuable tool for precision medicine and multi-modal data integration. {\textcopyright}2025 Elsevier Ltd","'omics',Classification algorithm,Complex relationships,Data accuracy,Decision trees,Evolutionary algorithms,Expression analysis,Modeling designs,Multi-omic,Multi-omics,Pair comparisons,Relative Expression Analysis,Relative expression analyze,Top-scoring pair,Univariate",0.5951056,0.40924346,0.41335928,0.45879585,0.25,0.08333333333333333,0.1111111111111111,,,,
13,856,17,True,44,6,{Informative top-k class associative rule for cancer biomarker discovery on microarray data},"Ong, H F and Mustapha, N and Hamdan, H and Rosli, R and Mustapha, A",2020,EXPERT SYSTEMS WITH APPLICATIONS,10.1016/j.eswa.2019.113169,"The discovery of reliable cancer biomarkers is crucial for accurate early detection and clinical diagnosis. One of the strategies is by identifying expression-based cancer biomarkers through integrative microarray data analysis. Microarray is a powerful high-throughput technology, which allows a genome-wide analysis of human genes with various biological information. Nevertheless, more studies are needed on improving the predictability of the discovered gene biomarkers, as well as their reproducibility and interpretability, to qualify them for clinical use. This paper proposes an informative top-k class associative rule (iTCAR) method in an integrative framework for identifying candidate genes of specific cancers. iTCAR introduces an enhanced associative classification algorithm that integrates microarray data with biological information from gene ontology, KEGG pathways, and protein-protein interactions to generate informative class associative rules. A new interestingness measurement is used to rank and select class associative rules for building accurate classifiers. The experimental results show that ITCAR has excellent predictability by achieving the average classification accuracy above 90% and the average area under the curve above 0.8. Besides, iTCAR has significant reproducibility and interpretability through functional enrichment analysis and retrieval of meaningful cancer terms. These promising results suggest the proposed method has great potential in identifying candidate genes, which can be further investigated as biomarkers for cancer diseases. (C) 2019 Elsevier Ltd. All rights reserved.",,0.5831951,0.40105286,0.40855324,0.4522137,0.125,0.25,0.0,,,,
13,1837,27,True,44,6,{MMGNN: A Molecular Merged Graph Neural Network for Explainable Solvation Free Energy Prediction},"Du, W and Zhang, S and Wu, D and Xia, J and Zhao, Z and Fang, J and Wang, Y",2024,,,"In this paper, we address the challenge of accurately modeling and predicting Gibbs free energy in solute-solvent interactions, a pivotal yet complex aspect in the field of chemical modeling. Traditional approaches, primarily relying on deep learning models, face limitations in capturing the intricate dynamics of these interactions. To overcome these constraints, we introduce a novel framework, Molecular Modeling Graph Neural Network (MMGNN), which more closely mirrors real-world chemical processes. Specifically, MMGNN exquisitely models atomic interactions such as hydrogen bonds by initially forming indiscriminate connections between intermolecular atoms, which are then refined using an attention-based aggregation method, tailoring to specific solute-solvent pairs. To address the challenges of non-interactive or repulsive atomic interactions, MMGNN incorporates interpreters for nodes and edges in the merged graph, enhancing explainability and reducing redundancy. MMGNN stands as the first framework to exquisitely align with real chemical processes, providing a more accurate and scientifically sound approach to modeling solute-solvent interactions. The infusion of explainability allows for the extraction of key subgraphs, which are pivotal for further research in solute-solvent dynamics. Extensive experimental validation confirms the efficacy and enhanced explainability of MMGNN. {\textcopyright}2024 International Joint Conferences on Artificial Intelligence. All rights reserved.","Atomic interactions,Chemical model,Chemical process,Deep learning,Energy,Energy prediction,Gibbs free energy,Graph neural networks,Hydrogen bonds,Solute-solvent interaction,Solvation,Solvation free energies,Traditional approaches,Traditional approachs",0.65593624,0.45107564,0.29657853,0.38641796,0.125,0.08333333333333333,0.2222222222222222,,,,
13,2143,30,True,44,6,{Multi-Objective Molecule Generation using Interpretable Substructures},"Jin, W G and Barzilay, R and Jaakkola, T",2020,,,"Drug discovery aims to find novel compounds with specified chemical property profiles. In terms of generative modeling, the goal is to learn to sample molecules in the intersection of multiple property constraints. This task becomes increasingly challenging when there are many property constraints. We propose to offset this complexity by composing molecules from a vocabulary of substructures that we call molecular rationales. These rationales are identified from molecules as substructures that are likely responsible for each property of interest. We then learn to expand rationales into a full molecule using graph generative models. Our final generative model composes molecules as mixtures of multiple rationale completions, and this mixture is fine-tuned to preserve the properties of interest. We evaluate our model on various drug design tasks and demonstrate significant improvements over state-of-the-art baselines in terms of accuracy, diversity, and novelty of generated compounds.",,0.6774221,0.4658511,0.33342195,0.41942197,0.125,0.08333333333333333,0.0,,,,
13,3099,39,True,44,6,{Adverse drug reaction prediction with symbolic latent dirichlet allocation},"Xiao, C and Zhang, P and Chaowalitwongse, W A and Hu, J and Wang, F",2017,,,"Adverse drug reaction (ADR) is a major burden for patients and healthcare industry. It usually causes preventable hospitalizations and deaths, while associated with a huge amount of cost. Traditional preclinical in vitro safety profiling and clinical safety trials are restricted in terms of small scale, long duration, huge financial costs and limited statistical significance. The availability of large amounts of drug and ADR data potentially allows ADR predictions during the drugs' early preclinical stage with data analytics methods to inform more targeted clinical safety tests. Despite their initial success, existing methods have trade-offs among interpretability, predictive power and efficiency. This urges us to explore methods that could have all these strengths and provide practical solutions for real world ADR predictions. We cast the ADR-drug relation structure into a three-layer hierarchical Bayesian model. We interpret each ADR as a symbolic word and apply latent Dirichlet allocation (LDA) to learn topics that may represent certain biochemical mechanism that relates ADRs with drug structures. Based on LDA, we designed an equivalent regularization term to incorporate the hierarchical ADR domain knowledge. Finally, we developed a mixed input model leveraging a fast collapsed Gibbs sampling method that the complexity of each iteration of Gibbs sampling proportional only to the number of positive ADRs. Experiments on real world data show our models achieved higher prediction accuracy and shorter running time than the state-of-the-art alternatives. Copyright {\textcopyright}2017, Association for the Advancement of Artificial Intelligence (www.aaai.org). All rights reserved.","Adverse drug reactions,Bayesian networks,Design of experiments,Domain Knowledge,Economic and social effects,Financial costs,Forecasting,Healthcare industry,In-vitro,Iterative methods,Latent Dirichlet allocation,Long duration,Reaction prediction,Real-world,Safety testing,Small scale,Statistical significance,Statistics",0.71888995,0.4943678,0.3389213,0.43391347,0.125,0.16666666666666666,0.2222222222222222,,,,
14,1098,11,True,42,6,{Integrated Simultaneous Detection of Tactile and Bending Cues for Soft Robotics},"Totaro, M and Mondini, A and Bellacicca, A and Milani, P and Beccai, L",2017,SOFT ROBOTICS,10.1089/soro.2016.0049,"Soft robots should move in an unstructured environment and explore it and, to do so, they should be able to measure and distinguish proprioceptive and exteroceptive stimuli. This can be done by embedding mechano-sensing systems in the body of the robot. Here, we present a polydimethylsiloxane block sensorized with an electro-optical system and a resistive strain gauge made with the supersonic cluster beam implantation (SCBI) technique. We show how to integrate these sensing elements during the whole fabrication process of the soft body and we demonstrate that their presence does not change the mechanical properties of the bulk material. Exploiting the position of both sensing systems and a proper combination of the output signals, we present a strategy to measure simultaneously external pressure and positive/negative bending of the body. In particular, the optical system can reveal any mechanical stimulation (external from the soft block or due to its own deformation), while the resistive strain gauge is insensitive to the external pressure, but sensitive to the bending of the body. This solution, here applied to a simple block of soft material, could be extended to the whole body of a soft robot. This approach provides detection and discrimination of the two stimuli (pressure and bending), with low computational effort and without significant mechanical constraint.",,0.2763288,0.18701075,0.3509624,0.332304,0.0,0.08333333333333333,0.0,,,,
14,1434,18,True,42,6,{Learning Probabilistic Coordinate Fields for Robust Correspondences},"Zhao, W and Lu, H and Ye, X and Cao, Z and Li, X",2023,IEEE Transactions on Pattern Analysis and Machine Intelligence,10.1109/TPAMI.2023.3284487,"We introduce Probabilistic Coordinate Fields (PCFs), a novel geometric-invariant coordinate representation for image correspondence problems. In contrast to standard Cartesian coordinates, PCFs encode coordinates in correspondence-specific barycentric coordinate systems (BCS) with affine invariance. To know when and where to trust the encoded coordinates, we implement PCFs in a probabilistic network termed PCF-Net, which parameterizes the distribution of coordinate fields as Gaussian mixture models. By jointly optimizing coordinate fields and their confidence conditioned on dense flows, PCF-Net can work with various feature descriptors when quantifying the reliability of PCFs by confidence maps. An interesting observation of this work is that the learned confidence map converges to geometrically coherent and semantically consistent regions, which facilitates robust coordinate representation. By delivering the confident coordinates to keypoint/feature descriptors, we show that PCF-Net can be used as a plug-in to existing correspondence-dependent approaches. Extensive experiments on both indoor and outdoor datasets suggest that accurate geometric invariant coordinates help to achieve the state of the art in several correspondence problems, such as sparse feature matching, dense image registration, camera pose estimation, and consistency filtering. Further, the interpretable confidence map predicted by PCF-Net can also be leveraged to other novel applications from texture transfer to multi-homography classification.","Affine invariance,Coherence,Encoding,Image registration,Probabilistic logic,Reliability,Transforms,Uncertainty,barycentric coordinates,coordinate representations,image correspondences,probabilistic modeling",0.64540446,0.43678966,0.45064813,0.49933723,0.125,0.08333333333333333,0.1111111111111111,,,,
14,2112,27,True,42,6,{UMFuse: Unified Multi View Fusion for Human Editing applications},"Jain, R and Hemani, M and Ceylan, D and Singh, K K and Lu, J and Sarkar, M and Krishnamurthy, B",2023,,10.1109/ICCV51070.2023.00660,"Numerous pose-guided human editing methods have been explored by the vision community due to their extensive practical applications. However, most of these methods still use an image-to-image formulation in which a single image is given as input to produce an edited image as output. This objective becomes ill-defined in cases when the target pose differs significantly from the input pose. Existing methods then resort to in-painting or style transfer to handle occlusions and preserve content. In this paper, we explore the utilization of multiple views to minimize the issue of missing information and generate an accurate representation of the underlying human model. To fuse knowledge from multiple viewpoints, we design a multi-view fusion network that takes the pose key points and texture from multiple source images and generates an explainable per-pixel appearance retrieval map. Thereafter, the encodings from a separate network (trained on a single-view human reposing task) are merged in the latent space. This enables us to generate accurate, precise, and visually coherent images for different editing tasks. We show the application of our network on two newly proposed tasks - Multi-view human reposing and Mix&Match Human Image generation. Additionally, we study the limitations of single-view editing and scenarios in which multi-view provides a better alternative. Datasplits and results can be found at Project Webpage.","Computer vision,Encoding,Fuses,Image synthesis,Knowledge engineering,Pipelines,Task analysis",0.70928955,0.4800251,0.3303691,0.42509922,0.125,0.08333333333333333,0.1111111111111111,,,,
14,2297,32,True,42,6,{Spherical Confidence Learning for Face Recognition},"Li, S and Xu, J and Xu, X and Shen, P and Li, S and Hooi, B",2021,,10.1109/CVPR46437.2021.01537,"An emerging line of research has found that spherical spaces better match the underlying geometry of facial im-ages, as evidenced by the state-of-the-art facial recognition methods which benefit empirically from spherical representations. Yet, these approaches rely on deterministic embeddings and hence suffer from the feature ambiguity dilemma, whereby ambiguous or noisy images are mapped into poorly learned regions of representation space, leading to inaccuracies. Probabilistic Face Embeddings (PFE) [17] is the first attempt to address this dilemma. However, we theoretically and empirically identify two main failures of PFE when it is applied to spherical deterministic embeddings aforementioned. To address these issues, in this paper, we propose a novel framework for face confidence learning in spherical space. Mathematically, we extend the von Mises Fisher density to its r-radius counterpart and derive a new optimization objective in closed form. Theoretically, the proposed probabilistic framework provably allows for better interpretability, leading to principled feature comparison and pooling. Extensive experimental results on multiple challenging benchmarks confirm our hypothesis and theory, and showcase the advantages of our framework over prior probabilistic methods and spherical deterministic embed-dings in various face recognition tasks.","Benchmark testing,Computer vision,Face recognition,Geometry,Noise measurement,Probabilistic logic,Task analysis",0.554336,0.37515742,0.38683861,0.42871296,0.125,0.08333333333333333,0.0,,,,
14,3131,40,True,42,6,{USEEK: Unsupervised SE(3)-Equivariant 3D Keypoints for Generalizable Manipulation},"Xue, Z and Yuan, Z and Wang, J and Wang, X and Gao, Y and Xu, H",2023,,10.1109/ICRA48891.2023.10160631,"Can a robot manipulate intra-category unseen objects in arbitrary poses with the help of a mere demonstration of grasping pose on a single object instance? In this paper, we try to address this intriguing challenge by using USEEK, an unsupervised SE(3)-equivariant keypoints method that enjoys alignment across instances in a category, to perform generaliz-able manipulation. USEEK follows a teacher-student structure to decouple the unsupervised keypoint discovery and SE(3)-equivariant keypoint detection. With USEEK in hand, the robot can infer the category-level task-relevant object frames in an efficient and explainable manner, enabling manipulation of any intra-category objects from and to any poses. Through extensive experiments, we demonstrate that the keypoints produced by USEEK possess rich semantics, thus successfully transferring the functional knowledge from the demonstration object to the novel ones. Compared with other object representations for manipulation, USEEK is more adaptive in the face of large intra-category shape variance, more robust with limited demonstrations, and more efficient at inference time. Project website: https://sites.google.com/view/useek/.","Automation,Detectors,Grasping,Semantics,Shape,Task analysis,Three-dimensional displays",0.7114502,0.48148736,0.3665787,0.45279658,0.125,0.08333333333333333,0.0,,,,
14,3357,41,True,42,6,{CalibDepth: Unifying Depth Map Representation for Iterative LiDAR-Camera Online Calibration},"Zhu, J and Xue, J and Zhang, P",2023,,10.1109/ICRA48891.2023.10161575,"LiDAR-Camera online calibration is of great significance for building a stable autonomous driving perception system. For online calibration, a key challenge lies in constructing a unified and robust representation between multi-modal sensor data. Most methods extract features manually or implicitly with an end-to-end deep learning method. The former suffers poor robustness, while the latter has poor interpretability. In this paper, we propose CalibDepth, which uses depth maps as the unified representation for image and LiDAR point cloud. CalibDepth introduces a sub-network for monocular depth estimation to assist online calibration tasks. To further improve the performance, we regard online calibration as a sequence prediction problem, and introduce global and local losses to optimize the calibration results. CalibDepth shows excellent performance in different experimental setups. Code is open-sourced at https://github.com/Brickzhuantou/CalibDepth.","Estimation,Feature extraction,Laser radar,Multimodal sensors,Point cloud compression,Robustness,Training",0.7163421,0.484798,0.2804554,0.38942707,0.125,0.0,0.1111111111111111,,,,
15,42,0,True,40,6,{Learning Policies by Learning Rules},"Araki, B and Choi, J and Chin, L and Li, X and Rus, D",2022,IEEE Robotics and Automation Letters,10.1109/LRA.2021.3139380,"Efficiently learning interpretable policies for complex tasks from demonstrations is a challenging problem. We present Hierarchical Inference with Logical Options (HILO), a novel learning algorithm that learns to imitate expert demonstrations by learning the rules that the expert is following. The rules are represented as linear temporal logic (LTL) formulas, which are interpretable and capable of encoding complex behaviors. Unlike previous works, which learn rules from high-level propositions, HILO learns rules by taking both propositions and low-level trajectories as input. It does this by defining a Bayesian model over LTL formulas, propositions, and low-level trajectories. The Bayesian model bridges the gap from formula to low-level trajectory by using a planner to find an optimal policy for a given LTL formula. Stochastic variational inference is then used to find a posterior distribution over formulas and policies given expert demonstrations. We show that by learning rules from both propositions and low-level states, HILO outperforms previous work on a rule-learning task and on four planning tasks while needing less data. We also validate HILO in the real world by teaching a robotic arm a complex packing task. {\textcopyright}2016 IEEE.","Bayes method,Bayesian networks,Computer circuits,Demonstrations,Imitation learning,Inference engines,Learn+,Learning Automata,Learning algorithms,Learning from demonstration,Linear temporal logic,Motion planning,Motion-planning,Probabilistic inference,Probabilistic logics,Stochastic systems,Task analysis,Task and motion planning,Task planning,Temporal logic,Trajectories",0.79777527,0.5323922,0.25383174,0.38981763,0.125,0.25,0.1111111111111111,,,,
15,676,7,True,40,6,{Synthesizing Diverse and Physically Stable Grasps With Arbitrary Hand Structures Using Differentiable Force Closure Estimator},"Liu, T and Liu, Z and Jiao, Z and Zhu, Y and Zhu, S -C.",2022,IEEE Robotics and Automation Letters,10.1109/LRA.2021.3129138,"Existing grasp synthesis methods are either analytical or data-driven. The former one is oftentimes limited to specific application scope. The latter one depends heavily on demonstrations, thus suffers from generalization issues; e.g., models trained with human grasp data would be difficult to transfer to 3-finger grippers. To tackle these deficiencies, we formulate a fast and differentiable force closure estimator, capable of producing diverse and physically stable grasps with arbitrary hand structures, without any training data. Although force closure has commonly served as a measure of grasp quality, it has not been widely adopted as an optimization objective for grasp synthesis primarily due to its high computational complexity; in comparison, the proposed differentiable method can test a force closure within milliseconds. In experiments, we validate the proposed method's efficacy in six different settings.","Complexity theory,Force,Friction,Grasp synthesis,Kinematics,Optimization,Robots,Training data,dexterous manipulation,energy-based model,force closure,optimization",0.5454458,0.36400115,0.46986806,0.4887625,0.0,0.0,0.1111111111111111,,,,
15,1091,13,True,40,6,{Discrete Windowed-Energy Variable Structure Passivity Signature Control for Physical Human-(Tele)Robot Interaction},"Thudi, S and Atashzar, S F",2021,IEEE Robotics and Automation Letters,10.1109/LRA.2021.3064204,"In this letter, we propose a novel adaptive iterative stabilization method for physical human-(tele)robot interaction, named Discrete Windowed-Energy Variable Structure Passivity Signature Control (DWE-VSPSC). The proposed stabilizer is capable of adaptively translating the knowledge domain regarding the capacity of the user's biomechanics in absorbing physical interaction energy to reduce the transparency distortion (induced for stabilization) while enhancing system performance through a flexible design of stabilizer. The contributions of this letter are: (1) the design of a novel discrete adaptive stabilizer with proof of stability; allowing for digital implementation of the intelligent algorithm; (2) introducing the concept of “windowed energy stabilization” for the proposed variable structure passivity-signature controller in order to allow for tuning the energy behavior of the interconnected system while making a balance between conservatism and agility of the system; (3) relaxing any assumption on the passivity behavior of the environment while being able to handle stochastic variable network delays without any restriction on the rate of change of delay or the delay. The mathematical design of the stabilizer is provided alongside the stability proof. Also, the performance of the system is evaluated using a systematically-designed grid simulation study for a large range of delay and environmental impedances ranging from passive to non-passive behaviors. A direct application of the outcome is for telerobotic rehabilitation and telerobotic surgery.","Biomechanics,Delays,Force,Haptics,Power system stability,Robots,Stability analysis,Telerobotics,physical human-robot interaction,telerobotics,variable structure passivity control",0.46812472,0.31240124,0.4488573,0.45367417,0.125,0.08333333333333333,0.1111111111111111,,,,
15,1205,14,True,40,6,{Double-Feedback: Enhancing Large Language Models Reasoning in Robotic Tasks by Knowledge Graphs},"Wang, H and Zhang, S and Wang, S and Jiang, T and Ge, Y",2025,IEEE Robotics and Automation Letters,10.1109/LRA.2025.3562776,"Large language models (LLMs) have demonstrated remarkable reasoning capabilities. However, in real-world robotic tasks, LLMs face grounding issues and lack precise feedback, resulting in the generated solutions deviating from the actual situation. In this paper, we propose Double-Feedback, a method that enhances LLMs reasoning by Knowledge graphs (KGs). The KGs play three key roles in Double-Feedback: prompting the LLMs to generate solutions, representing the task scenes, and verifying the solutions to provide feedback. We design structured knowledge prompts that convey the task knowledge background, example solutions, revision principles, and robotic tasks to the LLMs. We also introduce the distributed representation to quantify the task scene with interpretability. Based on the structured knowledge prompts and the distributed representation, we employ the KGs to evaluate the feasibility of each step before execution and verify the effects of the solutions after completing the tasks. The LLMs can adjust and replan the solutions based on the feedback from the KGs. Extensive experiments demonstrate that Double-Feedback outperforms prior works in the ALFRED benchmark. In addition, ablation studies show that Double-Feedback guides LLMs in generating solutions aligned with robotic tasks in the real world.","Cognition,Grounding,Image color analysis,Knowledge graphs,Manuals,Neural networks,Optimization,Planning,Representation Learning,Robots,Task Planning,Task and Motion Planning,Training",0.72090405,0.48109254,0.34348094,0.4378367,0.125,0.16666666666666666,0.2222222222222222,,,,
15,1301,17,True,40,6,{Practical Preassigned Fixed-Time Fuzzy Control for Teleoperation System Under Scheduled Shared-Control Framework},"Yang, Y and Jiang, H and Hua, C and Li, J",2024,IEEE Transactions on Fuzzy Systems,10.1109/TFUZZ.2023.3300847,"This article devotes to propose a novel synchronization control algorithm for networked nonlinear master–slave system under a scheduled shared-control structure to skillfully solve the problems of easy fatigue caused for continuous operation on human operators in the existing immobilized teleoperation system. Specially, a novel composite fuzzy learning control (CFLC) law is innovatively designed by incorporating the current and past values of the learning data to more effectively compensate what the system uncertainties cause. Then, a new practical preassigned fixed-time nonsingular terminal sliding-mode (PFNTSM) control algorithm with the shared-control framework is subsequently established, which is beneficial to sustain the continuity, nonsingularity, and higher robustness to system uncertainties. A significant feature of this study is that a complete force-position synchronous tracking and transparency-lifting human–robot interaction are realized. Moreover, the absolute stability of the two-port networked system under complex transmission time delays is rigorously proved. Finally, compared experimental results are presented to realistically verify the proposed control theory available.","Absolute stability,Convergence,Jacobian matrices,Main-secondary,Manipulator dynamics,Robot kinematics,Robots,Torque,composite fuzzy learning,master–slave system,preassigned fixed-time,scheduled shared-control",0.46152723,0.3079984,0.43944132,0.4449628,0.125,0.0,0.1111111111111111,,,,
15,3039,36,True,40,6,{RE:BT-Espresso: Improving Interpretability and Expressivity of Behavior Trees Learned from Robot Demonstrations},"Wathieu, A and Groechel, T R and Lee, H J and Kuo, C and Matari{\'{c}}, M J",2022,,10.1109/ICRA46639.2022.9812046,"Behavior trees (BTs) are hierarchical agent control architectures popular for robot task-level planning that can be autonomously learned from robot demonstrations via decision tree (DT) intermediaries, making them accessible to non-expert users. Conversion algorithms from DTs to BTs, such as the BT-Espresso algorithm, focus on replicating DT logic in a BT format but do not exploit the strengths of the BT architecture. We introduce the Representation Exploitation of BT-Espresso (RE:BT-Espresso) algorithm, which builds on BT-Espresso and improves the learned BT's interpretability and expressivity. RE:BT-Espresso improves interpretability by removing logical redundancies in the generated BTs and improves expressivity by exploiting desired BT structures, such as adding Inverter nodes, Repeater sequences, and Parallel Selector Action nodes that gives the user a choice of actions for state spaces that did not resolve to a concise action in the DT. The RE:BT-Espresso algorithm was evaluated against BT-Espresso using demonstration data synthesized by BTs. When compared to the synthesized BTs using graph edit distance (GED), RE:BT-Espresso outscored BT-Espresso on 54 subtrees, tied on 178, and lost on 2. Further, the proposed reduction strategies reduced the number of nodes in a generated tree by a median of 7.82%. The results validate improved interpretability and expressivity of learned RE:BT-Espresso task-level BT policies from robot demonstration.","Automation,Behavioral sciences,Decision trees,Inverters,Planning,Redundancy,Repeaters",0.7225144,0.48216718,0.38685834,0.47077236,0.125,0.16666666666666666,0.0,,,,
16,270,1,True,36,5,{Convex geometry and duality of over-parameterized neural networks},"Ergen, T and Pilanci, M",2021,Journal of Machine Learning Research,,"We develop a convex analytic approach to analyze finite width two-layer ReLU networks. We first prove that an optimal solution to the regularized training problem can be characterized as extreme points of a convex set, where simple solutions are encouraged via its convex geometrical properties. We then leverage this characterization to show that an optimal set of parameters yield linear spline interpolation for regression problems involving one dimensional or rank-one data. We also characterize the classification decision regions in terms of a kernel matrix and minimum `1-norm solutions. This is in contrast to Neural Tangent Kernel which is unable to explain predictions of finite width networks. Our convex geometric characterization also provides intuitive explanations of hidden neurons as auto-encoders. In higher dimensions, we show that the training problem can be cast as a finite dimensional convex problem with infinitely many constraints. Then, we apply certain convex relaxations and introduce a cutting-plane algorithm to globally optimize the network. We further analyze the exactness of the relaxations to provide conditions for the convergence to a global optimum. Our analysis also shows that optimal network parameters can be also characterized as interpretable closed-form formulas in some practically relevant special cases. {\textcopyright}2021 Tolga Ergen and Mert Pilanci.","Analytic approach,Classification (of information),Convex duality,Convex geometry,Duality,Finite width,Geometry,Interpolation,Network layers,Neural networks,Neural-networks,Overparameterized model,Overparameterized models,Parameterized neural network,ReLU activation,Relaxation processes,Set theory,Two-layer",0.7420608,0.5223577,0.37028682,0.4632303,0.125,0.08333333333333333,0.3333333333333333,,,,
16,1399,13,True,36,5,{A Sequential Stein's Method for Faster Training of Additive Index Models},"Zhang, H and Yang, Z and Sudjianto, A and Zhang, A",2024,IEEE transactions on neural networks and learning systems,10.1109/TNNLS.2023.3273474 LK - https://unimib.on.worldcat.org/atoztitles/link?sid=EMBASE&sid=EMBASE&issn=21622388&id=doi:10.1109%2FTNNLS.2023.3273474&atitle=A+Sequential+Stein%27s+Method+for+Faster+Training+of+Additive+Index+Models&stitle=IEEE+Trans+Neural+Netw+Learn+Syst&title=IEEE+transactions+on+neural+networks+and+learning+systems&volume=35&issue=10&spage=13941&epage=13950&aulast=Zhang&aufirst=Hengtao&auinit=H.&aufull=Zhang+H.&coden=&isbn=&pages=13941-13950&date=2024&auinit1=H&auinitm=,"The additive index models (AIMs) can be viewed as a kind of artificial neural networks based on nonparametric activation or so-called ridge functions. Recently, they are shown to achieve enhanced explainability after incorporating various interpretability constraints. However, the training of AIMs by either the backfitting algorithm or the joint stochastic optimization is known to be very slow for especially high dimensional inputs. In this article, we propose a novel sequential approach based on the celebrated Stein's lemma. The proposed SeqStein method can successfully decouple the training of AIMs into two separable steps, namely, the following: 1) Stein's estimation of the projection indices and 2) nonparametric estimation of ridge functions using the smoothing splines. We show through numerical experiments that the SeqStein algorithm is not only more efficient for training AIMs, but also inclined to produce more interpretable models that have smooth ridge functions with sparse and nearly orthogonal projection indices.","algorithm,article",0.6810831,0.4794338,0.41667682,0.4827784,0.25,0.08333333333333333,0.2222222222222222,,,,
16,1441,15,True,36,5,{Deep Isotonic Embedding Network: A flexible Monotonic Neural Network},"Zhao, J and Zhang, H and Wang, Y and Zhai, Y and Yang, Y",2024,Neural Networks,10.1016/j.neunet.2023.12.026 LK - https://unimib.on.worldcat.org/atoztitles/link?sid=EMBASE&sid=EMBASE&issn=18792782&id=doi:10.1016%2Fj.neunet.2023.12.026&atitle=Deep+Isotonic+Embedding+Network%3A+A+flexible+Monotonic+Neural+Network&stitle=Neural+Netw.&title=Neural+Networks&volume=171&issue=&spage=457&epage=465&aulast=Zhang&aufirst=Hongwen&auinit=H.&aufull=Zhang+H.&coden=NNETE&isbn=&pages=457-465&date=2024&auinit1=H&auinitm=,"Guaranteeing the monotonicity of a learned model is crucial to address concerns such as fairness, interpretability, and generalization. This paper develops a new monotonic neural network named Deep Isotonic Embedding Network (DIEN), which uses different modules to deal with monotonic and non-monotonic features respectively, and then combine outputs of these modules linearly to obtain the prediction result. A new embedding tool called Isotonic Embedding Unit is developed to process monotonic features and turn each one into an isotonic embedding vector. By converting non-monotonic features into a series of non-negative weight vectors and then combining them with isotonic embedding vectors that have special properties, we enable DIEN to guarantee monotonicity. Besides, we also introduce a module named Monotonic Feature Learning Network to capture complex dependencies between monotonic features. This module is a monotonic feedforward neural network with non-negative weights and can handle scenarios where there are few non-monotonic features or only monotonic features. In comparison to existing methods, DIEN does not require intricate structures like lattices or the use of additional verification techniques to ensure monotonicity. Additionally, the relationship between DIEN's inputs and outputs is obvious and intuitive. Results from experiments on both synthetic and real-world datasets demonstrate DIEN's superiority over existing methodologies.","article,feed forward neural network,human,nerve cell network,prediction",0.69152623,0.48678505,0.2523257,0.36212584,0.125,0.0,0.2222222222222222,,,,
16,2662,32,True,36,5,{GINN-LP: A Growing Interpretable Neural Network for Discovering Multivariate Laurent Polynomial Equations},"Ranasinghe, N and Senanayake, D and Seneviratne, S and Premaratne, M and Halgamuge, S",2024,,10.1609/aaai.v38i13.29396,"Traditional machine learning is generally treated as a black-box optimization problem and does not typically produce interpretable functions that connect inputs and outputs. However, the ability to discover such interpretable functions is desirable. In this work, we propose GINN-LP, an interpretable neural network to discover the form and coefficients of the underlying equation of a dataset, when the equation is assumed to take the form of a multivariate Laurent Polynomial. This is facilitated by a new type of interpretable neural network block, named the “power-term approximator block”, consisting of logarithmic and exponential activation functions. GINN-LP is end-to-end differentiable, making it possible to use backpropagation for training. We propose a neural network growth strategy that will enable finding the suitable number of terms in the Laurent polynomial that represents the data, along with sparsity regularization to promote the discovery of concise equations. To the best of our knowledge, this is the first model that can discover arbitrary multivariate Laurent polynomial terms without any prior information on the order. Our approach is first evaluated on a subset of data used in SRBench, a benchmark for symbolic regression. We first show that GINN-LP outperforms the state-of-the-art symbolic regression methods on datasets generated using 48 real-world equations in the form of multivariate Laurent polynomials. Next, we propose an ensemble method that combines our method with a high-performing symbolic regression method, enabling us to discover non-Laurent polynomial equations. We achieve state-of-the-art results in equation discovery, showing an absolute improvement of 7.1% over the best contender, by applying this ensemble method to 113 datasets within SRBench with known ground-truth equations. Copyright {\textcopyright}2024, Association for the Advancement of Artificial Intelligence (www.aaai.org). All rights reserved.","Backpropagation,Black-box optimization,Ensemble methods,Laurent polynomial,Machine-learning,Neural-networks,Optimization,Optimization problems,Polynomials,Polynomials equation,Regression analysis,Regression method,State of the art,Symbolic regression",0.69702995,0.49065924,0.29367197,0.39451146,0.125,0.16666666666666666,0.3333333333333333,,,,
16,3125,34,True,36,5,{Sparse Neural Additive Model: Interpretable Deep Learning with Feature Selection via Group Sparsity},"Xu, S Y and Bu, Z Q and Chaudhari, P and Barnett, I J",2023,,10.1007/978-3-031-43418-1_21,"Interpretable machine learning has demonstrated impressive performance while preserving explainability. In particular, neural additive models (NAM) offer the interpretability to the black-box deep learning and achieve state-of-the-art accuracy among the large family of generalized additive models. In order to empower NAM with feature selection and improve the generalization, we propose the sparse neural additive models (SNAM) that employ the group sparsity regularization (e.g. Group LASSO), where each feature is learned by a sub-network whose trainable parameters are clustered as a group. We study the theoretical properties for SNAM with novel techniques to tackle the non-parametric truth, thus extending from classical sparse linear models such as the LASSO, which only works on the parametric truth. Specifically, we show that SNAM with subgradient and proximal gradient descents provably converges to zero training loss as t -> infinity, and that the estimation error of SNAM vanishes asymptotically as n -> infinity. We also prove that SNAM, similar to LASSO, can have exact support recovery, i.e. perfect feature selection, with appropriate regularization. Moreover, we show that the SNAM can generalize well and preserve the 'identifiability', recovering each feature's effect. We validate our theories via extensive experiments and further testify to the good accuracy and efficiency of SNAM (Appendix can be found at https://arxiv.org/abs/2202.12482.).",,0.7235507,0.50932795,0.29481196,0.40199664,0.25,0.0,0.2222222222222222,,,,
17,231,0,True,31,4,{DeepSN-Net: Deep Semi-Smooth Newton Driven Network for Blind Image Restoration},"Deng, X and Zhang, C and Jiang, L and Xia, J and Xu, M",2025,IEEE transactions on pattern analysis and machine intelligence,10.1109/TPAMI.2024.3525089 LK - https://unimib.on.worldcat.org/atoztitles/link?sid=EMBASE&sid=EMBASE&issn=19393539&id=doi:10.1109%2FTPAMI.2024.3525089&atitle=DeepSN-Net%3A+Deep+Semi-Smooth+Newton+Driven+Network+for+Blind+Image+Restoration&stitle=IEEE+Trans+Pattern+Anal+Mach+Intell&title=IEEE+transactions+on+pattern+analysis+and+machine+intelligence&volume=47&issue=4&spage=2632&epage=2646&aulast=Deng&aufirst=Xin&auinit=X.&aufull=Deng+X.&coden=&isbn=&pages=2632-2646&date=2025&auinit1=X&auinitm=,"The deep unfolding network represents a promising research avenue in image restoration. However, most current deep unfolding methodologies are anchored in first-order optimization algorithms, which suffer from sluggish convergence speed and unsatisfactory learning efficiency. In this paper, to address this issue, we first formulate an improved second-order semi-smooth Newton (ISN) algorithm, transforming the original nonlinear equations into an optimization problem amenable to network implementation. After that, we propose an innovative network architecture based on the ISN algorithm for blind image restoration, namely DeepSN-Net. To the best of our knowledge, DeepSN-Net is the first successful endeavor to design a second-order deep unfolding network for image restoration, which fills the blank of this area. Furthermore, it offers several distinct advantages: 1) DeepSN-Net provides a unified framework to a variety of image restoration tasks in both synthetic and real-world contexts, without imposing constraints on the degradation conditions. 2) The network architecture is meticulously aligned with the ISN algorithm, ensuring that each module possesses robust physical interpretability. 3) The network exhibits high learning efficiency, superior restoration accuracy and good generalization ability across 11 datasets on three typical restoration tasks. The success of DeepSN-Net on image restoration may ignite many subsequent works centered around the second-order optimization algorithms, which is good for the community.","algorithm,article,blindness,controlled study,degradation,human,image reconstruction,learning,velocity",0.75157046,0.5408372,0.2826693,0.3998946,0.125,0.16666666666666666,0.1111111111111111,,,,
17,920,6,True,31,4,{A Principle Design of Registration-Fusion Consistency: Toward Interpretable Deep Unregistered Hyperspectral Image Fusion},"Qu, J and Cui, J and Dong, W and Du, Q and Wu, X and Xiao, S and Li, Y",2024,IEEE transactions on neural networks and learning systems,10.1109/TNNLS.2024.3412528 LK - https://unimib.on.worldcat.org/atoztitles/link?sid=EMBASE&sid=EMBASE&issn=21622388&id=doi:10.1109%2FTNNLS.2024.3412528&atitle=A+Principle+Design+of+Registration-Fusion+Consistency%3A+Toward+Interpretable+Deep+Unregistered+Hyperspectral+Image+Fusion&stitle=IEEE+Trans+Neural+Netw+Learn+Syst&title=IEEE+transactions+on+neural+networks+and+learning+systems&volume=PP&issue=&spage=&epage=&aulast=Qu&aufirst=Jiahui&auinit=J.&aufull=Qu+J.&coden=&isbn=&pages=-&date=2024&auinit1=J&auinitm=,"For hyperspectral image (HSI) and multispectral image (MSI) fusion, it is often overlooked that multisource images acquired under different imaging conditions are difficult to be perfectly registered. Although some works attempt to fuse unregistered images, two thorny challenges remain. One is that registration and fusion are usually modeled as two independent tasks, and there is no yet a unified physical model to tightly couple them. Another is that deep learning (DL)-based methods may lack sufficient interpretability and generalization. In response to the above challenges, we propose an unregistered HSI fusion framework energized by a unified model of registration and fusion. First, a novel registration-fusion consistency physical perception model (RFCM) is designed, which uniformly models the image registration and fusion problem to greatly reduce the sensitivity of fusion performance to registration accuracy. Then, an HSI fusion framework (MoE-PNP) is proposed to learn the knowledge reasoning process for solving RFCM. Each basic module of MoE-PNP one-to-one corresponds to the operation in the optimization algorithm of RFCM, which can ensure clear interpretability of the network. Moreover, MoE-PNP captures the general fusion principle for different unregistered images and therefore has good generalization. Extensive experiments demonstrate that MoE-PNP achieves state-of-the-art performance for unregistered HSI and MSI fusion. The code is available at https://github.com/Jiahuiqu/MoE-PNP.","algorithm,article,controlled study,deep learning,diagnostic test accuracy study,human,image registration,physical model",0.6826237,0.4912225,0.26995337,0.37312096,0.125,0.16666666666666666,0.1111111111111111,,,,
17,1865,19,True,31,4,{Inverting a Rolling Shutter Camera: Bring Rolling Shutter Images to High Framerate Global Shutter Video},"Fan, B and Dai, Y",2021,,10.1109/ICCV48922.2021.00419,"Rolling shutter (RS) images can be viewed as the result of the row-wise combination of global shutter (GS) images captured by a virtual moving GS camera over the period of camera readout time. The RS effect brings tremendous difficulties for the downstream applications. In this paper, we propose to invert the above RS imaging mechanism, i.e., recovering a high framerate GS video from consecutive RS images to achieve RS temporal super-resolution (RSSR). This extremely challenging problem, e.g., recovering 1440 GS images from two 720-height RS images, is far from being solved end-to-end. To address this challenge, we exploit the geometric constraint in the RS camera model, thus achieving geometry-aware inversion. Specifically, we make three contributions in resolving the above difficulties: (i) formulating the bidirectional RS undistortion flows under the constant velocity motion model, (ii) building the connection between the RS undistortion flow and optical flow via a scaling operation, and (iii) developing a mutual conversion scheme between varying RS undistortion flows that correspond to different scanlines. Building upon these formulations, we propose the first RS temporal super-resolution network in a cascaded structure to extract high framerate global shutter video. Our method explores the underlying spatio-temporal geometric relationships within a deep learning framework, where no extra supervision besides the middle-scanline ground truth GS image is needed. Essentially, our method can be very efficient for explicit propagation to generate GS images under any scanline. Experimental results on both synthetic and real data show that our method can produce high-quality GS image sequences with rich details, outperforming state-of-the-art methods.","Buildings,Cameras,Computer vision,Image and video synthesis,Image motion analysis,Low-level and physics-based vision,Pipelines,Superresolution,Video sequences",0.5405378,0.38897613,0.4267521,0.45519853,0.0,0.08333333333333333,0.1111111111111111,,,,
17,2999,27,True,31,4,{Adaptive Convolutional Dictionary Network for CT Metal Artifact Reduction},"Wang, H and Li, Y and Meng, D and Zheng, Y",2022,,10.24963/ijcai.2022/195,"Inspired by the great success of deep neural networks, learning-based methods have gained promising performances for metal artifact reduction (MAR) in computed tomography (CT) images. However, most of the existing approaches put less emphasis on modelling and embedding the intrinsic prior knowledge underlying this specific MAR task into their network designs. Against this issue, we propose an adaptive convolutional dictionary network (ACDNet), which leverages both model-based and learning-based methods. Specifically, we explore the prior structures of metal artifacts, e.g., non-local repetitive streaking patterns, and encode them as an explicit weighted convolutional dictionary model. Then, a simple-yet-effective algorithm is carefully designed to solve the model. By unfolding every iterative substep of the proposed algorithm into a network module, we explicitly embed the prior structure into a deep network, i.e., a clear interpretability for the MAR task. Furthermore, our ACDNet can automatically learn the prior for artifact-free CT images via training data and adaptively adjust the representation kernels for each input CT image based on its content. Hence, our method inherits the clear interpretability of model-based methods and maintains the powerful representation ability of learning-based methods. Comprehensive experiments executed on synthetic and clinical datasets show the superiority of our ACDNet in terms of effectiveness and model generalization. Code and supplementary material are available at https://github.com/hongwang01/ACDNet. {\textcopyright}2022 International Joint Conferences on Artificial Intelligence. All rights reserved.","Computed tomography images,Computerized tomography,Convolution,Deep neural networks,Embeddings,Interpretability,Iterative methods,Learning systems,Learning-based methods,Metal artifact reduction,Model-based OPC,Network design,Neural network learning,Performance,Prior-knowledge",0.70128405,0.5046506,0.35479355,0.44141617,0.125,0.08333333333333333,0.2222222222222222,,,,
18,18,0,True,31,4,{Systematic review of bankruptcy prediction models: Towards a framework for tool selection},"Alaka, H A and Oyedele, L O and Owolabi, H A and Kumar, V and Ajayi, S O and Akinade, O O and Bilal, M",2018,Expert Systems with Applications,10.1016/j.eswa.2017.10.040,"The bankruptcy prediction research domain continues to evolve with many new different predictive models developed using various tools. Yet many of the tools are used with the wrong data conditions or for the wrong situation. Using the Web of Science, Business Source Complete and Engineering Village databases, a systematic review of 49 journal articles published between 2010 and 2015 was carried out. This review shows how eight popular and promising tools perform based on 13 key criteria within the bankruptcy prediction models research area. These tools include two statistical tools: multiple discriminant analysis and Logistic regression; and six artificial intelligence tools: artificial neural network, support vector machines, rough sets, case based reasoning, decision tree and genetic algorithm. The 13 criteria identified include accuracy, result transparency, fully deterministic output, data size capability, data dispersion, variable selection method required, variable types applicable, and more. Overall, it was found that no single tool is predominantly better than other tools in relation to the 13 identified criteria. A tabular and a diagrammatic framework are provided as guidelines for the selection of tools that best fit different situations. It is concluded that an overall better performance model can only be found by informed integration of tools to form a hybrid model. This paper contributes towards a thorough understanding of the features of the tools used to develop bankruptcy prediction models and their related shortcomings. {\textcopyright}2017 Elsevier Ltd","Artificial intelligence,Artificial intelligence tools,Bankruptcy prediction,Bankruptcy prediction tools,Case based reasoning,Data mining,Decision trees,Discriminant analysis,Error types,Financial ratios,Forecasting,Genetic algorithms,Neural networks,Statistical mechanics,Statistical tools,Systematic Review,Systematic review,Tool selection,Tool selection framework",0.6534975,0.43995467,0.41250968,0.47275662,0.125,0.16666666666666666,0.2222222222222222,,,,
18,1070,11,True,31,4,"{AI-driven churn prediction in subscription services: addressing economic metrics, data transparency, and customer interdependence}","Talaat, F M and Aljadani, A",2025,Neural Computing and Applications,10.1007/s00521-025-11027-6,"This study aims to improve customer churn prediction by integrating machine learning algorithms and evaluating their performance using criteria like accuracy, profit, and Customer Lifetime Value (CLV). Using a Telecom Customer Churn Prediction dataset, the study analyzes the efficiency of various models such as XGBoost, Linear Regression, Decision Tree Regressor, Lasso, Random Forest, and Gradient Boosting Regressor. This study introduces an Adaptive Profit-Centric Churn Prediction Engine (APCPE), an innovative churn prediction system that evaluates profitability and adapts to changing customer behavior. Each model's accuracy, profit, and CLV are assessed, revealing that the proposed APCPE is the most accurate model, with a 97.01% accuracy rate, a profit of $606.3125, and a CLV of $1212.625. Convergence curves, including R2 convergence curves, show the model's performance and convergence rates for each algorithm. Convergence curves, including R2 convergence curves, show the model's performance and convergence rates for each algorithm. The study digs deeper into interdependence modeling, which involves finding and measuring consumer interactions or dependencies such as social network linkages and product co-occurrence. The study adds insights into modeling customer behavior dependencies and their impact on churn prediction, providing a holistic approach to improving corporate tactics for customer retention. {\textcopyright}The Author(s), under exclusive licence to Springer-Verlag London Ltd., part of Springer Nature 2025.","Adaptive boosting,Artificial intelligence,Churn predictions,Convergence rates,Customer behavior,Customer churn prediction,Customer lifetime value,Customer satisfaction,Decision trees,Dynamic customer behavior,Linear regression,Performance,Prediction engines,Prediction models,Predictive modeling,Predictive models,Sales,Voluntary churn",0.6361846,0.42829907,0.46260977,0.5060035,0.125,0.08333333333333333,0.1111111111111111,,,,
18,2372,26,True,31,4,{Mining Cross Features for Financial Credit Risk Assessment},"Liu, Q and Liu, Z C and Zhang, H L and Chen, Y T and Zhu, J and ACM",2021,,10.1145/3459637.3482371,"For reliability, machine learning models in some areas, e.g., finance and healthcare, require to be both accurate and globally interpretable. Among them, credit risk assessment is a major application of machine learning for financial institutions to evaluate credit of users and detect default or fraud. Simple white-box models, such as Logistic Regression (LR), are usually used for credit risk assessment, but not powerful enough to model complex nonlinear interactions among features. In contrast, complex black-box models are powerful at modeling, but lack of interpretability, especially global interpretability. Fortunately, automatic feature crossing is a promising way to find cross features to make simple classifiers to be more accurate without heavy handcrafted feature engineering. However, existing automatic feature crossing methods have problems in efficiency on credit risk assessment, for corresponding data usually contains hundreds of feature fields. In this work, we find local interpretations in Deep Neural Networks (DNNs) of a specific feature are usually inconsistent among different samples. We demonstrate this is caused by nonlinear feature interactions in the hidden layers of DNN. Thus, we can mine feature interactions in DNN, and use them as cross features in LR. This will result in mining cross features more efficiently. Accordingly, we propose a novel automatic feature crossing method called DNN2LR. The final model, which is a LR model empowered with cross features, generated by DNN2LR is a white-box model. We conduct experiments on both public and business datasets from real-world credit risk assessment applications, which show that, DNN2LR outperform both conventional models used for credit assessment and several feature crossing methods. Moreover, comparing with state-of-the-art feature crossing methods, i.e., AutoCross, the proposed DNN2LR method accelerates the speed by about 10 to 40 times on financial credit assessment datasets, which contain hundreds of feature fields.",,0.7221599,0.4861803,0.33520538,0.431944,0.125,0.0,0.3333333333333333,,,,
18,2633,28,True,31,4,{Explainable Graph-based Fraud Detection via Neural Meta-graph Search},"Qin, Z and Liu, Y and He, Q and Ao, X",2022,,10.1145/3511808.3557598,"Though graph neural networks (GNNs)-based fraud detectors have received remarkable success in identifying fraudulent activities, few of them pay equal attention to models' performance and explainability. In this paper, we attempt to achieve high performance for graph-based fraud detection while considering model explainability. We propose NGS (Neural meta-Graph Search), in which the message passing process of a GNN is formalized as a meta-graph, and a differentiable neural architecture search is devised to determine the optimized message passing graph structure. We further enhance the model by aggregating multiple searched meta-graphs to make the final prediction. Experimental results on two real-world datasets demonstrate that NGS outperforms state-of-the-art baselines. In addition, the searched meta-graphs concisely describe the information used for prediction and produce reasonable explanations. {\textcopyright}2022 Owner/Author.","Crime,Fraud detection,Graph neural networks,Graph search,Graph-based,Graphic methods,Message passing,Meta-graph,Modeling performance,Network architecture,Network-based,Neural architecture search,Neural architectures,Performance,fraud detection,graph neural network,neural architecture search",0.6330595,0.4261952,0.308532,0.38966388,0.125,0.08333333333333333,0.3333333333333333,,,,
19,1216,7,True,30,4,{Building interpretable models for business process prediction using shared and specialised attention mechanisms},"Wickramanayake, B and He, Z and Ouyang, C and Moreira, C and Xu, Y and Sindhgatta, R",2022,Knowledge-Based Systems,10.1016/j.knosys.2022.108773,"Predictive process analytics, often underpinned by deep learning techniques, is a newly emerged discipline dedicated for providing business process intelligence in modern organisations. Whilst accuracy has been a dominant criterion in building predictive capabilities, the use of deep learning techniques comes at the cost of the resulting models being used as ‘black boxes', i.e., they are unable to provide insights into why a certain business process prediction was made. So far, little attention has been paid to interpretability in the design of deep learning-based process predictive models. In this paper, we address the ‘black-box' problem in the context of predictive process analytics by developing attention-based models that are capable to inform both what and why is a process prediction. We propose i) two types of attentions—event attention to capture the impact of specific events on a prediction, and attribute attention to reveal which attribute(s) of an event influenced the prediction; and ii) two attention mechanisms—shared attention mechanism and specialised attention mechanism to reflect different design decisions between whether to construct attribute attention on individual input features (specialised) or using the concatenated feature tensor of all input feature vectors (shared). These lead to two distinct attention-based models, and both are interpretable models that incorporate interpretability directly into the structure of a process predictive model. We conduct experimental evaluation of the proposed models using real-life dataset and comparative analysis between the models for accuracy and interpretability, and draw insights from the evaluation and analysis results. The results demonstrate that i) the proposed attention-based models can achieve reasonably high accuracy; ii) both are capable of providing relevant interpretations (when validated against domain knowledge); and iii) whilst the two models perform equally in terms of prediction accuracy, the specialised attention-based model tends to provide more relevant interpretations than the shared attention-based model, reflecting the fact that the specialised attention-based model is designed to facilitate better interpretability. {\textcopyright}2022 Elsevier B.V.","Attention mechanism,Attention mechanisms,Business Process,Business process prediction,Domain Knowledge,Event log,Event logs,Explainable AI,Forecasting,Interpretability,LSTM,Learning algorithms,Long short-term memory,Predictive analytics,Predictive process,Process analytics,Process prediction",0.67489946,0.4741392,0.38419437,0.45687065,0.25,0.08333333333333333,0.1111111111111111,,,,
19,1232,8,True,30,4,{AVI-Net: Audio-visual-integration inspired deep network with application to short-term air temperature forecasting},"Wu, H and Liang, Y and Gao, X.-Z. and Heng, J.-N. and Du, P",2025,Expert Systems with Applications,10.1016/j.eswa.2025.127604,"Accurate forecasting of air temperature plays an important role in epidemic disease prevention, agricultural safety, tourism management, etc., but is hard to accurately perform since the series as a natural process involves lots of stochastic and nonlinear fluctuations. Meanwhile, most existing deep forecasting networks attempt to improve accuracy by integrating some design tricks and lack reasonable guidelines and domain knowledge. Biologically-inspired ideas are promising to address the above drawbacks, and this paper develops an audio-visual-integration inspired deep network, namely AVI-Net, for short-term air temperature forecasting, including the feature capture (imitating the auditory canal and ocular globe), feature analysis (imitating the left and right cerebral hemispheres) and forecasting realization blocks (imitating the high-level brain region). First, the domain knowledge is injected in the AVI-Net from the selection-addition feature and the loss function constructed via the Gaussian kernel, improving the extraction capability of long-term trends and short-term non-linearities. Second, multiple Monte Carlo dropout layers are integrated into the AVI-Net to introduce the model uncertainty, obtaining confidence intervals and enhancing the application values. Finally, the AVI-Net deeply mimics the audio-visual integrated system in the flowchart, structure, and function, inheriting its superior analysis capabilities and having somewhat interpretability in the network design. Seven experiments and six discussions under two real-world datasets present that the AVI-Net has better forecasting accuracy and stability than 14 baselines, and is suitable to be the intelligent and reliable decision support system for related sectors. {\textcopyright}2025 Elsevier Ltd","Air temperature,Air temperature forecasting,Audio-visual integration,Deep network,Diseases,Domain knowledge,Epidemic disease,Epidemiology,Gated mechanism,Kernel loss function,Loss functions,Temperature forecasting,Weather forecasting",0.5897187,0.41429695,0.45618725,0.4895701,0.125,0.08333333333333333,0.2222222222222222,,,,
19,2042,13,True,30,4,{BEATLEX: Summarizing and Forecasting Time Series with Patterns},"Hooi, B and Liu, S H and Smailagic, A and Faloutsos, C",2017,,10.1007/978-3-319-71246-8_1,"Given time-series data such as electrocardiogram (ECG) readings, or motion capture data, how can we succintly summarize the data in a way that robustly identifies patterns that appear repeatedly? How can we then use such a summary to identify anomalies such as abnormal heartbeats, and also forecast future values of the time series? Our main idea is a vocabulary-based approach, which automatically learns a set of common patterns, or 'beat patterns,' which are used as building blocks to describe the time series in an intuitive and interpretable way. Our summarization algorithm, BEATLEX (BEAT Lexicons for Summarization) is: (1) fast and online, requiring linear time in the data size and bounded memory; (2) effective, outperforming competing algorithms in labelling accuracy by 5.3 times, and forecasting accuracy by 1.8 times; (3) principled and parameter-free, as it is based on the Minimum Description Length principle of summarizing the data by compressing it using as few bits as possible, and automatically tunes all its parameters; (4) general: it applies to any domain of time series data, and can make use of multidimensional (i.e. coevolving) time series.",,0.60677505,0.42627954,0.49376667,0.5220188,0.125,0.0,0.0,,,,
19,2282,17,True,30,4,{VISUALET: Visualizing Shapelets for Time Series Classification},"Li, G Z and Choi, B and Bhowmick, S S and Wong, G L H and Chun, K P and Li, S W and MACHINERY, ASSOC COMP",2020,,10.1145/3340531.3417414,"Time series classification (TSC) has attracted considerable attention from both academia and industry. TSC methods that are based on shapelets (intuitively, small highly-discriminative subsequences) have been found effective and are particularly known for their interpretability, as shapelets themselves are subsequences. A recent work has significantly improved the efficiency of shapelet discovery. For instance, the shapelets of more than 65% of the datasets in the UCR Archive (containing data from different application domains) can be computed within an hour, whereas those of 12 datasets can be computed within a minute. Such efficiency has made it possible for demo attendees to interact with shapelet discovery and explore high-quality shapelets. In this demo, we present Visualet - a tool for visualizing shapelets, and exploring effective and interpretable ones.",,0.69092375,0.4853968,0.2576598,0.3659758,0.125,0.0,0.0,,,,
20,343,5,True,26,3,{Thresholded ConvNet ensembles: neural networks for technical forecasting},"Ghoshal, S and Roberts, S",2020,Neural Computing and Applications,10.1007/s00521-020-04877-9,"Much of modern practice in financial forecasting relies on technicals, an umbrella term for several heuristics applying visual pattern recognition to price charts. Despite its ubiquity in financial media, the reliability of its signals remains a contentious and highly subjective form of ‘domain knowledge'. We investigate the predictive value of patterns in financial time series, applying machine learning and signal processing techniques to 22 years of US equity data. By reframing technical analysis as a poorly specified, arbitrarily preset feature-extractive layer in a deep neural network, we show that better convolutional filters can be learned directly from the data, and provide visual representations of the features being identified. We find that an ensemble of shallow, thresholded convolutional neural networks optimised over different resolutions achieves state-of-the-art performance on this domain, outperforming technical methods while retaining some of their interpretability. {\textcopyright}2020, The Author(s).","Convolution,Convolutional neural networks,Deep neural networks,Different resolutions,Finance,Financial data processing,Financial forecasting,Financial time series,Machine learning,Multilayer neural networks,Pattern recognition,Signal processing,Signal processing technique,State-of-the-art performance,Technical analysis,Visual pattern recognition,Visual representations",0.77212965,0.54971176,0.3233059,0.43551183,0.125,0.08333333333333333,0.3333333333333333,,,,
20,749,9,True,26,3,{Research on public opinion effecting on stock price during crises based on model checking},"Ma, Y and Wu, P and Ling, C and Ding, S C",2024,EXPERT SYSTEMS WITH APPLICATIONS,10.1016/j.eswa.2024.123442,"Recent studies have shown that news and investors' comments on social media against listed companies significantly impact stock price movements. Listed companies suffer abnormal stock price movements and tremendous economic losses in public opinion crises. Most existing studies combine news and investors' sentiments with technical indicators to predict stock price movements to help investors optimize investments. However, it is urgent for listed companies to predict stock price movements during crises and understand the impact of multiple factors on stock price movements during crises, thereby using effective response strategies to stabilize stock prices. This study proposes a method to predict stock price movements during crises based on model checking. We integrate the public opinion factors by considering the interaction among investors, media and listed companies as crisis managers based on the Situational Crisis Communication Theory. The explicable rules of stock price movements are extracted by random forest algorithm from objective data of previous crises and formalized as Computation Tree Logic formulas (phi). The database is modeled into a verifiable formal model (M) and formalized as a Kripke structure. The model checker NuSMV is used to verify the rules in actual situations to predict stock price movements and provide early warning automatically. The proposed method achieves superior performance with ACC of 77.53% and 78.43% in the victim and preventable crises, respectively. The response strategies of listed companies significantly impact stock price movements during crises in the Chinese stock market. The explicable rules of stock price movements provide decision support to develop proper crisis responses for listed companies during crises.",,0.59664047,0.4247737,0.39866102,0.44815588,0.125,0.25,0.0,,,,
20,1686,17,True,26,3,{Constructing Noise Free Economic Policy Uncertainty Index},"Chen, C C and Huang, H H and Huang, Y L and Chen, H H and ACM",2021,,10.1145/3459637.3482075,"The economic policy uncertainty (EPU) index is one of the important text-based indexes in finance and economics fields. The EPU indexes of more than 26 countries have been constructed to reflect the policy uncertainty on country-level economic environments and serve as an important economic leading indicator. The EPU indexes are calculated based on the number of news articles with some manually-selected keywords related to economic, uncertainty, and policy. We find that the keyword-based EPU indexes contain noise, which will influence their explainability and predictability. In our experimental dataset, over 40% of news articles with the selected keywords are not related to the EPU. Instead of using keywords only, our proposed models take contextual information into account and get good performance on identifying the articles unrelated to EPU. The noise free EPU index performs better than the keyword-based EPU index in both explainability and predictability.",,0.5892581,0.41951782,0.46878028,0.49889973,0.125,0.0,0.0,,,,
21,600,5,True,25,3,{Large-Scale Malicious Software Classification With Fuzzified Features and Boosted Fuzzy Random Forest},"Li, F -Q. and Wang, S -L. and Liew, A W -C. and Ding, W and Liu, G -S.",2021,IEEE Transactions on Fuzzy Systems,10.1109/TFUZZ.2020.3016023,"Classification of malicious software, especially in a very large dataset, is a challenging task for machine intelligence. Malware can have highly diversified features, each of which has highly heterogeneous distributions. These factors increase the difficulties for traditional data analytic approaches to deal with them. Although deep learning based methods have reported good classification performance, the deep models usually lack interpretability and are fragile under adversarial attacks. To solve these problems, fuzzy systems have become a competitive candidate in malware analysis. In this article, a new fuzzy-based approach is proposed for malware classification. We focused on portable executable files in the Windows platform and analyzed the distributions of static features and content-oriented features. Fuzzification was used to reduce the ubiquitous impact of noise and outliers in a very large dataset. Finally, a novel boosted classifier consisted of fuzzy decision trees and support vector machine is proposed to perform the malware classification. By using fuzzy decision trees, the inner structure of the classifier can be readily interpreted as discriminative rules, whereas the novel boosting strategy provides state-of-the-art classification performance. Extensive experimental results showed that our method significantly outperformed several state-of-the-art classifiers.","Boosted random forest,Computer security,Decision trees,Feature extraction,Fuzzy logic,Malware,Random forests,Support vector machines,computer security,fuzzy decision tree,malware classification",0.7180014,0.52207655,0.32068026,0.42001057,0.125,0.25,0.0,,,,
21,1567,14,True,25,3,{Using Graph Neural Networks for the Detection and Explanation of Network Intrusions},"Baahmed, A R E and Andresini, G and Robardet, C and Appice, A",2025,,10.1007/978-3-031-74633-8_13,"The ever-increasing evolution of Deep Learning methods has enabled their use in many areas, including cybersecurity. With the exponential growth in the volume of data circulating in computer networks, their security is a paramount necessity. Nowadays, network security is mainly pursued using preventive techniques but also by detecting intrusions as soon as possible, when they occur. Different types of Machine Learning and Deep Leaning models have been recently studied for network intrusion detection, but surprisingly, although Network Intrusion Detection Systems (NIDSs) scrutinize flow data exchanges on a network, graph-based models have been little explored so far. We propose in this article to consider the relevance of Graph Neural Network (GNNs) to detect intrusions and also to explain them. For this purpose, we adapt the GNNExplainer method, that is, the pioneer method for explaining GNN decisions, to edge-level classification models.",,0.7669372,0.5576589,0.27894676,0.40094435,0.0,0.0,0.2222222222222222,,,,
21,1601,15,True,25,3,{A Rule Mining-Based Advanced Persistent Threats Detection System},"Benabderrahmane, S and Berrada, G and Cheney, J and Valtchev, P",2021,,10.24963/ijcai.2021/494,"Advanced persistent threats (APT) are stealthy cyber-attacks that are aimed at stealing valuable information from target organizations and tend to extend in time. Blocking all APTs is impossible, security experts caution, hence the importance of research on early detection and damage limitation. Whole-system provenance-tracking and provenance trace mining are considered promising as they can help find causal relationships between activities and flag suspicious event sequences as they occur. We introduce an unsupervised method that exploits OS-independent features reflecting process activity to detect realistic APT-like attacks from provenance traces. Anomalous processes are ranked using both frequent and rare event associations learned from traces. Results are then presented as implications which, since interpretable, help leverage causality in explaining the detected anomalies. When evaluated on Transparent Computing program datasets (DARPA), our method outperformed competing approaches. {\textcopyright}2021 International Joint Conferences on Artificial Intelligence. All rights reserved.","Artificial intelligence,Blockings,Causal relationships,Cyber-attacks,Cybersecurity,Damage detection,Damage limitation,Event sequence,Network security,Persistent threat detection systems,Process activities,Rule mining,Security experts,Unsupervised method",0.75505364,0.54901814,0.3831373,0.4761164,0.25,0.08333333333333333,0.1111111111111111,,,,
22,53,2,True,24,3,{PrePCT: Traffic congestion prediction in smart cities with relative position congestion tensor},"Bai, M and Lin, Y and Ma, M and Wang, P and Duan, L",2021,Neurocomputing,10.1016/j.neucom.2020.08.075,"Traffic congestion prediction is a vital part of Intelligent Transportation Systems in smart cities. Effective methods for traffic congestion prediction can help people make travel plans reasonably with Advanced Traveler Information Systems. Most of the existing methods for traffic congestion prediction was designed for a specific location. The parameters need to be modified when applying these methods to different locations. Other studies on the traffic network require sophisticated data pre-processing such as map matching. In this paper, we build a model named Relative Position Congestion Tensor and propose a Predictor for Position Congestion Tensor for traffic congestion prediction. First, we design a novel approach to construct congestion matrix on region traffic networks using the concept of relative locations for road nodes and convert matrices into three-dimensional spatio-temporal tensors. Then, we propose a method based on convolutional long-short term memory network to predict congestion at all locations of the road network in the near future. The experiments show that in all locations where congestion often occurs, the proposed method significantly outperforms baseline models including Linear Regression, Autoregressive Integrated Moving Average, Support Vector Regression, Random Forest, Gradient Boosting Regression, Long-Short Term Memory and generally outperforms the Convolution-based deep Neural Network modeling Periodic traffic data. Furthermore, we study the internal structure of the Predictor for Position Congestion Tensor model to analyze the interpretability of the model for congestion prediction. The results show that the proposed model can accurately capture the temporal and spatial characteristics of traffic. {\textcopyright}2020 Elsevier B.V.","Advanced traveler information systems,Auto-regressive integrated moving average,Brain,Congestion prediction,Convolution,Convolutional long-short term memory network,Data handling,Data preprocessing,Decision trees,Deep neural networks,Forecasting,Intelligent systems,Intelligent transportation systems,Internal structure,Location,Long short-term memory,Matrix algebra,Motor transportation,Neural network model,Relative position congestion tensor,Relative positions,Roads and streets,Smart city,Support vector regression,Temporal and spatial,Tensors,Traffic congestion,article,city,deep neural network,human,linear regression analysis,long short term memory network,prediction,random forest,support vector machine",0.7414485,0.5292109,0.301661,0.4116079,0.125,0.08333333333333333,0.3333333333333333,,,,
22,2092,16,True,24,3,{Web Mining to Inform Locations of Charging Stations for Electric Vehicles},"Hummler, P and Naumzik, C and Feuerriegel, S and ACM",2022,,10.1145/3487553.3524264,"The availability of charging stations is an important factor for promoting electric vehicles (EVs) as a carbon-friendly way of transportation. Hence, for city planners, the crucial question is where to place charging stations so that they reach a large utilization. Here, we hypothesize that the utilization of EV charging stations is driven by the proximity to points-of-interest (POIs), as EV owners have a certain limited willingness to walk between charging stations and POIs. To address our research question, we propose the use of web mining: we characterize the influence of different POIs from OpenStreetMap on the utilization of charging stations. For this, we present a tailored interpretable model that takes into account the full spatial distributions of both the POIs and the charging stations. This allows us then to estimate the distance and magnitude of the influence of different POI types. We evaluate our model with data from approx. 300 charging stations and 4,000 POIs in Amsterdam, Netherlands. Our model achieves a superior performance over state-of-the-art baselines and, on top of that, is able to offer an unmatched level of interpretability. To the best of our knowledge, no previous paper has quantified the POI influence on charging station utilization from real-world usage data by estimating the spatial proximity in which POIs are relevant. As such, our findings help city planners in identifying effective locations for charging stations.",,0.569517,0.4064943,0.43425393,0.4680697,0.125,0.08333333333333333,0.0,,,,
22,2632,22,True,24,3,{Network-Wide Traffic States Imputation Using Self-interested Coalitional Learning},"Qin, H L and Zhan, X Y and Li, Y X and Yang, X D and Zheng, Y and MACHINERY, ASSOC COMP",2021,,10.1145/3447548.3467424,"Accurate network-wide traffic state estimation is vital to many transportation operations and urban applications. However, existing methods often suffer from the scalability issue when performing real-time inference at the city-level, or not robust enough under limited data. Currently, GPS trajectory data from probe vehicles has become a popular data source for many transportation applications. GPS trajectory data has large coverage area, which is ideal for network-wide applications, but also has the disadvantage of being sparse and highly heterogeneous among different time and locations. In this study, we focus on developing a robust and interpretable network-wide traffic state imputation framework using partially observed traffic information. We introduce a new learning strategy, called self-interested coalitional learning (SCL), which forges cooperation between a main self-interested semi-supervised learning task and a discriminator as a critic to facilitate main task training while providing interpretability on the results. In our detailed model, we use a temporal graph convolutional variational autoencoder (TG-VAE) as the reconstructor, which models the complex spatio-temporal pattern in data and solves the main traffic state imputation task. A discriminator is introduced to output interpretable imputation confidence on the estimated results and also help to enhance the performance of the reconstructor. The framework is evaluated using a large GPS trajectory dataset from taxis in Jinan, China. Extensive experiments against the state-of-the-art baselines demonstrate the effectiveness and robustness of the proposed method for network-wide traffic state estimation.",,0.7385417,0.52713615,0.370551,0.46254867,0.125,0.0,0.1111111111111111,,,,
23,282,1,True,23,3,{Modelling EMG driven wrist movements using a bio-inspired neural network},"Fang, Y and Yang, J and Zhou, D and Ju, Z",2022,Neurocomputing,10.1016/j.neucom.2021.10.104 LK - https://unimib.on.worldcat.org/atoztitles/link?sid=EMBASE&sid=EMBASE&issn=18728286&id=doi:10.1016%2Fj.neucom.2021.10.104&atitle=Modelling+EMG+driven+wrist+movements+using+a+bio-inspired+neural+network&stitle=Neurocomputing&title=Neurocomputing&volume=470&issue=&spage=89&epage=98&aulast=Fang&aufirst=Yinfeng&auinit=Y.&aufull=Fang+Y.&coden=NRCGE&isbn=&pages=89-98&date=2022&auinit1=Y&auinitm=,"The hidden pattern within the sEMG signal has wide applications in human-robot interaction. Decoding the patterns from sEMG signal tends to use black box models, which limits the further analysis of the mechanism of human musculoskeletal system. Therefore, a bio-inspired neural network (BNN) is proposed to model the information propagation procedures from nerve-related information (i.e. EMG signal) to muscle activation to joint activation to extremity movements. Instead of random parameter initialisation, the priori knowledge, such as muscle-electrode relationship, and muscles' functionality, are fully considered to initialise the parameters. Besides, an interpretability constraint error back propagation algorithm (ICBP) is proposed to fine-tune the model for movement prediction, without scarifying model's interpretability. An open sEMG database ISRMyo-I is utilised to verify the proposed methods for the classification of six wrist movements. With the only input of mean absolute value (MAV) feature, the proposed approach achieves an accuracy of >82%, which outperforms the support vector machine (78%), linear discriminant analysis (80%), k-nearest neighbors (78%), multi-layer perceptron (69%), random forest (74%), and convolutional neural network (74%).","algorithm,article,artificial neural network,back propagation,convolutional neural network,discriminant analysis,electromyogram,human,k nearest neighbor,movement (physiology),multilayer perceptron,random forest,support vector machine",0.67563295,0.45249546,0.3825941,0.45585382,0.125,0.16666666666666666,0.3333333333333333,,,,
23,498,4,True,23,3,{Hand Palm Tracking in Monocular Images by Fuzzy Rule-Based Fusion of Explainable Fuzzy Features With Robot Imitation Application},"Juang, C -F. and Chang, C -W. and Hung, T -H.",2021,IEEE Transactions on Fuzzy Systems,10.1109/TFUZZ.2021.3086228,"This article proposes a new method for the tracking of three-dimensional (3-D) hand palms from the whole human standing body using fuzzy rule-based fusion of explainable fuzzy features from a monocular video. The characteristics of this method include visually and linguistically explainable fuzzy features and rules and computational efficiency. This article first tracks the 2-D palms using the following four fuzzy features: optical flows; the degree of a pixel in the foreground; skin color information; and the search area around a hand palm candidate from a segmented body. Afterward, a fuzzy system (FS) is proposed to fuse the four fuzzy features to estimate the 2D- palm positions. Localization of the elbows is based on the estimated palm locations, human body skeletons, and body contour. The 2-D palms and elbows are tracked using a modified particle filter. To estimate the depth of each palm, the locations of the palm and elbow are fed as inputs to a neural FS. The 3-D palm tracking result is applied to a robot upper-body imitation system. Experiments with comparisons of different hand palm tracking methods are performed to verify the real-time computational ability and accuracy of the proposed method.","Artificial intelligence,Cameras,Explainable artificial intelligence,Fuzzy systems,Optical flow,Particle filters,Tracking,fuzzy systems (FSs),hand tracking,neural fuzzy systems (NFSs),particle filter,robot imitation",0.40510705,0.27131465,0.43958902,0.43096852,0.125,0.16666666666666666,0.1111111111111111,,,,
23,1396,17,True,23,3,{Interpretable Dual-branch EMGNet: A transfer learning-based network for inter-subject lower limb motion intention recognition},"Zhang, C and Wang, X and Yu, Z and Wang, B and Deng, C",2024,Engineering Applications of Artificial Intelligence,10.1016/j.engappai.2023.107761,"Currently, the fusion of surface Electromyography (EMG) and deep learning is gradually showing immense potential in the research of Lower Limb Motion Intention Recognition (LLMIR). Nevertheless, most deep learning algorithms have poor interpretability without special design or the help of other post-hoc analysis tools, as well as unsatisfactory performance in cross-subject prediction. Hence, this paper presents a novel Interpretable Dual-Branch EMG Network (IDB-EMGNet), in which one branch is dedicated to lower limb motion recognition, and the other is able to predict knee joint angles in advance. The shallow feature extraction module of IDB-EMGNet is constructed using an ante-hoc interpretable SincNet technique, which enables the detection of the spectral range of EMG used for the LLMIR task. An improved bottleneck block with shuffle attention is designed for deep feature extraction, which enhances model performance with only a little increase in complexity. The performance of IDB-EMGNet in both intra-subject and inter-subject scenarios is investigated, where the latter integrates the transfer learning technique. Specifically, by conducting model pre-training on source-domain subjects and transferring the learned knowledge to target-domain subjects, satisfactory performance can be achieved even with less computing resource. Experimental results on two publicly available datasets indicate that the proposed approach exhibits superior applicability to both normal subjects and knee-pathology patients, showing a promising prospect in the controller design of human-robot collaborative exoskeletons. {\textcopyright}2023 Elsevier Ltd","Deep learning,Dual-branch network,Exoskeleton (Robotics),Extraction,Feature extraction,Forecasting,Interpretable deep learning,Joint angle,Joint angle prediction,Joints (anatomy),Learning algorithms,Learning systems,Low limb motion recognition,Lower limb motion recognition,Lower-limb motion,Machine design,Motion estimation,Motion intention recognition,Motion recognition,Surface electromyography,Transfer learning",0.6893323,0.46167046,0.3568781,0.43999165,0.125,0.08333333333333333,0.1111111111111111,,,,
24,535,4,True,23,3,{Bag-of-concepts: Comprehending document representation through clustering words in distributed representation},"Kim, H K and Kim, H and Cho, S",2017,Neurocomputing,10.1016/j.neucom.2017.05.046 LK - https://unimib.on.worldcat.org/atoztitles/link?sid=EMBASE&sid=EMBASE&issn=18728286&id=doi:10.1016%2Fj.neucom.2017.05.046&atitle=Bag-of-concepts%3A+Comprehending+document+representation+through+clustering+words+in+distributed+representation&stitle=Neurocomputing&title=Neurocomputing&volume=266&issue=&spage=336&epage=352&aulast=Kim&aufirst=Han+Kyul&auinit=H.K.&aufull=Kim+H.K.&coden=NRCGE&isbn=&pages=336-352&date=2017&auinit1=H&auinitm=K,"Two document representation methods are mainly used in solving text mining problems. Known for its intuitive and simple interpretability, the bag-of-words method represents a document vector by its word frequencies. However, this method suffers from the curse of dimensionality, and fails to preserve accurate proximity information when the number of unique words increases. Furthermore, this method assumes every word to be independent, disregarding the impact of semantically similar words on preserving document proximity. On the other hand, doc2vec, a basic neural network model, creates low dimensional vectors that successfully preserve the proximity information. However, it loses the interpretability as meanings behind each feature are indescribable. This paper proposes the bag-of-concepts method as an alternative document representation method that overcomes the weaknesses of these two methods. This proposed method creates concepts through clustering word vectors generated from word2vec, and uses the frequencies of these concept clusters to represent document vectors. Through these data-driven concepts, the proposed method incorporates the impact of semantically similar words on preserving document proximity effectively. With appropriate weighting scheme such as concept frequency-inverse document frequency, the proposed method provides better document representation than previously suggested methods, and also offers intuitive interpretability behind the generated document vectors. Based on the proposed method, subsequently constructed text mining models, such as decision tree, can also provide interpretable and intuitive reasons on why certain collections of documents are different from others.","article,artificial neural network,classifier,controlled study,data mining,decision tree,measurement accuracy,priority journal,probability,qualitative analysis,quantitative analysis",0.67692673,0.52522993,0.41029012,0.47694927,0.125,0.08333333333333333,0.2222222222222222,,,,
24,2821,19,True,23,3,{Autoencoding variational inference for topic models},"Srivastava, A and Sutton, C",2017,,,"Topic models are one of the most popular methods for learning representations of text, but a major challenge is that any change to the topic model requires mathematically deriving a new inference algorithm. A promising approach to address this problem is autoencoding variational Bayes (AEVB), but it has proven difficult to apply to topic models in practice. We present what is to our knowledge the first effective AEVB based inference method for latent Dirichlet allocation (LDA), which we call Autoencoded Variational Inference For Topic Model (AVITM). This model tackles the problems caused for AEVB by the Dirichlet prior and by component collapsing. We find that AVITM matches traditional methods in accuracy with much better inference time. Indeed, because of the inference network, we find that it is unnecessary to pay the computational cost of running variational optimization on test data. Because AVITM is black box, it is readily applied to new topic models. As a dramatic illustration of this, we present a new topic model called ProdLDA, that replaces the mixture model in LDA with a product of experts. By changing only one line of code from LDA, we find that ProdLDA yields much more interpretable topics, even if LDA is trained via collapsed Gibbs sampling. {\textcopyright}ICLR 2019 - Conference Track Proceedings. All rights reserved.","Computational costs,Inference algorithm,Inference engines,Inference methods,Inference network,Latent dirichlet allocations,Product of experts,Statistics,Variational inference,Variational optimization",0.834342,0.6473689,0.2528417,0.39821678,0.125,0.08333333333333333,0.1111111111111111,,,,
24,3261,22,True,23,3,{Semi-supervised Semantic Visualization for Networked Documents},"Zhang, D C and Lauw, H W",2021,,10.1007/978-3-030-86523-8_46,"Semantic interpretability and visual expressivity are important objectives in exploratory analysis of text. On the one hand, while some documents may have explicit categories, we could develop a better understanding of a corpus by studying its finer-grained structures, which may be latent. By inferring latent topics and discovering keywords associated with each topic, one obtains a semantic interpretation of the corpus. One the other hand, by visualizing documents, latent topics, and category labels on the same plot, one gains a bird's eye view of the relationships among documents, topics, and various categories. Semantic visualization is a class of methods that unify both topic modeling and visualization. In this paper, we propose a novel semantic visualization model for networked documents that incorporates partial labels. We introduce coordinate-based label distribution and label-dependent topic distribution to visualize documents, topics, and labels in a semi-supervised way. We further derive three variants for singly-labeled, multi-labeled, and hierarchically-labeled documents. The focus on semi-supervision that employs variants of labeling structures is particularly novel. Experiments verify the efficacy of our model against baselines.",,0.7095916,0.5505747,0.36775756,0.45321608,0.125,0.0,0.1111111111111111,,,,
25,94,1,True,23,3,{SIAEF/PoE: Accountability of Earnestness for encoding subjective information in Blockchain},"Bui, H T and Hussain, O K and Prior, D and Hussain, F K and Saberi, M",2023,Knowledge-Based Systems,10.1016/j.knosys.2023.110501,"Blockchain technology has the potential to be applied widely in supply chain operations. One such area is proactive supply chain risk management (SCRM). In this area, existing researchers have highlighted the fraudulent behaviour of supply chain partners who do not disclose information on the risks that impact their operations. Blockchain can address this problem by encoding each partner's commitment to SCRM and achieve consensus. However, before this can be achieved, a key challenge to address is the inability of existing consensus mechanisms such as Proof of Work (PoW), Proof of Authority (PoA) and Proof of Stake (PoS) to deal with information that does not have a digital footprint. In this paper, we address this gap by proposing the Proof by Earnestness (PoE) consensus mechanism which accounts for the authenticity, legitimacy and trustworthiness of information that does not have a digital footprint. We also propose the Subjective Information Authenticity Earnestness Framework (SIAEF) as the overarching framework that assists PoE in achieving its aim. We test the applicability of SIAEF and PoE in a real-world blockchain environment by deploying it as a decentralized application (Dapp) and applying it in BscScan Testnet which is an official test blockchain network. {\textcopyright}2023 The Author(s)","Authentication,Block-chain,Blockchain,Consensus mechanism,Earnestness,Encoding (symbols),Encodings,Fraudulend behavior,Fraudulent behaviour,Proactive supply chain risk management,Risk management,Risks management,Signal encoding,Subjective information,Supply chain management,Supply chain operation,Supply chains,Supply-chain risks",0.7056799,0.44052896,0.3972572,0.47436288,0.125,0.08333333333333333,0.1111111111111111,,,,
25,1123,11,True,23,3,"{Enabling Seamless Data Security, Consensus, and Trading in Vehicular Networks}","Vieira, E and Almeida, J and Ferreira, J and Bartolomeu, P C",2024,IEEE Transactions on Intelligent Vehicles,10.1109/TIV.2024.3388247,"Cooperative driving is an emerging paradigm aimed at enhancing the safety and efficiency of autonomous vehicles. To ensure successful cooperation, road users must reach a consensus for making collective decisions, while recording vehicular data to analyze and address failures related to such agreements. This data has the potential to provide valuable insights into various vehicular events, while also potentially improving accountability measures. Furthermore, vehicles may benefit from the ability to negotiate and trade services among themselves, adding value to the cooperative driving framework. However, the majority of proposed systems aiming to ensure data security, consensus, or service trading, lack efficient and thoroughly validated mechanisms that consider the distinctive characteristics of vehicular networks. These limitations are amplified by a dependency on the centralized support provided by the infrastructure. Furthermore, corresponding mechanisms must diligently address security concerns, especially regarding potential malicious or misbehaving nodes, while also considering the inherent constraints of the wireless medium. We introduce the Verifiable Event Extension (VEE), an applicational extension designed for Intelligent Transportation System (ITS) messages. The VEE operates seamlessly with any existing standardized vehicular communications protocol, addressing crucial aspects of data security, consensus, and trading with minimal overhead. To achieve this, VEE comprises data associated with blockchain techniques, Byzantine fault tolerance (BFT) consensus protocols, and cryptocurrency-based mechanics. Using this mechanism, we piggyback new protocols on the existing ITS traffic, minimally impacting the vehicular network. To assess our proposal's feasibility and lightweight nature, we employed a hardware-in-the-loop setup for analysis. Experimental results demonstrate the viability and efficiency of the VEE extension in overcoming the challenges posed by the distributed and opportunistic nature of wireless vehicular communications.","Data security,Fault tolerance,Fault tolerant systems,Protocols,Roads,Wireless communication,Wireless sensor networks,applicational extension,blockchain,consensus,data security,fault-tolerance,trading,vehicular communications",0.5633482,0.3516767,0.3675869,0.41652724,0.125,0.08333333333333333,0.1111111111111111,,,,
25,1789,16,True,23,3,{A Policy-Oriented Architecture for Enforcing Consent in Solid},"Debackere, L and Colpaert, P and Taelman, R and Verborgh, R and ACM",2022,,10.1145/3487553.3524630,"The Solid project aims to restore end-users' control over their data by decoupling services and applications from data storage. To realize data governance by the user, the Solid Protocol 0.9 relies onWeb Access Control, which has limited expressivity and interpretability. In contrast, recent privacy and data protection regulations impose strict requirements on personal data processing applications and the scope of their operation. The Web Access Control mechanism lacks the granularity and contextual awareness needed to enforce these regulatory requirements. Therefore, we suggest a possible architecture for relating Solid's low-level technical access control rules with higher-level concepts such as the legal basis and purpose for data processing, the abstract types of information being processed, and the data sharing preferences of the data subject. Our architecture combines recent technical efforts by the Solid community panels with prior proposals made by researchers on the use of ODRL and SPECIAL policies as an extension to Solid's authorization mechanism. While our approach appears to avoid a number of pitfalls identified in previous research, further work is needed before it can be implemented and used in a practical setting.",,0.5569645,0.34769163,0.4993894,0.5137832,0.125,0.08333333333333333,0.0,,,,
26,133,1,True,23,3,{Automating crystal-structure phase mapping by combining deep learning with constraint reasoning},"Chen, D and Bai, Y and Ament, S and Zhao, W and Guevarra, D and Zhou, L and Selman, B and van Dover, R B and Gregoire, J M and Gomes, C P",2021,Nature Machine Intelligence,10.1038/s42256-021-00384-1,"Crystal-structure phase mapping is a core, long-standing challenge in materials science that requires identifying crystal phases, or mixtures thereof, in X-ray diffraction measurements of synthesized materials. Phase mapping algorithms have been developed that excel at solving systems with up to several unique phase mixtures, where each phase has a readily distinguishable diffraction pattern. However, phase mapping is often beyond materials scientists' capabilities and also poses challenges to state-of-the-art algorithms due to complexities such as the existence of dozens of phase mixtures, alloy-dependent variation in the diffraction patterns and multiple compositional degrees of freedom, creating a major bottleneck in high-throughput materials discovery. Here we show how to automate crystal-structure phase mapping. We formulate phase mapping as an unsupervised pattern demixing problem and describe how to solve it using deep reasoning networks (DRNets). DRNets combine deep learning with constraint reasoning for incorporating prior scientific knowledge and consequently require only a modest amount of (unlabelled) data. DRNets compensate for the limited data by exploiting and magnifying the rich prior knowledge about the thermodynamic rules governing the mixtures of crystals. DRNets are designed with an interpretable latent space for encoding prior-knowledge domain constraints and seamlessly integrate constraint reasoning into neural network optimization. DRNets surpass previous approaches on crystal-structure phase mapping, unravelling the Bi–Cu–V oxide phase diagram and aiding the discovery of solar fuels materials. {\textcopyright}2021, The Author(s), under exclusive licence to Springer Nature Limited.","Conformal mapping,Constraint reasoning,Crystal mixtures,Crystal phasis,Crystal structure,Crystals structures,Deep learning,Degrees of freedom (mechanics),Diffraction patterns,Interferometry,Material science,Mixtures,Phase mappings,Phase mixture,Prior-knowledge,Structures phase,X-ray diffraction measurements",0.6263478,0.44836327,0.38632584,0.44633132,0.125,0.3333333333333333,0.2222222222222222,,,,
26,1613,11,True,23,3,{Learning and Interpreting Potentials for Classical Hamiltonian Systems},"Bhat, H S",2020,,10.1007/978-3-030-43823-4_19,"We consider the problem of learning an interpretable potential energy function from a Hamiltonian system's trajectories. We address this problem for classical, separable Hamiltonian systems. Our approach first constructs a neural network model of the potential and then applies an equation discovery technique to extract from the neural potential a closed-form algebraic expression. We demonstrate this approach for several systems, including oscillators, a central force problem, and a problem of two charged particles in a classical Coulomb potential. Through these test problems, we show close agreement between learned neural potentials, the interpreted potentials we obtain after training, and the ground truth. In particular, for the central force problem, we show that our approach learns the correct effective potential, a reduced-order model of the system.",,0.59522486,0.42608428,0.4142121,0.4594653,0.125,0.0,0.2222222222222222,,,,
26,2842,18,True,23,3,{Bayesian Spline Learning for Equation Discovery of Nonlinear Dynamics with Quantified Uncertainty},"Sun, L and Huang, D Z and Sun, H and Wang, J X",2022,,,"Nonlinear dynamics are ubiquitous in science and engineering applications, but the physics of most complex systems is far from being fully understood. Discovering interpretable governing equations from measurement data can help us understand and predict the behavior of complex dynamic systems. Although extensive work has recently been done in this field, robustly distilling explicit model forms from very sparse data with considerable noise remains intractable. Moreover, quantifying and propagating the uncertainty of the identified system from noisy data is challenging, and relevant literature is still limited. To bridge this gap, we develop a novel Bayesian spline learning framework to identify parsimonious governing equations of nonlinear (spatio)temporal dynamics from sparse, noisy data with quantified uncertainty. The proposed method utilizes spline basis to handle the data scarcity and measurement noise, upon which a group of derivatives can be accurately computed to form a library of candidate model terms. The equation residuals are used to inform the spline learning in a Bayesian manner, where approximate Bayesian uncertainty calibration techniques are employed to approximate posterior distributions of the trainable parameters. To promote the sparsity, an iterative sequential-threshold Bayesian learning approach is developed, using the alternative direction optimization strategy to systematically approximate L0 sparsity constraints. The proposed algorithm is evaluated on multiple nonlinear dynamical systems governed by canonical ordinary and partial differential equations, and the merit/superiority of the proposed method is demonstrated by comparison with state-of-the-art methods.",,0.60446835,0.4327011,0.44859838,0.48756588,0.125,0.08333333333333333,0.0,,,,
27,654,6,True,22,3,{A convolutional spiking neural network with adaptive coding for motor imagery classification},"Liao, X J and Wu, Y L and Wang, Z and Wang, D H and Zhang, H M",2023,NEUROCOMPUTING,10.1016/j.neucom.2023.126470,"Motor imagery (MI) signal classification is crucial for brain-computer interfaces (BCI). The third-generation neural network, spiking neural network (SNN), has rich neurodynamic properties in the spa-tiotemporal domain, and therefore it is more suitable for processing EEG signals. However, the feature extraction capability of the SNN previously applied to MI signal classification is limited by its structure, and the model's classification accuracy is not comparable to the state-of-the-art algorithms. In this paper, we propose a spiking neural network model called SCNet, which combines the feature extraction capa-bility of CNN with the biological interpretability of SNN, making the model structurally closer to the bio-logical neuronal dynamical system and improving the classification accuracy. SCNet reduces information loss by adaptive coding with learnability and solves the training difficulties of spiking neural networks by surrogate gradient learning. We evaluated the performance of the proposed SCNet on three typically rep-resentative motor imagery datasets. The validation shows that the model outperforms state-of-the-art SNN-based MI classification methods and various ANN and machine learning methods. The experimental results demonstrate the generality and effectiveness of the proposed motor imagery EEG signal classifi-cation model. Better classification results can be obtained by designing a well-structured spiking neural network.& COPY; 2023 Elsevier B.V. All rights reserved.",,0.71403944,0.49412584,0.39184332,0.47239235,0.125,0.08333333333333333,0.2222222222222222,,,,
27,1173,11,True,22,3,{Spiking neural P systems with neuron permeability},"Wang, L and Liu, X and Han, Z and Zhao, Y",2024,Neurocomputing,10.1016/j.neucom.2024.127351 LK - https://unimib.on.worldcat.org/atoztitles/link?sid=EMBASE&sid=EMBASE&issn=18728286&id=doi:10.1016%2Fj.neucom.2024.127351&atitle=Spiking+neural+P+systems+with+neuron+permeability&stitle=Neurocomputing&title=Neurocomputing&volume=576&issue=&spage=&epage=&aulast=Wang&aufirst=Liping&auinit=L.&aufull=Wang+L.&coden=NRCGE&isbn=&pages=-&date=2024&auinit1=L&auinitm=,"Spiking neural P systems (SNP systems) are a class of distributed parallel and interpretable computing models developed in recent years, which are abstracted from the mechanism of spiking neurons and the nervous system. At present, the development of SNP variants has become a hot spot. To enhance the plasticity of SNP systems, inspired by the biological neural mechanism of the variable permeability of neurons, spiking neural P systems with neuron permeability (NP-SNP systems) are discovered and proposed as a novel variant of SNP systems. In NP-SNP systems, neurons have variable permeability directly related to membrane thickness. Membrane permeability changes with the change of membrane thickness. The proposed permeability spike rules are used to quantify changes in permeability. A specific NP-SNP system for generating arbitrary natural numbers is constructed. It is proved that the computing power of NP-SNP systems possesses Turing universality from number-generation, number-acceptance and computing functions. Devoted to the NP-complete problem, the NP-SNP system deterministically solves the Subset Sum problem in linear time. Compared with five variants, NP-SNP systems show advantages in less time steps and deterministic solutions.","article,artificial neural network,brain nerve cell,cell communication,cell membrane permeability,cell survival,comparative study,image processing,information processing,mathematical computing,nerve cell plasticity,postsynaptic potential,spiking neural network",0.6297846,0.43582013,0.341704,0.41372415,0.125,0.08333333333333333,0.2222222222222222,,,,
27,1854,14,True,22,3,{A time-resolved theory of information encoding in recurrent neural networks},"Engelken, R and Goedeke, S",2022,,,"Information encoding in neural circuits depends on how well time-varying stimuli are encoded by neural populations. Slow neuronal timescales, noise and network chaos can compromise reliable and rapid population response to external stimuli. A dynamic balance of externally incoming currents by strong recurrent inhibition was previously proposed as a mechanism to accurately and robustly encode a time-varying stimulus in balanced networks of binary neurons, but a theory for recurrent rate networks was missing. Here, we develop a non-stationary dynamic mean-field theory that transparently explains how a tight balance of excitatory currents by recurrent inhibition improves information encoding. We demonstrate that the mutual information rate of a time-varying input increases linearly with the tightness of balance, both in the presence of additive noise and with recurrently generated chaotic network fluctuations. We corroborated our findings in numerical experiments and demonstrated that recurrent networks with positive firing rates trained to transmit a time-varying stimulus generically use recurrent inhibition to increase the information rate. We also found that networks trained to transmit multiple independent time-varying signals spontaneously form multiple local inhibitory clusters, one for each input channel. Our findings suggest that feedforward excitatory input and local recurrent inhibition-as observed in many biological circuits-is a generic circuit motif for encoding and transmitting time-varying information in recurrent neural circuits. {\textcopyright}2022 Neural information processing systems foundation. All rights reserved.","'current,Additive noise,Binary neurons,Dynamic balance,Encoding (symbols),External stimulus,Information encoding,Mean field theory,Network coding,Neural circuits,Neural populations,Neurons,Recurrent neural networks,Time varying,Time varying networks,Time-resolved,Time-scales",0.6654473,0.46049926,0.43002415,0.48887992,0.125,0.08333333333333333,0.2222222222222222,,,,
28,1286,5,True,18,2,{Graph-based neural networks for explainable image privacy inference},"Yang, G and Cao, J and Chen, Z and Guo, J and Li, J",2020,Pattern Recognition,10.1016/j.patcog.2020.107360,"With the development of social media and smartphones, people share their daily lives via a large number of images, but the convince also raises a problem of privacy leakage. Therefore, effective methods are needed to infer the privacy risk of images and identify images that may disclose privacy. Several works have tried to solve this problem with deep learning models. However, we know little about how the models infer the privacy label of an image, thus it is not easy to understand why the image may disclose privacy. Inspired by recent research on graph neural networks, we introduce prior knowledge to the deep models to make the inference more explainable. We propose the Graph-based neural networks for Image Privacy (GIP) to infer the privacy risk of images. The GIP mainly focuses on objects in an image, and the knowledge graph is extracted from the objects in the dataset without reliance on extra knowledge. Experimental results show that the GIP achieves higher performance compared with the object-based methods and comparable performance even compared with the multi-modal fusion method. The results show that the introduction of the knowledge graph not only makes the deep model more explainable but also makes better use of the information of objects provided by the images. Combing the knowledge graph with deep learning is a promising way to help protect image privacy that is worth exploring. {\textcopyright}2020","Deep learning,Graph neural networks,Graphic methods,Image classification,Image privacy protection,Knowledge graphs,Knowledge representation,Learning models,Multi-modal fusion,Neural networks,Object-based methods,Prior knowledge,Problem of privacy,Recent researches",0.70136464,0.5064791,0.26695156,0.37555483,0.125,0.08333333333333333,0.2222222222222222,,,,
28,2378,12,True,18,2,{Contribution-Aware Federated Learning for Smart Healthcare},"Liu, Z L and Chen, Y Y and Zhao, Y S and Yu, H and Liu, Y and Bao, R Y and Jiang, J P and Nie, Z Q and Xu, Q and Yang, Q and Intelligence, Assoc Advancement Artificial",2022,,,"Artificial intelligence (AI) is a promising technology to transform the healthcare industry. Due to the highly sensitive nature of patient data, federated learning (FL) is often leveraged to build models for smart healthcare applications. Existing deployed FL frameworks cannot address the key issues of varying data quality and heterogeneous data distributions across multiple institutions in this sector. In this paper, we report our experience developing and deploying the Contribution-Aware Federated Learning (CAreFL) framework for smart healthcare. It provides fair and explainable FL participant contribution evaluation in an efficient and privacy preserving manner, and optimizes the FL model aggregation approach based on the evaluation results. Since its deployment in Yidu Cloud Technology Inc. in March 2021, CAreFL has served 8 well-established medical institutions in China to build healthcare decision support models. It can perform contribution evaluations 2.84 times faster than the best existing approach, and has improved the average accuracy of the resulting models by 2.62% compared to the previous system (which is significant in industrial settings). To our knowledge, it is the first contribution-aware federated learning successfully deployed in the healthcare industry.",,0.7386379,0.5333954,0.31004608,0.41719404,0.125,0.08333333333333333,0.0,,,,
29,30,0,True,17,2,{Reliable deep learning framework for the ground penetrating radar data to locate the horizontal variation in levee soil compaction},"Alzubaidi, L and Chlaib, H K and Fadhel, M A and Chen, Y and Bai, J and Albahri, A S and Gu, Y",2024,Engineering Applications of Artificial Intelligence,10.1016/j.engappai.2023.107627,"The degree of compaction in the levee building materials is a crucial factor that affects the piping phenomena. The density and compaction of the soil strata determine the structural soundness of the levee. Segments with reduced density or compaction can become weak spots during floods. To assess part of the Helena levee (2,500 m) in Arkansas (AR), the United States, an extensive ground-penetrating radar (GPR) fieldwork was conducted. This reliable method will undoubtedly improve the assessment procedure of the levee structure by identifying the weak spots within the structure that result from poor compaction of the levee core layers in a short time with high accuracy. However, interpreting the GPR data can be challenging and requires specialised knowledge. Obtaining meaningful insights typically involves a time-consuming process of extensive manual processing and visual inspection. To address this issue, this article proposes a novel, reliable deep-feature fusion framework for GPR data to identify horizontal variation in the soil compaction of a levee. To address data scarcity, a new type of transfer learning in the same domain is adopted, and four deep learning models (Xception, Inception, EfficientNet and MobileNet) are used to extract features. The combined features are then used to train and test five machine learning classifiers (Neural Network, Support Vector Machine, K-Nearest Neighbour, Logistic Regression, and Naive Bayes). The best combination of deep Learning and machine learning is four models with the neural network classifier which achieved the highest results by obtaining an accuracy of 98.2%, an F1 score of 97.6%, and an area under the curve of 99.9%. The proposed framework faced an additional challenge when subjected to an unseen dataset of 1,511 images reserved primarily for testing. Remarkably, it achieved an accuracy rate of 95.7% with the neural network classifier. This article presents a new research direction that has substantial potential in various domains, including civil engineering, the petroleum sector, road safety, agriculture, and more. {\textcopyright}2023 The Author(s)","Compaction,Deep learning,Explainability,Feature fusion,Features fusions,Geological surveys,Geophysical prospecting,Ground Penetrating Radar,Ground penetrating radar,Ground penetrating radar systems,Horizontal variation,Learning systems,Levees,Machine-learning,Nearest neighbor search,Radar data,Soil compaction,Soil testing,Soils,Statistical tests,Support vector machines,Transfer learning,Transfer learning (TL)",0.60638404,0.43029964,0.41084707,0.4597313,0.125,0.08333333333333333,0.3333333333333333,,,,
29,906,10,True,17,2,{Interpretable data-driven framework for life prediction of homogenous lead-free solder joints in ball grid array packages},"Qasaimeh, Q and Liu, J and Silva, D F and Qasaimeh, A and Evans, J L and Hamasha, S",2025,Journal of Intelligent Manufacturing,10.1007/s10845-025-02564-x,"Designing reliable electronic devices depends heavily on the reliability of solder joints. However, due to the ongoing advancement of novel lead-free solder materials, assessing their reliability for various applications, particularly in extreme conditions, often involves costly and time-consuming tests. Multiple factors, including board, package, assembly parameters, solder material properties, and process parameters, all affect the reliability of solder joints. Leveraging the available reliability test data as well as the simulated data, an interpretable data-driven framework is proposed by integrating linear mixed-effects (LME) models and artificial neural network (ANN) with sensitivity analysis to achieve accurate life predictions of solder materials and improve interpretability for understanding new lead-free materials. Multiple linear regression (MLR) and decision tree (DT) models have also been included for comparison. For thermal cycling (TC) tests, ANN, LME, and MLR achieve high prediction accuracy (R-squared values of 88.95%, 91.79%, and 90.07%, respectively), which are approximately 10%, 14%, and 13% higher than DT. Moreover, the interpretation derived from the random effects of LME and the sensitivity analysis of ANN, along with the insights from MLR and DT, successfully extract valuable information about the life of solder materials, which aligns with experimental testing results and empirical physics knowledge. For instance, it is found that the impact of aging duration on reliability depends on the configuration of the tested electronic package. Furthermore, as the temperature range of the TC test increases, the significance of the solder alloy material's influence on reliability decreases. This reduction in relevance is associated with a transition to the failure mode under more extreme temperature conditions. Therefore, the interpretable data-driven framework not only models the complex relationships among influencing factors and solder joint reliability but also enables understanding the solder joint reliability. This framework can contribute to accelerating the design and adoption of new lead-free solder materials in various electronic applications and utilizing data-driven models to assess the reliability of electronic packages in future research. {\textcopyright}The Author(s) 2025.","Artificial neural network,Crystal oscillators,Data driven,Failure modes,Interpretability,Lasers,Life predictions,Linear mixed-effects model,Machine learning,Machine-learning,Multiple linear regression,Multiple linear regressions,Neural-networks,Rectangular waveguides,Reliability,Signal receivers,Solder joints,Solder material,Soldering alloys,Thermal cycling,Thermal-cycling",0.681182,0.48337746,0.32837856,0.41657943,0.125,0.16666666666666666,0.2222222222222222,,,,
30,1210,2,True,17,2,{Scale-variant structural feature construction of EEG stream via component-increased Dynamic Tensor Decomposition},"Wei, S and Tang, Y B and Gao, T F and Wang, Y D and Wang, F and Cheng, D",2024,KNOWLEDGE-BASED SYSTEMS,10.1016/j.knosys.2024.111747,"The capability of constructing structural features of EEG stream has long been pursued to track the events and abnormalities correlating multiple data domains in a variant time scale, thus their evolution and/or causality may be better interpreted in connection with the EEG monitoring scenarios. However, how to adapt to the increasingly uncertain complexity of an up -scaling EEG tensor still remains an open issue in the derivation of the feature factors. This study then develops a framework of Component -Increased Dynamic Tensor Decomposition for this task (namely CIDTD ), which centers on an algorithm fusing existing feature factors and the features of the increment at each examination point: (1) complementing missing feature factors (increase in rank ), and (2) optimizing temporal factor matrix and non -temporal factor matrices alternately based on the increment regulated by factor matrices of other modes. Benchmark experiments have been conducted to validate CIDTD 's ability to handle variable -length incremental windows during one single trial. In terms of performance, the results demonstrate that CIDTD outperforms its counterparts by achieving up to a 6.51% improvement in fitness and faster average runtime per examination point compared to state-of-theart algorithms. A case study on the CHB-MIT dataset shows that the feature factors constructed by CIDTD can better characterize the epileptic EEG dynamics than counterparts do, in particular with emerging abnormalities well captured by new feature factors in an up -scaled examination. Overall, the proposed solution excels in (1) supporting general streaming tensor decomposition when rank has to increase and (2) capturing abnormalities in EEG streams with high accuracy, robustness, and interpretability.",,0.65040904,0.49664918,0.46911007,0.5144348,0.125,0.0,0.1111111111111111,,,,
30,2470,7,True,17,2,{Temporal Graph Signal Decomposition},"McNeil, M J and Zhang, L and Bogdanov, P",2021,,10.1145/3447548.3467379,"Temporal graph signals are multivariate time series with individual components associated with nodes of a fixed graph structure. Data of this kind arises in many domains including activity of social network users, sensor network readings over time, and time course gene expression within the interaction network of a model organism. Traditional matrix decomposition methods applied to such data fall short of exploiting structural regularities encoded in the underlying graph and also in the temporal patterns of the signal. How can we take into account such structure to obtain a succinct and interpretable representation of temporal graph signals? We propose a general, dictionary-based framework for temporal graph signal decomposition (TGSD). The key idea is to learn a low-rank, joint encoding of the data via a combination of graph and time dictionaries. We propose a highly scalable decomposition algorithm for both complete and incomplete data, and demonstrate its advantage for matrix decomposition, imputation of missing values, temporal interpolation, clustering, period estimation, and rank estimation in synthetic and real-world data ranging from traffic patterns to social media activity. Our framework achieves 28% reduction in RMSE compared to baselines for temporal interpolation when as many as 75% of the observations are missing. It scales best among baselines taking under 20 seconds on 3.5 million data points and produces the most parsimonious models. To the best of our knowledge, TGSD is the first framework to jointly model graph signals by temporal and graph dictionaries. {\textcopyright}2021 ACM.","Data mining,Decomposition algorithm,Gene expression,Graph structures,Imputation of missing values,Individual components,Interpolation,Interpretable representation,Learning to rank,Matrix algebra,Multivariate time series,Sensor networks,Signal decomposition,Signal distortion,Signal processing,Structural regularity,Temporal interpolation,dictionary coding,graph mining,interpolation,periodicity detection,signal processing,sparse decomposition,time series",0.6308361,0.48170337,0.36337566,0.43024078,0.125,0.08333333333333333,0.1111111111111111,,,,
31,2481,7,True,16,2,{Certifying Robustness to Programmable Data Bias in Decision Trees},"Meyer, A P and Albarghouthi, A and D'Antoni, L",2021,,,"Datasets can be biased due to societal inequities, human biases, underrepresentation of minorities, etc. Our goal is to certify that models produced by a learning algorithm are pointwise-robust to potential dataset biases. This is a challenging problem: it entails learning models for a large, or even infinite, number of datasets, ensuring that they all produce the same prediction. We focus on decision-tree learning due to the interpretable nature of the models. Our approach allows programmatically specifying bias models across a variety of dimensions (e.g., missing data for minorities), composing types of bias, and targeting bias towards a specific group. To certify robustness, we use a novel symbolic technique to evaluate a decision-tree learner on a large, or infinite, number of datasets, certifying that each and every dataset produces the same prediction for a specific test point. We evaluate our approach on datasets that are commonly used in the fairness literature, and demonstrate our approach's viability on a range of bias models.",,0.8257842,0.6140348,0.25330484,0.39642468,0.125,0.16666666666666666,0.0,,,,
31,2940,15,True,16,2,{Robust Optimal Classification Trees against Adversarial Examples},"Vos, D and Verwer, S",2022,,10.1609/aaai.v36i8.20829,"Decision trees are a popular choice of explainable model, but just like neural networks, they suffer from adversarial examples. Existing algorithms for fitting decision trees robustly against adversarial examples are greedy heuristics and lack approximation guarantees. In this paper we propose ROCT, a collection of methods to train decision trees that are optimally robust against user-specified attack models. We show that the min-max optimization problem that arises in adversarial learning can be solved using a single minimization formulation for decision trees with 0-1 loss. We propose such formulations in Mixed-Integer Linear Programming and Maximum Satisfiability, which widely available solvers can optimize. We also present a method that determines the upper bound on adversarial accuracy for any model using bipartite matching. Our experimental results demonstrate that the existing heuristics achieve close to optimal scores while ROCT achieves state-of-the-art scores. Copyright {\textcopyright}2022, Association for the Advancement of Artificial Intelligence (www.aaai.org). All rights reserved.","Adversarial learning,Approximation algorithms,Artificial intelligence,Attack modeling,Classification trees,Decision trees,Greedy heuristics,Integer programming,Min-max optimization,Minimisation,Mixed integer linear,Neural-networks,Optimal classification,Optimization problems",0.72258335,0.53729695,0.31391543,0.4160824,0.125,0.08333333333333333,0.2222222222222222,,,,
32,1387,7,True,16,2,{A method of constructing a fine-grained sentiment lexicon for the humanities computing of classical chinese poetry},"Zhang, W and Wang, H and Song, M and Deng, S H",2023,NEURAL COMPUTING & APPLICATIONS,10.1007/s00521-022-07690-8,"In Chinese classics, the sentiment attitudes or thoughts of the ancients regarding specific environments, people, and events were generally expressed in the form of poetry. Compared with previous attempts to classify the polarity of poetry, sentiment terms can be used to detect more fine-grained humanity knowledge in literary information resources. However, the existing techniques of domain sentiment lexicon construction fail to take full advantage of deep learning and linguistic knowledge, which cannot ensure the term integrity and accuracy. To this end, this work proposes a novel approach for the construction of a sentiment lexicon via the combination of supervised sentiment term extraction and classification, aiming at incorporating multi-dimensional linguistic knowledge into a two-phase deep learning model. A character-sequence labeling model for term extraction is first constructed by fusing the emotion radical features of Chinese characters, and term embedding augmentation via word knowledge is then carried out to classify the extracted terms. Experiments on Chinese poetry and its appreciation texts validate the superiority of the proposed method, and the model incorporating linguistic knowledge is found to outperform the benchmark models in different metrics. A fine-grained sentiment lexicon with two first classes, five-second classes, 15 third classes, and 14,368 domain terms and unregistered terms is constructed via hierarchical term classification, thereby contributing to the advancement of the interpretability of the humanities computing of classical Chinese poetry.",,0.7578398,0.5896246,0.32334894,0.43197167,0.125,0.08333333333333333,0.0,,,,
32,2774,12,True,16,2,{A Simple and Effective Self-Supervised Contrastive Learning Framework for Aspect Detection},"Shi, T and Li, L Q and Wang, P and Reddy, C K and Intelligence, Assoc Advancement Artificial",2021,,,"Unsupervised aspect detection (UAD) aims at automatically extracting interpretable aspects and identifying aspect-specific segments (such as sentences) from online reviews. However, recent deep learning based topic models, specifically aspect-based autoencoder, suffer from several problems such as extracting noisy aspects and poorly mapping aspects discovered by models to the aspects of interest. To tackle these challenges, in this paper, we first propose a self-supervised contrastive learning framework and an attention-based model equipped with a novel smooth self-attention (SSA) module for the UAD task in order to learn better representations for aspects and review segments. Secondly, we introduce a high-resolution selective mapping (HRSMap) method to efficiently assign aspects discovered by the model to the aspects of interest. We also propose using a knowledge distillation technique to further improve the aspect detection performance. Our methods outperform several recent unsupervised and weakly supervised approaches on publicly available benchmark user review datasets. Aspect interpretation results show that extracted aspects are meaningful, have a good coverage, and can be easily mapped to aspects of interest. Ablation studies and attention weight visualization also demonstrate effectiveness of SSA and the knowledge distillation method.",,0.7854077,0.6110734,0.2683884,0.3976432,0.125,0.08333333333333333,0.0,,,,
33,561,3,True,15,2,{Attention with kernels for EEG-based emotion classification},"Kuang, D Y and Michoski, C",2024,NEURAL COMPUTING & APPLICATIONS,10.1007/s00521-023-09344-9,"A kernel attention module (KAM) is presented for the task of EEG-based emotion classification using neural network based models. In this study, it is shown that the KAM method can lead to more efficient and accurate models using only a single parameter design. This additional parameter can be leveraged as an interpretable scalar quantity for examining the overall amount of attention needed during deep feature refinement. Extensive experiments are analyzed on both the SEED and DEAP datasets to demonstrate the module's performance on subject-dependent classification tasks. From these benchmark studies, it is shown that KAM is able to boost the backbone model's mean prediction accuracy by more than 3% on some subjects and up to more than 1%, on average, across 15 subjects in the SEED dataset for subject dependent tasks. In the DEAP dataset, the improvement is more significant by achieving greater than 3% improvement in the overall mean accuracy versus the no-attention case, and more than 1-2% when benchmarked against various other state-of-the-art attention modules. In addition, the predictive dependencies of KAM with respect to its single parameter is numerically examined up to first order. Accompanying analyzes and visualization techniques are also proposed for interpreting the KAM attention module's effects, and interaction with the backbone model's predictive behaviors. These quantitative results can be explored in greater depth to identify correlations with pertinent clinical neuroscientific observations. Finally, a formal mathematical proof of KAM's permutation equivariance property is included.","Accurate modeling,Classification (of information),EEG,Emotion classification,Kernel attention,Module method,Network-based modeling,Neural-networks,Neurophysiology,Parameter designs,Parameter efficient model,Permutation equivariant,Sensitivity analysis,Single parameter",0.72515815,0.52754426,0.3692217,0.45820582,0.125,0.08333333333333333,0.2222222222222222,,,,
33,2274,9,True,15,2,{Multimodal Data Fusion with Quantum Inspiration},"Li, Q C and ACM",2019,,10.1145/3331184.3331419,"Language understanding is multimodal. During human communication, messages are conveyed not only by words in textual form, but also through speech patterns, gestures or facial emotions of the speakers. Therefore, it is crucial to fuse information from different modalities to achieve a joint comprehension. With the rapid progress in the deep learning field, neural networks have emerged as the most popular approach for addressing multimodal data fusion [1, 6, 7, 12]. While these models can effectively combine multimodal features by learning from data, they nevertheless lack an explicit exhibition of how different modalities are related to each other, due to the inherent low interpretability of neural networks [2]. In the meantime, Quantum Theory (QT) has given rise to principled approaches for incorporating interactions between textual features into a holistic textual representation [3, 5, 8, 10], where the concepts of superposition and entanglement have been universally exploited to formulate interactions. The advantages of those models in capturing complicated correlations between textual features have been observed. We hereby propose the research on quantum-inspired multimodal data fusion, claiming that the limitation of multimodal data fusion can be tackled by quantum-driven models. In particular, we propose to employ superposition to formulate intra-modal interactions while the interplay between different modalities is expected to be captured by entanglement measures. By doing so, the interactions within multimodal data may be rendered explicitly in a unified quantum formalism, increasing the performance and interpretability for concrete multimodal tasks. It will also expand the application domains of quantum theory to multimodal tasks where only preliminary efforts have been made [11]. We therefore aim at answering the following research question: RQ. Can we fuse multimodal data with quantum-inspired models? To answer this question, we propose to fuse multimodal data with complex-valued neural networks, motivated by the theoretical link between neural networks and quantum theory [4] and advances in complex-valued neural networks [9]. Our model begins with a separate complex-valued embedding learned for each unimodal data based on the existing works [5, 10], which inherently assumes superposition between intra-modal features. Then we construct a many-body system in entangled state for multimodal data, where cross-modality interactions are naturally reflected by entanglement measures. Quantum measurement operators are applied to the entanglement state to address a concrete multimodal task at hand. The whole process is instrumented by a complex-valued neural network, which is able to learn how multimodal features are combined from data, and at the same time explain the combination by means of quantum superposition and entanglement measures. We plan to examine our proposed models on CMU-MOSI [12] and CMU-MOSEI [1], which are benchmarking multimodal sentiment analysis datasets. The dataset targets at classifying sentiment into 2, 5 or 7 classes with the input of textual, visual and acoustic features. We expect to see comparable effectiveness to state-of-the-art models, and we will explore superposition and entanglement measures to better understand the inter-modal interactions.",,0.66987467,0.4873262,0.3573469,0.43547884,0.125,0.08333333333333333,0.2222222222222222,,,,
34,1087,8,True,15,2,{IM-ECG: An interpretable framework for arrhythmia detection using multi-lead ECG},"Tao, R and Wang, L and Xiong, Y and Zeng, Y.-R.",2024,Expert Systems with Applications,10.1016/j.eswa.2023.121497,"Multi-lead electrocardiogram (ECG) is a fundamental and reliable diagnostic tool for the detection of heart arrhythmias. An increasing number of deep neural network models have been proposed for automatic arrhythmia detection using multi-lead ECGs. However, most of the existing models focus on intra-lead features while neglecting the inter-lead ones and fail to explain the reasons behind decisions due to their black-box nature. To address these challenges, we propose an interpretable multi-lead ECG detection framework that tackles these limitations in two key areas. First, a flexible double-kernel residual block (DKR-block) is proposed to effectively extract inter-lead and intra-lead features. In addition, a new two-dimensional ECG classification model is built based on the DKR-block for accurate arrhythmia detection. Second, a visualization method based on gradient-weighted class activation mapping is used to visualize the indicative features of the model's decisions. The proposed model achieves an AUCmacro of 0.929 on the PTB-XL data, a F1micro of 0.932 on the HFECGIC dataset, and an F1macro of 0.989 on the LUDB dataset. The results show that the proposed model outperforms several state-of-the-art methods, and the visualization features of its classification decision are consistent with the medical background knowledge. {\textcopyright}2023 Elsevier Ltd","Arrhythmia detection,Black boxes,Chemical detection,Deep neural networks,Detection framework,Diagnostics tools,Diseases,Electrocardiograms,Heart arrhythmias,Interpretability,Interpretability deep learning,Multi-lead electrocardiogram,Multi-led ECG,Neural network model,Visualization",0.8357507,0.66325796,0.26007712,0.4039955,0.125,0.08333333333333333,0.2222222222222222,,,,
34,1172,9,True,15,2,{Automated detection of myocardial infarction based on an improved state refinement module for LSTM/GRU},"Wang, J and Guo, X",2024,Artificial Intelligence in Medicine,10.1016/j.artmed.2024.102865 LK - https://unimib.on.worldcat.org/atoztitles/link?sid=EMBASE&sid=EMBASE&issn=18732860&id=doi:10.1016%2Fj.artmed.2024.102865&atitle=Automated+detection+of+myocardial+infarction+based+on+an+improved+state+refinement+module+for+LSTM%2FGRU&stitle=Artif.+Intell.+Med.&title=Artificial+Intelligence+in+Medicine&volume=152&issue=&spage=&epage=&aulast=Wang&aufirst=Jibin&auinit=J.&aufull=Wang+J.&coden=AIMEE&isbn=&pages=-&date=2024&auinit1=J&auinitm=,"Myocardial infarction (MI) is a common cardiovascular disease caused by the blockages of coronary arteries. The visual inspection of electrocardiogram (ECG) is the main diagnosis pattern, while it is taxing and time-consuming. Motivated from state refinement module for long short term memory (SRM-LSTM), we proposed two improved state refinement frameworks based on LSTM and gated recurrent unit (GRU) called ISRM-LSTM and ISRM-GRU. Both are capable of adaptively refining current states of sample points in ECG with a message passing mechanism than existing LSTM. To evaluate the validity, both are installed into convolutional network architecture and standard LSTM, GRU and Residual networks are employed as control groups across the Physikalisch-Technische Bundesanstalt database. Empirical results confirm noticeable performance improvements than control groups and several existing algorithms with an accuracy of 99.1%. To our knowledge, both modules are the first attempt to consider the interaction characteristics into deep network and improve interpretability exhibiting considerable potentials on lightweight devices thanks to only utilization of three channel ECGs.","algorithm,article,automation,controlled study,convolutional neural network,diagnostic accuracy,electrocardiograph,electrocardiography,gated recurrent unit network,heart infarction,human,improved state refinement module,learning curve,long short term memory network,major clinical study,portable equipment,recurrent neural network,sensitivity and specificity,validity,wavelet transform",0.71268725,0.5655939,0.4064095,0.48297894,0.125,0.08333333333333333,0.2222222222222222,,,,
35,2813,13,True,15,2,{Imputing Various Incomplete Attributes via Distance Likelihood Maximization},"Song, S X and Sun, Y and MACHINERY, ASSOC COMP",2020,,10.1145/3394486.3403096,"Missing values may appear in various attributes. By ""various"", we mean (1) different types of values in a tuple, such as numerical or categorical, and (2) different attributes in a tuple, either the dependent or determinant attributes of regression models or dependency rules. Such varieties unfortunately prevent the imputation performing. In this paper, we propose to study the distance models that predict distances between tuples for missing data imputation. The immediate benefits are in two aspects, (1) uniformly processing and collaboratively utilizing the distances on all the attributes with various types of values, and (2) rather than enumerating the combinations of imputation candidates on various attributes, we can directly calculate the most likely distances of missing values to other complete ones and thus infer the corresponding imputations. Our major technical highlights include (1) introducing the imputation statistically explainable by the likelihood on distances, (2) proving NP-hardness of finding the maximum likelihood imputation, and (3) devising the approximation algorithm with performance guarantees. Experiments over datasets with real missing values demonstrate the superiority of the proposed method compared to 11 existing approaches in 5 categories. Our proposal improves not only the imputation accuracy but also the downstream applications such as classification, clustering and record matching.",,0.50970924,0.37484866,0.4614073,0.4734828,0.125,0.08333333333333333,0.0,,,,
35,3150,14,True,15,2,{Incorporating interpretable output constraints in Bayesian neural networks},"Yang, W and Lorch, L and Graule, M A and Lakkaraju, H and Doshi-Velez, F",2020,,,"Domains where supervised models are deployed often come with task-specific constraints, such as prior expert knowledge on the ground-truth function, or desiderata like safety and fairness. We introduce a novel probabilistic framework for reasoning with such constraints and formulate a prior that enables us to effectively incorporate them into Bayesian neural networks (BNNs), including a variant that can be amortized over tasks. The resulting Output-Constrained BNN (OC-BNN) is fully consistent with the Bayesian framework for uncertainty quantification and is amenable to black-box inference. Unlike typical BNN inference in uninterpretable parameter space, OC-BNNs widen the range of functional knowledge that can be incorporated, especially for model users without expertise in machine learning. We demonstrate the efficacy of OC-BNNs on real-world datasets, spanning multiple domains such as healthcare, criminal justice, and credit scoring. {\textcopyright}2020 Neural information processing systems foundation. All rights reserved.","Bayesian frameworks,Bayesian networks,Bayesian neural networks,Criminal justice,Expert knowledge,Neural networks,Parameter spaces,Probabilistic framework,Real-world datasets,Uncertainty quantifications",0.71148217,0.52323574,0.39205992,0.47191548,0.125,0.25,0.2222222222222222,,,,
